page,url,ss,source_query,URL_STRUCTURE_PASS,WANDROZ_QUERY_MATCH,BOOKING_DESTINATION_VERIFIED,AFFILIATE_ATTRIBUTION_VERIFIED,destination_class,notes
amsterdam/aetsveld-oostelijke-vechtoever,https://www.booking.com/searchresults.html?ss=Aetsveld/Oostelijke%20Vechtoever%2C%20Amsterdam%2C%20Netherlands,"Aetsveld/Oostelijke Vechtoever, Amsterdam, Netherlands","Aetsveld/Oostelijke Vechtoever, Amsterdam, Netherlands",PASS,PASS,MANUAL_VERIFICATION_REQUIRED,NOT_ATTRIBUTED_BY_CURRENT_CODE,UNVERIFIED,
amsterdam/amstel-iii-bullewijk,https://www.booking.com/searchresults.html?ss=Amstel%20III/Bullewijk%2C%20Amsterdam%2C%20Netherlands,"Amstel III/Bullewijk, Amsterdam, Netherlands","Amstel III/Bullewijk, Amsterdam, Netherlands",PASS,PASS,MANUAL_VERIFICATION_REQUIRED,NOT_ATTRIBUTED_BY_CURRENT_CODE,UNVERIFIED,
amsterdam/amsterdamse-poort-e-o,https://www.booking.com/searchresults.html?ss=Amsterdamse%20Poort%20e.o.%2C%20Amsterdam%2C%20Netherlands,"Amsterdamse Poort e.o., Amsterdam, Netherlands","Amsterdamse Poort e.o., Amsterdam, Netherlands",PASS,PASS,MANUAL_VERIFICATION_REQUIRED,NOT_ATTRIBUTED_BY_CURRENT_CODE,UNVERIFIED,
amsterdam/apollobuurt,https://www.booking.com/searchresults.html?ss=Apollobuurt%2C%20Amsterdam%2C%20Netherlands,"Apollobuurt, Amsterdam, Netherlands","Apollobuurt, Amsterdam, Netherlands",PASS,PASS,MANUAL_VERIFICATION_REQUIRED,NOT_ATTRIBUTED_BY_CURRENT_CODE,UNVERIFIED,
amsterdam/banne-buiksloot,https://www.booking.com/searchresults.html?ss=Banne%20Buiksloot%2C%20Amsterdam%2C%20Netherlands,"Banne Buiksloot, Amsterdam, Netherlands","Banne Buiksloot, Amsterdam, Netherlands",PASS,PASS,MANUAL_VERIFICATION_REQUIRED,NOT_ATTRIBUTED_BY_CURRENT_CODE,UNVERIFIED,
amsterdam/bellamybuurt,https://www.booking.com/searchresults.html?ss=Bellamybuurt%2C%20Amsterdam%2C%20Netherlands,"Bellamybuurt, Amsterdam, Netherlands","Bellamybuurt, Amsterdam, Netherlands",PASS,PASS,MANUAL_VERIFICATION_REQUIRED,NOT_ATTRIBUTED_BY_CURRENT_CODE,UNVERIFIED,
amsterdam/betondorp,https://www.booking.com/searchresults.html?ss=Betondorp%2C%20Amsterdam%2C%20Netherlands,"Betondorp, Amsterdam, Netherlands","Betondorp, Amsterdam, Netherlands",PASS,PASS,MANUAL_VERIFICATION_REQUIRED,NOT_ATTRIBUTED_BY_CURRENT_CODE,UNVERIFIED,
amsterdam/bijlmermuseum,https://www.booking.com/searchresults.html?ss=Bijlmermuseum%2C%20Amsterdam%2C%20Netherlands,"Bijlmermuseum, Amsterdam, Netherlands","Bijlmermuseum, Amsterdam, Netherlands",PASS,PASS,MANUAL_VERIFICATION_REQUIRED,NOT_ATTRIBUTED_BY_CURRENT_CODE,UNVERIFIED,
amsterdam/bloemendalerpolder,https://www.booking.com/searchresults.html?ss=Bloemendalerpolder%2C%20Amsterdam%2C%20Netherlands,"Bloemendalerpolder, Amsterdam, Netherlands","Bloemendalerpolder, Amsterdam, Netherlands",PASS,PASS,MANUAL_VERIFICATION_REQUIRED,NOT_ATTRIBUTED_BY_CURRENT_CODE,UNVERIFIED,
amsterdam/buikslotermeer,https://www.booking.com/searchresults.html?ss=Buikslotermeer%2C%20Amsterdam%2C%20Netherlands,"Buikslotermeer, Amsterdam, Netherlands","Buikslotermeer, Amsterdam, Netherlands",PASS,PASS,MANUAL_VERIFICATION_REQUIRED,NOT_ATTRIBUTED_BY_CURRENT_CODE,UNVERIFIED,
amsterdam/buitenveldert-oost,https://www.booking.com/searchresults.html?ss=Buitenveldert-Oost%2C%20Amsterdam%2C%20Netherlands,"Buitenveldert-Oost, Amsterdam, Netherlands","Buitenveldert-Oost, Amsterdam, Netherlands",PASS,PASS,MANUAL_VERIFICATION_REQUIRED,NOT_ATTRIBUTED_BY_CURRENT_CODE,UNVERIFIED,
amsterdam/buitenveldert-west,https://www.booking.com/searchresults.html?ss=Buitenveldert-West%2C%20Amsterdam%2C%20Netherlands,"Buitenveldert-West, Amsterdam, Netherlands","Buitenveldert-West, Amsterdam, Netherlands",PASS,PASS,MANUAL_VERIFICATION_REQUIRED,NOT_ATTRIBUTED_BY_CURRENT_CODE,UNVERIFIED,
amsterdam/burgwallen-nieuwe-zijde,https://www.booking.com/searchresults.html?ss=Burgwallen-Nieuwe%20Zijde%2C%20Amsterdam%2C%20Netherlands,"Burgwallen-Nieuwe Zijde, Amsterdam, Netherlands","Burgwallen-Nieuwe Zijde, Amsterdam, Netherlands",PASS,PASS,MANUAL_VERIFICATION_REQUIRED,NOT_ATTRIBUTED_BY_CURRENT_CODE,UNVERIFIED,
amsterdam/burgwallen-oude-zijde,https://www.booking.com/searchresults.html?ss=Burgwallen-Oude%20Zijde%2C%20Amsterdam%2C%20Netherlands,"Burgwallen-Oude Zijde, Amsterdam, Netherlands","Burgwallen-Oude Zijde, Amsterdam, Netherlands",PASS,PASS,MANUAL_VERIFICATION_REQUIRED,NOT_ATTRIBUTED_BY_CURRENT_CODE,UNVERIFIED,
amsterdam/centrale-markt,https://www.booking.com/searchresults.html?ss=Centrale%20Markt%2C%20Amsterdam%2C%20Netherlands,"Centrale Markt, Amsterdam, Netherlands","Centrale Markt, Amsterdam, Netherlands",PASS,PASS,MANUAL_VERIFICATION_REQUIRED,NOT_ATTRIBUTED_BY_CURRENT_CODE,UNVERIFIED,
amsterdam/chassebuurt,https://www.booking.com/searchresults.html?ss=Chass%C3%A9buurt%2C%20Amsterdam%2C%20Netherlands,"Chassébuurt, Amsterdam, Netherlands","Chassébuurt, Amsterdam, Netherlands",PASS,PASS,MANUAL_VERIFICATION_REQUIRED,NOT_ATTRIBUTED_BY_CURRENT_CODE,UNVERIFIED,
amsterdam/coenhaven-minervahaven,https://www.booking.com/searchresults.html?ss=Coenhaven/Minervahaven%2C%20Amsterdam%2C%20Netherlands,"Coenhaven/Minervahaven, Amsterdam, Netherlands","Coenhaven/Minervahaven, Amsterdam, Netherlands",PASS,PASS,MANUAL_VERIFICATION_REQUIRED,NOT_ATTRIBUTED_BY_CURRENT_CODE,UNVERIFIED,
amsterdam/da-costabuurt,https://www.booking.com/searchresults.html?ss=Da%20Costabuurt%2C%20Amsterdam%2C%20Netherlands,"Da Costabuurt, Amsterdam, Netherlands","Da Costabuurt, Amsterdam, Netherlands",PASS,PASS,MANUAL_VERIFICATION_REQUIRED,NOT_ATTRIBUTED_BY_CURRENT_CODE,UNVERIFIED,
amsterdam/dapperbuurt,https://www.booking.com/searchresults.html?ss=Dapperbuurt%2C%20Amsterdam%2C%20Netherlands,"Dapperbuurt, Amsterdam, Netherlands","Dapperbuurt, Amsterdam, Netherlands",PASS,PASS,MANUAL_VERIFICATION_REQUIRED,NOT_ATTRIBUTED_BY_CURRENT_CODE,UNVERIFIED,
amsterdam/de-aker,https://www.booking.com/searchresults.html?ss=De%20Aker%2C%20Amsterdam%2C%20Netherlands,"De Aker, Amsterdam, Netherlands","De Aker, Amsterdam, Netherlands",PASS,PASS,MANUAL_VERIFICATION_REQUIRED,NOT_ATTRIBUTED_BY_CURRENT_CODE,UNVERIFIED,
amsterdam/de-kolenkit,https://www.booking.com/searchresults.html?ss=De%20Kolenkit%2C%20Amsterdam%2C%20Netherlands,"De Kolenkit, Amsterdam, Netherlands","De Kolenkit, Amsterdam, Netherlands",PASS,PASS,MANUAL_VERIFICATION_REQUIRED,NOT_ATTRIBUTED_BY_CURRENT_CODE,UNVERIFIED,
amsterdam/de-punt,https://www.booking.com/searchresults.html?ss=De%20Punt%2C%20Amsterdam%2C%20Netherlands,"De Punt, Amsterdam, Netherlands","De Punt, Amsterdam, Netherlands",PASS,PASS,MANUAL_VERIFICATION_REQUIRED,NOT_ATTRIBUTED_BY_CURRENT_CODE,UNVERIFIED,
amsterdam/de-weteringschans,https://www.booking.com/searchresults.html?ss=De%20Weteringschans%2C%20Amsterdam%2C%20Netherlands,"De Weteringschans, Amsterdam, Netherlands","De Weteringschans, Amsterdam, Netherlands",PASS,PASS,MANUAL_VERIFICATION_REQUIRED,NOT_ATTRIBUTED_BY_CURRENT_CODE,UNVERIFIED,
amsterdam/driemond,https://www.booking.com/searchresults.html?ss=Driemond%2C%20Amsterdam%2C%20Netherlands,"Driemond, Amsterdam, Netherlands","Driemond, Amsterdam, Netherlands",PASS,PASS,MANUAL_VERIFICATION_REQUIRED,NOT_ATTRIBUTED_BY_CURRENT_CODE,UNVERIFIED,
amsterdam/elzenhagen,https://www.booking.com/searchresults.html?ss=Elzenhagen%2C%20Amsterdam%2C%20Netherlands,"Elzenhagen, Amsterdam, Netherlands","Elzenhagen, Amsterdam, Netherlands",PASS,PASS,MANUAL_VERIFICATION_REQUIRED,NOT_ATTRIBUTED_BY_CURRENT_CODE,UNVERIFIED,
amsterdam/erasmuspark,https://www.booking.com/searchresults.html?ss=Erasmuspark%2C%20Amsterdam%2C%20Netherlands,"Erasmuspark, Amsterdam, Netherlands","Erasmuspark, Amsterdam, Netherlands",PASS,PASS,MANUAL_VERIFICATION_REQUIRED,NOT_ATTRIBUTED_BY_CURRENT_CODE,UNVERIFIED,
amsterdam/frankendael,https://www.booking.com/searchresults.html?ss=Frankendael%2C%20Amsterdam%2C%20Netherlands,"Frankendael, Amsterdam, Netherlands","Frankendael, Amsterdam, Netherlands",PASS,PASS,MANUAL_VERIFICATION_REQUIRED,NOT_ATTRIBUTED_BY_CURRENT_CODE,UNVERIFIED,
amsterdam/frederik-hendrikbuurt,https://www.booking.com/searchresults.html?ss=Frederik%20Hendrikbuurt%2C%20Amsterdam%2C%20Netherlands,"Frederik Hendrikbuurt, Amsterdam, Netherlands","Frederik Hendrikbuurt, Amsterdam, Netherlands",PASS,PASS,MANUAL_VERIFICATION_REQUIRED,NOT_ATTRIBUTED_BY_CURRENT_CODE,UNVERIFIED,
amsterdam/ganzenhoef-e-o,https://www.booking.com/searchresults.html?ss=Ganzenhoef%20e.o.%2C%20Amsterdam%2C%20Netherlands,"Ganzenhoef e.o., Amsterdam, Netherlands","Ganzenhoef e.o., Amsterdam, Netherlands",PASS,PASS,MANUAL_VERIFICATION_REQUIRED,NOT_ATTRIBUTED_BY_CURRENT_CODE,UNVERIFIED,
amsterdam/geerdinkhof-kantershof,https://www.booking.com/searchresults.html?ss=Geerdinkhof/Kantershof%2C%20Amsterdam%2C%20Netherlands,"Geerdinkhof/Kantershof, Amsterdam, Netherlands","Geerdinkhof/Kantershof, Amsterdam, Netherlands",PASS,PASS,MANUAL_VERIFICATION_REQUIRED,NOT_ATTRIBUTED_BY_CURRENT_CODE,UNVERIFIED,
amsterdam/gein,https://www.booking.com/searchresults.html?ss=Gein%2C%20Amsterdam%2C%20Netherlands,"Gein, Amsterdam, Netherlands","Gein, Amsterdam, Netherlands",PASS,PASS,MANUAL_VERIFICATION_REQUIRED,NOT_ATTRIBUTED_BY_CURRENT_CODE,UNVERIFIED,
amsterdam/geuzenbuurt,https://www.booking.com/searchresults.html?ss=Geuzenbuurt%2C%20Amsterdam%2C%20Netherlands,"Geuzenbuurt, Amsterdam, Netherlands","Geuzenbuurt, Amsterdam, Netherlands",PASS,PASS,MANUAL_VERIFICATION_REQUIRED,NOT_ATTRIBUTED_BY_CURRENT_CODE,UNVERIFIED,
amsterdam/geuzenveld,https://www.booking.com/searchresults.html?ss=Geuzenveld%2C%20Amsterdam%2C%20Netherlands,"Geuzenveld, Amsterdam, Netherlands","Geuzenveld, Amsterdam, Netherlands",PASS,PASS,MANUAL_VERIFICATION_REQUIRED,NOT_ATTRIBUTED_BY_CURRENT_CODE,UNVERIFIED,
amsterdam/grachtengordel-west,https://www.booking.com/searchresults.html?ss=Grachtengordel-West%2C%20Amsterdam%2C%20Netherlands,"Grachtengordel-West, Amsterdam, Netherlands","Grachtengordel-West, Amsterdam, Netherlands",PASS,PASS,MANUAL_VERIFICATION_REQUIRED,NOT_ATTRIBUTED_BY_CURRENT_CODE,UNVERIFIED,
amsterdam/grachtengordel-zuid,https://www.booking.com/searchresults.html?ss=Grachtengordel-Zuid%2C%20Amsterdam%2C%20Netherlands,"Grachtengordel-Zuid, Amsterdam, Netherlands","Grachtengordel-Zuid, Amsterdam, Netherlands",PASS,PASS,MANUAL_VERIFICATION_REQUIRED,NOT_ATTRIBUTED_BY_CURRENT_CODE,UNVERIFIED,
amsterdam/h-buurt,https://www.booking.com/searchresults.html?ss=H-buurt%2C%20Amsterdam%2C%20Netherlands,"H-buurt, Amsterdam, Netherlands","H-buurt, Amsterdam, Netherlands",PASS,PASS,MANUAL_VERIFICATION_REQUIRED,NOT_ATTRIBUTED_BY_CURRENT_CODE,UNVERIFIED,
amsterdam/haarlemmerbuurt,https://www.booking.com/searchresults.html?ss=Haarlemmerbuurt%2C%20Amsterdam%2C%20Netherlands,"Haarlemmerbuurt, Amsterdam, Netherlands","Haarlemmerbuurt, Amsterdam, Netherlands",PASS,PASS,MANUAL_VERIFICATION_REQUIRED,NOT_ATTRIBUTED_BY_CURRENT_CODE,UNVERIFIED,
amsterdam/havens-west,https://www.booking.com/searchresults.html?ss=Havens-West%2C%20Amsterdam%2C%20Netherlands,"Havens-West, Amsterdam, Netherlands","Havens-West, Amsterdam, Netherlands",PASS,PASS,MANUAL_VERIFICATION_REQUIRED,NOT_ATTRIBUTED_BY_CURRENT_CODE,UNVERIFIED,
amsterdam/helmersbuurt,https://www.booking.com/searchresults.html?ss=Helmersbuurt%2C%20Amsterdam%2C%20Netherlands,"Helmersbuurt, Amsterdam, Netherlands","Helmersbuurt, Amsterdam, Netherlands",PASS,PASS,MANUAL_VERIFICATION_REQUIRED,NOT_ATTRIBUTED_BY_CURRENT_CODE,UNVERIFIED,
amsterdam/holendrecht,https://www.booking.com/searchresults.html?ss=Holendrecht%2C%20Amsterdam%2C%20Netherlands,"Holendrecht, Amsterdam, Netherlands","Holendrecht, Amsterdam, Netherlands",PASS,PASS,MANUAL_VERIFICATION_REQUIRED,NOT_ATTRIBUTED_BY_CURRENT_CODE,UNVERIFIED,
amsterdam/hoofddorppleinbuurt,https://www.booking.com/searchresults.html?ss=Hoofddorppleinbuurt%2C%20Amsterdam%2C%20Netherlands,"Hoofddorppleinbuurt, Amsterdam, Netherlands","Hoofddorppleinbuurt, Amsterdam, Netherlands",PASS,PASS,MANUAL_VERIFICATION_REQUIRED,NOT_ATTRIBUTED_BY_CURRENT_CODE,UNVERIFIED,
amsterdam/hoofdweg-e-o,https://www.booking.com/searchresults.html?ss=Hoofdweg%20e.o.%2C%20Amsterdam%2C%20Netherlands,"Hoofdweg e.o., Amsterdam, Netherlands","Hoofdweg e.o., Amsterdam, Netherlands",PASS,PASS,MANUAL_VERIFICATION_REQUIRED,NOT_ATTRIBUTED_BY_CURRENT_CODE,UNVERIFIED,
amsterdam/houthavens,https://www.booking.com/searchresults.html?ss=Houthavens%2C%20Amsterdam%2C%20Netherlands,"Houthavens, Amsterdam, Netherlands","Houthavens, Amsterdam, Netherlands",PASS,PASS,MANUAL_VERIFICATION_REQUIRED,NOT_ATTRIBUTED_BY_CURRENT_CODE,UNVERIFIED,
amsterdam/ijburg-oost,https://www.booking.com/searchresults.html?ss=IJburg-Oost%2C%20Amsterdam%2C%20Netherlands,"IJburg-Oost, Amsterdam, Netherlands","IJburg-Oost, Amsterdam, Netherlands",PASS,PASS,MANUAL_VERIFICATION_REQUIRED,NOT_ATTRIBUTED_BY_CURRENT_CODE,UNVERIFIED,
amsterdam/ijburg-west,https://www.booking.com/searchresults.html?ss=IJburg-West%2C%20Amsterdam%2C%20Netherlands,"IJburg-West, Amsterdam, Netherlands","IJburg-West, Amsterdam, Netherlands",PASS,PASS,MANUAL_VERIFICATION_REQUIRED,NOT_ATTRIBUTED_BY_CURRENT_CODE,UNVERIFIED,
amsterdam/ijburg-zuid,https://www.booking.com/searchresults.html?ss=IJburg-Zuid%2C%20Amsterdam%2C%20Netherlands,"IJburg-Zuid, Amsterdam, Netherlands","IJburg-Zuid, Amsterdam, Netherlands",PASS,PASS,MANUAL_VERIFICATION_REQUIRED,NOT_ATTRIBUTED_BY_CURRENT_CODE,UNVERIFIED,
amsterdam/ijplein-vogelbuurt,https://www.booking.com/searchresults.html?ss=IJplein/Vogelbuurt%2C%20Amsterdam%2C%20Netherlands,"IJplein/Vogelbuurt, Amsterdam, Netherlands","IJplein/Vogelbuurt, Amsterdam, Netherlands",PASS,PASS,MANUAL_VERIFICATION_REQUIRED,NOT_ATTRIBUTED_BY_CURRENT_CODE,UNVERIFIED,
amsterdam/ijselbuurt,https://www.booking.com/searchresults.html?ss=IJselbuurt%2C%20Amsterdam%2C%20Netherlands,"IJselbuurt, Amsterdam, Netherlands","IJselbuurt, Amsterdam, Netherlands",PASS,PASS,MANUAL_VERIFICATION_REQUIRED,NOT_ATTRIBUTED_BY_CURRENT_CODE,UNVERIFIED,
amsterdam/indische-buurt-oost,https://www.booking.com/searchresults.html?ss=Indische%20Buurt-Oost%2C%20Amsterdam%2C%20Netherlands,"Indische Buurt-Oost, Amsterdam, Netherlands","Indische Buurt-Oost, Amsterdam, Netherlands",PASS,PASS,MANUAL_VERIFICATION_REQUIRED,NOT_ATTRIBUTED_BY_CURRENT_CODE,UNVERIFIED,
amsterdam/indische-buurt-west,https://www.booking.com/searchresults.html?ss=Indische%20Buurt-West%2C%20Amsterdam%2C%20Netherlands,"Indische Buurt-West, Amsterdam, Netherlands","Indische Buurt-West, Amsterdam, Netherlands",PASS,PASS,MANUAL_VERIFICATION_REQUIRED,NOT_ATTRIBUTED_BY_CURRENT_CODE,UNVERIFIED,
amsterdam/jordaan,https://www.booking.com/searchresults.html?ss=Jordaan%2C%20Amsterdam%2C%20Netherlands,"Jordaan, Amsterdam, Netherlands","Jordaan, Amsterdam, Netherlands",PASS,PASS,MANUAL_VERIFICATION_REQUIRED,NOT_ATTRIBUTED_BY_CURRENT_CODE,UNVERIFIED,
amsterdam/k-buurt,https://www.booking.com/searchresults.html?ss=K-buurt%2C%20Amsterdam%2C%20Netherlands,"K-buurt, Amsterdam, Netherlands","K-buurt, Amsterdam, Netherlands",PASS,PASS,MANUAL_VERIFICATION_REQUIRED,NOT_ATTRIBUTED_BY_CURRENT_CODE,UNVERIFIED,
amsterdam/kadoelen,https://www.booking.com/searchresults.html?ss=Kadoelen%2C%20Amsterdam%2C%20Netherlands,"Kadoelen, Amsterdam, Netherlands","Kadoelen, Amsterdam, Netherlands",PASS,PASS,MANUAL_VERIFICATION_REQUIRED,NOT_ATTRIBUTED_BY_CURRENT_CODE,UNVERIFIED,
amsterdam/landlust,https://www.booking.com/searchresults.html?ss=Landlust%2C%20Amsterdam%2C%20Netherlands,"Landlust, Amsterdam, Netherlands","Landlust, Amsterdam, Netherlands",PASS,PASS,MANUAL_VERIFICATION_REQUIRED,NOT_ATTRIBUTED_BY_CURRENT_CODE,UNVERIFIED,
amsterdam/lutkemeer-ookmeer,https://www.booking.com/searchresults.html?ss=Lutkemeer/Ookmeer%2C%20Amsterdam%2C%20Netherlands,"Lutkemeer/Ookmeer, Amsterdam, Netherlands","Lutkemeer/Ookmeer, Amsterdam, Netherlands",PASS,PASS,MANUAL_VERIFICATION_REQUIRED,NOT_ATTRIBUTED_BY_CURRENT_CODE,UNVERIFIED,
amsterdam/middenmeer,https://www.booking.com/searchresults.html?ss=Middenmeer%2C%20Amsterdam%2C%20Netherlands,"Middenmeer, Amsterdam, Netherlands","Middenmeer, Amsterdam, Netherlands",PASS,PASS,MANUAL_VERIFICATION_REQUIRED,NOT_ATTRIBUTED_BY_CURRENT_CODE,UNVERIFIED,
amsterdam/museumkwartier,https://www.booking.com/searchresults.html?ss=Museumkwartier%2C%20Amsterdam%2C%20Netherlands,"Museumkwartier, Amsterdam, Netherlands","Museumkwartier, Amsterdam, Netherlands",PASS,PASS,MANUAL_VERIFICATION_REQUIRED,NOT_ATTRIBUTED_BY_CURRENT_CODE,UNVERIFIED,
amsterdam/nellestein,https://www.booking.com/searchresults.html?ss=Nellestein%2C%20Amsterdam%2C%20Netherlands,"Nellestein, Amsterdam, Netherlands","Nellestein, Amsterdam, Netherlands",PASS,PASS,MANUAL_VERIFICATION_REQUIRED,NOT_ATTRIBUTED_BY_CURRENT_CODE,UNVERIFIED,
amsterdam/nieuwe-pijp,https://www.booking.com/searchresults.html?ss=Nieuwe%20Pijp%2C%20Amsterdam%2C%20Netherlands,"Nieuwe Pijp, Amsterdam, Netherlands","Nieuwe Pijp, Amsterdam, Netherlands",PASS,PASS,MANUAL_VERIFICATION_REQUIRED,NOT_ATTRIBUTED_BY_CURRENT_CODE,UNVERIFIED,
amsterdam/nieuwendammerdijk-buiksloterdijk,https://www.booking.com/searchresults.html?ss=Nieuwendammerdijk/Buiksloterdijk%2C%20Amsterdam%2C%20Netherlands,"Nieuwendammerdijk/Buiksloterdijk, Amsterdam, Netherlands","Nieuwendammerdijk/Buiksloterdijk, Amsterdam, Netherlands",PASS,PASS,MANUAL_VERIFICATION_REQUIRED,NOT_ATTRIBUTED_BY_CURRENT_CODE,UNVERIFIED,
amsterdam/nieuwmarkt-lastage,https://www.booking.com/searchresults.html?ss=Nieuwmarkt/Lastage%2C%20Amsterdam%2C%20Netherlands,"Nieuwmarkt/Lastage, Amsterdam, Netherlands","Nieuwmarkt/Lastage, Amsterdam, Netherlands",PASS,PASS,MANUAL_VERIFICATION_REQUIRED,NOT_ATTRIBUTED_BY_CURRENT_CODE,UNVERIFIED,
amsterdam/noordelijke-ij-oevers-oost,https://www.booking.com/searchresults.html?ss=Noordelijke%20IJ-oevers-Oost%2C%20Amsterdam%2C%20Netherlands,"Noordelijke IJ-oevers-Oost, Amsterdam, Netherlands","Noordelijke IJ-oevers-Oost, Amsterdam, Netherlands",PASS,PASS,MANUAL_VERIFICATION_REQUIRED,NOT_ATTRIBUTED_BY_CURRENT_CODE,UNVERIFIED,
amsterdam/noordelijke-ij-oevers-west,https://www.booking.com/searchresults.html?ss=Noordelijke%20IJ-oevers-West%2C%20Amsterdam%2C%20Netherlands,"Noordelijke IJ-oevers-West, Amsterdam, Netherlands","Noordelijke IJ-oevers-West, Amsterdam, Netherlands",PASS,PASS,MANUAL_VERIFICATION_REQUIRED,NOT_ATTRIBUTED_BY_CURRENT_CODE,UNVERIFIED,
amsterdam/omval-overamstel,https://www.booking.com/searchresults.html?ss=Omval/Overamstel%2C%20Amsterdam%2C%20Netherlands,"Omval/Overamstel, Amsterdam, Netherlands","Omval/Overamstel, Amsterdam, Netherlands",PASS,PASS,MANUAL_VERIFICATION_REQUIRED,NOT_ATTRIBUTED_BY_CURRENT_CODE,UNVERIFIED,
amsterdam/oostelijk-havengebied,https://www.booking.com/searchresults.html?ss=Oostelijk%20Havengebied%2C%20Amsterdam%2C%20Netherlands,"Oostelijk Havengebied, Amsterdam, Netherlands","Oostelijk Havengebied, Amsterdam, Netherlands",PASS,PASS,MANUAL_VERIFICATION_REQUIRED,NOT_ATTRIBUTED_BY_CURRENT_CODE,UNVERIFIED,
amsterdam/oostelijke-eilanden-kadijken,https://www.booking.com/searchresults.html?ss=Oostelijke%20Eilanden/Kadijken%2C%20Amsterdam%2C%20Netherlands,"Oostelijke Eilanden/Kadijken, Amsterdam, Netherlands","Oostelijke Eilanden/Kadijken, Amsterdam, Netherlands",PASS,PASS,MANUAL_VERIFICATION_REQUIRED,NOT_ATTRIBUTED_BY_CURRENT_CODE,UNVERIFIED,
amsterdam/oosterparkbuurt,https://www.booking.com/searchresults.html?ss=Oosterparkbuurt%2C%20Amsterdam%2C%20Netherlands,"Oosterparkbuurt, Amsterdam, Netherlands","Oosterparkbuurt, Amsterdam, Netherlands",PASS,PASS,MANUAL_VERIFICATION_REQUIRED,NOT_ATTRIBUTED_BY_CURRENT_CODE,UNVERIFIED,
amsterdam/oostzanerwerf,https://www.booking.com/searchresults.html?ss=Oostzanerwerf%2C%20Amsterdam%2C%20Netherlands,"Oostzanerwerf, Amsterdam, Netherlands","Oostzanerwerf, Amsterdam, Netherlands",PASS,PASS,MANUAL_VERIFICATION_REQUIRED,NOT_ATTRIBUTED_BY_CURRENT_CODE,UNVERIFIED,
amsterdam/osdorp-midden,https://www.booking.com/searchresults.html?ss=Osdorp-Midden%2C%20Amsterdam%2C%20Netherlands,"Osdorp-Midden, Amsterdam, Netherlands","Osdorp-Midden, Amsterdam, Netherlands",PASS,PASS,MANUAL_VERIFICATION_REQUIRED,NOT_ATTRIBUTED_BY_CURRENT_CODE,UNVERIFIED,
amsterdam/osdorp-oost,https://www.booking.com/searchresults.html?ss=Osdorp-Oost%2C%20Amsterdam%2C%20Netherlands,"Osdorp-Oost, Amsterdam, Netherlands","Osdorp-Oost, Amsterdam, Netherlands",PASS,PASS,MANUAL_VERIFICATION_REQUIRED,NOT_ATTRIBUTED_BY_CURRENT_CODE,UNVERIFIED,
amsterdam/oude-pijp,https://www.booking.com/searchresults.html?ss=Oude%20Pijp%2C%20Amsterdam%2C%20Netherlands,"Oude Pijp, Amsterdam, Netherlands","Oude Pijp, Amsterdam, Netherlands",PASS,PASS,MANUAL_VERIFICATION_REQUIRED,NOT_ATTRIBUTED_BY_CURRENT_CODE,UNVERIFIED,
amsterdam/overtoomse-sluis,https://www.booking.com/searchresults.html?ss=Overtoomse%20Sluis%2C%20Amsterdam%2C%20Netherlands,"Overtoomse Sluis, Amsterdam, Netherlands","Overtoomse Sluis, Amsterdam, Netherlands",PASS,PASS,MANUAL_VERIFICATION_REQUIRED,NOT_ATTRIBUTED_BY_CURRENT_CODE,UNVERIFIED,
amsterdam/overtoomse-veld,https://www.booking.com/searchresults.html?ss=Overtoomse%20Veld%2C%20Amsterdam%2C%20Netherlands,"Overtoomse Veld, Amsterdam, Netherlands","Overtoomse Veld, Amsterdam, Netherlands",PASS,PASS,MANUAL_VERIFICATION_REQUIRED,NOT_ATTRIBUTED_BY_CURRENT_CODE,UNVERIFIED,
amsterdam/prinses-irenebuurt-e-o,https://www.booking.com/searchresults.html?ss=Prinses%20Irenebuurt%20e.o.%2C%20Amsterdam%2C%20Netherlands,"Prinses Irenebuurt e.o., Amsterdam, Netherlands","Prinses Irenebuurt e.o., Amsterdam, Netherlands",PASS,PASS,MANUAL_VERIFICATION_REQUIRED,NOT_ATTRIBUTED_BY_CURRENT_CODE,UNVERIFIED,
amsterdam/reigersbos,https://www.booking.com/searchresults.html?ss=Reigersbos%2C%20Amsterdam%2C%20Netherlands,"Reigersbos, Amsterdam, Netherlands","Reigersbos, Amsterdam, Netherlands",PASS,PASS,MANUAL_VERIFICATION_REQUIRED,NOT_ATTRIBUTED_BY_CURRENT_CODE,UNVERIFIED,
amsterdam/rijnbuurt,https://www.booking.com/searchresults.html?ss=Rijnbuurt%2C%20Amsterdam%2C%20Netherlands,"Rijnbuurt, Amsterdam, Netherlands","Rijnbuurt, Amsterdam, Netherlands",PASS,PASS,MANUAL_VERIFICATION_REQUIRED,NOT_ATTRIBUTED_BY_CURRENT_CODE,UNVERIFIED,
amsterdam/scheldebuurt,https://www.booking.com/searchresults.html?ss=Scheldebuurt%2C%20Amsterdam%2C%20Netherlands,"Scheldebuurt, Amsterdam, Netherlands","Scheldebuurt, Amsterdam, Netherlands",PASS,PASS,MANUAL_VERIFICATION_REQUIRED,NOT_ATTRIBUTED_BY_CURRENT_CODE,UNVERIFIED,
amsterdam/schinkelbuurt,https://www.booking.com/searchresults.html?ss=Schinkelbuurt%2C%20Amsterdam%2C%20Netherlands,"Schinkelbuurt, Amsterdam, Netherlands","Schinkelbuurt, Amsterdam, Netherlands",PASS,PASS,MANUAL_VERIFICATION_REQUIRED,NOT_ATTRIBUTED_BY_CURRENT_CODE,UNVERIFIED,
amsterdam/sloten-nieuw-sloten,https://www.booking.com/searchresults.html?ss=Sloten/Nieuw-Sloten%2C%20Amsterdam%2C%20Netherlands,"Sloten/Nieuw-Sloten, Amsterdam, Netherlands","Sloten/Nieuw-Sloten, Amsterdam, Netherlands",PASS,PASS,MANUAL_VERIFICATION_REQUIRED,NOT_ATTRIBUTED_BY_CURRENT_CODE,UNVERIFIED,
amsterdam/sloterdijk-nieuw-west,https://www.booking.com/searchresults.html?ss=Sloterdijk%20Nieuw-West%2C%20Amsterdam%2C%20Netherlands,"Sloterdijk Nieuw-West, Amsterdam, Netherlands","Sloterdijk Nieuw-West, Amsterdam, Netherlands",PASS,PASS,MANUAL_VERIFICATION_REQUIRED,NOT_ATTRIBUTED_BY_CURRENT_CODE,UNVERIFIED,
amsterdam/sloterdijk-west,https://www.booking.com/searchresults.html?ss=Sloterdijk-West%2C%20Amsterdam%2C%20Netherlands,"Sloterdijk-West, Amsterdam, Netherlands","Sloterdijk-West, Amsterdam, Netherlands",PASS,PASS,MANUAL_VERIFICATION_REQUIRED,NOT_ATTRIBUTED_BY_CURRENT_CODE,UNVERIFIED,
amsterdam/slotermeer-noordoost,https://www.booking.com/searchresults.html?ss=Slotermeer-Noordoost%2C%20Amsterdam%2C%20Netherlands,"Slotermeer-Noordoost, Amsterdam, Netherlands","Slotermeer-Noordoost, Amsterdam, Netherlands",PASS,PASS,MANUAL_VERIFICATION_REQUIRED,NOT_ATTRIBUTED_BY_CURRENT_CODE,UNVERIFIED,
amsterdam/slotermeer-west,https://www.booking.com/searchresults.html?ss=Slotermeer-West%2C%20Amsterdam%2C%20Netherlands,"Slotermeer-West, Amsterdam, Netherlands","Slotermeer-West, Amsterdam, Netherlands",PASS,PASS,MANUAL_VERIFICATION_REQUIRED,NOT_ATTRIBUTED_BY_CURRENT_CODE,UNVERIFIED,
amsterdam/slotermeer-zuidoost,https://www.booking.com/searchresults.html?ss=Slotermeer-Zuidoost%2C%20Amsterdam%2C%20Netherlands,"Slotermeer-Zuidoost, Amsterdam, Netherlands","Slotermeer-Zuidoost, Amsterdam, Netherlands",PASS,PASS,MANUAL_VERIFICATION_REQUIRED,NOT_ATTRIBUTED_BY_CURRENT_CODE,UNVERIFIED,
amsterdam/slotervaart-noord,https://www.booking.com/searchresults.html?ss=Slotervaart-Noord%2C%20Amsterdam%2C%20Netherlands,"Slotervaart-Noord, Amsterdam, Netherlands","Slotervaart-Noord, Amsterdam, Netherlands",PASS,PASS,MANUAL_VERIFICATION_REQUIRED,NOT_ATTRIBUTED_BY_CURRENT_CODE,UNVERIFIED,
amsterdam/slotervaart-zuid,https://www.booking.com/searchresults.html?ss=Slotervaart-Zuid%2C%20Amsterdam%2C%20Netherlands,"Slotervaart-Zuid, Amsterdam, Netherlands","Slotervaart-Zuid, Amsterdam, Netherlands",PASS,PASS,MANUAL_VERIFICATION_REQUIRED,NOT_ATTRIBUTED_BY_CURRENT_CODE,UNVERIFIED,
amsterdam/spaarndammerbuurt-zeeheldenbuurt,https://www.booking.com/searchresults.html?ss=Spaarndammerbuurt/Zeeheldenbuurt%2C%20Amsterdam%2C%20Netherlands,"Spaarndammerbuurt/Zeeheldenbuurt, Amsterdam, Netherlands","Spaarndammerbuurt/Zeeheldenbuurt, Amsterdam, Netherlands",PASS,PASS,MANUAL_VERIFICATION_REQUIRED,NOT_ATTRIBUTED_BY_CURRENT_CODE,UNVERIFIED,
amsterdam/staatsliedenbuurt,https://www.booking.com/searchresults.html?ss=Staatsliedenbuurt%2C%20Amsterdam%2C%20Netherlands,"Staatsliedenbuurt, Amsterdam, Netherlands","Staatsliedenbuurt, Amsterdam, Netherlands",PASS,PASS,MANUAL_VERIFICATION_REQUIRED,NOT_ATTRIBUTED_BY_CURRENT_CODE,UNVERIFIED,
amsterdam/stadionbuurt,https://www.booking.com/searchresults.html?ss=Stadionbuurt%2C%20Amsterdam%2C%20Netherlands,"Stadionbuurt, Amsterdam, Netherlands","Stadionbuurt, Amsterdam, Netherlands",PASS,PASS,MANUAL_VERIFICATION_REQUIRED,NOT_ATTRIBUTED_BY_CURRENT_CODE,UNVERIFIED,
amsterdam/transvaalbuurt,https://www.booking.com/searchresults.html?ss=Transvaalbuurt%2C%20Amsterdam%2C%20Netherlands,"Transvaalbuurt, Amsterdam, Netherlands","Transvaalbuurt, Amsterdam, Netherlands",PASS,PASS,MANUAL_VERIFICATION_REQUIRED,NOT_ATTRIBUTED_BY_CURRENT_CODE,UNVERIFIED,
amsterdam/tuindorp-buiksloot,https://www.booking.com/searchresults.html?ss=Tuindorp%20Buiksloot%2C%20Amsterdam%2C%20Netherlands,"Tuindorp Buiksloot, Amsterdam, Netherlands","Tuindorp Buiksloot, Amsterdam, Netherlands",PASS,PASS,MANUAL_VERIFICATION_REQUIRED,NOT_ATTRIBUTED_BY_CURRENT_CODE,UNVERIFIED,
amsterdam/tuindorp-nieuwendam,https://www.booking.com/searchresults.html?ss=Tuindorp%20Nieuwendam%2C%20Amsterdam%2C%20Netherlands,"Tuindorp Nieuwendam, Amsterdam, Netherlands","Tuindorp Nieuwendam, Amsterdam, Netherlands",PASS,PASS,MANUAL_VERIFICATION_REQUIRED,NOT_ATTRIBUTED_BY_CURRENT_CODE,UNVERIFIED,
amsterdam/tuindorp-oostzaan,https://www.booking.com/searchresults.html?ss=Tuindorp%20Oostzaan%2C%20Amsterdam%2C%20Netherlands,"Tuindorp Oostzaan, Amsterdam, Netherlands","Tuindorp Oostzaan, Amsterdam, Netherlands",PASS,PASS,MANUAL_VERIFICATION_REQUIRED,NOT_ATTRIBUTED_BY_CURRENT_CODE,UNVERIFIED,
amsterdam/van-galenbuurt,https://www.booking.com/searchresults.html?ss=Van%20Galenbuurt%2C%20Amsterdam%2C%20Netherlands,"Van Galenbuurt, Amsterdam, Netherlands","Van Galenbuurt, Amsterdam, Netherlands",PASS,PASS,MANUAL_VERIFICATION_REQUIRED,NOT_ATTRIBUTED_BY_CURRENT_CODE,UNVERIFIED,
amsterdam/van-lennepbuurt,https://www.booking.com/searchresults.html?ss=Van%20Lennepbuurt%2C%20Amsterdam%2C%20Netherlands,"Van Lennepbuurt, Amsterdam, Netherlands","Van Lennepbuurt, Amsterdam, Netherlands",PASS,PASS,MANUAL_VERIFICATION_REQUIRED,NOT_ATTRIBUTED_BY_CURRENT_CODE,UNVERIFIED,
amsterdam/venserpolder,https://www.booking.com/searchresults.html?ss=Venserpolder%2C%20Amsterdam%2C%20Netherlands,"Venserpolder, Amsterdam, Netherlands","Venserpolder, Amsterdam, Netherlands",PASS,PASS,MANUAL_VERIFICATION_REQUIRED,NOT_ATTRIBUTED_BY_CURRENT_CODE,UNVERIFIED,
amsterdam/volewijck,https://www.booking.com/searchresults.html?ss=Volewijck%2C%20Amsterdam%2C%20Netherlands,"Volewijck, Amsterdam, Netherlands","Volewijck, Amsterdam, Netherlands",PASS,PASS,MANUAL_VERIFICATION_REQUIRED,NOT_ATTRIBUTED_BY_CURRENT_CODE,UNVERIFIED,
amsterdam/vondelparkbuurt,https://www.booking.com/searchresults.html?ss=Vondelparkbuurt%2C%20Amsterdam%2C%20Netherlands,"Vondelparkbuurt, Amsterdam, Netherlands","Vondelparkbuurt, Amsterdam, Netherlands",PASS,PASS,MANUAL_VERIFICATION_REQUIRED,NOT_ATTRIBUTED_BY_CURRENT_CODE,UNVERIFIED,
amsterdam/waterland,https://www.booking.com/searchresults.html?ss=Waterland%2C%20Amsterdam%2C%20Netherlands,"Waterland, Amsterdam, Netherlands","Waterland, Amsterdam, Netherlands",PASS,PASS,MANUAL_VERIFICATION_REQUIRED,NOT_ATTRIBUTED_BY_CURRENT_CODE,UNVERIFIED,
amsterdam/waterlandpleinbuurt,https://www.booking.com/searchresults.html?ss=Waterlandpleinbuurt%2C%20Amsterdam%2C%20Netherlands,"Waterlandpleinbuurt, Amsterdam, Netherlands","Waterlandpleinbuurt, Amsterdam, Netherlands",PASS,PASS,MANUAL_VERIFICATION_REQUIRED,NOT_ATTRIBUTED_BY_CURRENT_CODE,UNVERIFIED,
amsterdam/weesp-binnenstad-zuid,https://www.booking.com/searchresults.html?ss=Weesp%20Binnenstad/Zuid%2C%20Amsterdam%2C%20Netherlands,"Weesp Binnenstad/Zuid, Amsterdam, Netherlands","Weesp Binnenstad/Zuid, Amsterdam, Netherlands",PASS,PASS,MANUAL_VERIFICATION_REQUIRED,NOT_ATTRIBUTED_BY_CURRENT_CODE,UNVERIFIED,
amsterdam/weesp-noordwest,https://www.booking.com/searchresults.html?ss=Weesp-Noordwest%2C%20Amsterdam%2C%20Netherlands,"Weesp-Noordwest, Amsterdam, Netherlands","Weesp-Noordwest, Amsterdam, Netherlands",PASS,PASS,MANUAL_VERIFICATION_REQUIRED,NOT_ATTRIBUTED_BY_CURRENT_CODE,UNVERIFIED,
amsterdam/weesperbuurt-plantage,https://www.booking.com/searchresults.html?ss=Weesperbuurt/Plantage%2C%20Amsterdam%2C%20Netherlands,"Weesperbuurt/Plantage, Amsterdam, Netherlands","Weesperbuurt/Plantage, Amsterdam, Netherlands",PASS,PASS,MANUAL_VERIFICATION_REQUIRED,NOT_ATTRIBUTED_BY_CURRENT_CODE,UNVERIFIED,
amsterdam/weesperzijde,https://www.booking.com/searchresults.html?ss=Weesperzijde%2C%20Amsterdam%2C%20Netherlands,"Weesperzijde, Amsterdam, Netherlands","Weesperzijde, Amsterdam, Netherlands",PASS,PASS,MANUAL_VERIFICATION_REQUIRED,NOT_ATTRIBUTED_BY_CURRENT_CODE,UNVERIFIED,
amsterdam/westindische-buurt,https://www.booking.com/searchresults.html?ss=Westindische%20Buurt%2C%20Amsterdam%2C%20Netherlands,"Westindische Buurt, Amsterdam, Netherlands","Westindische Buurt, Amsterdam, Netherlands",PASS,PASS,MANUAL_VERIFICATION_REQUIRED,NOT_ATTRIBUTED_BY_CURRENT_CODE,UNVERIFIED,
amsterdam/westlandgracht,https://www.booking.com/searchresults.html?ss=Westlandgracht%2C%20Amsterdam%2C%20Netherlands,"Westlandgracht, Amsterdam, Netherlands","Westlandgracht, Amsterdam, Netherlands",PASS,PASS,MANUAL_VERIFICATION_REQUIRED,NOT_ATTRIBUTED_BY_CURRENT_CODE,UNVERIFIED,
amsterdam/willemspark,https://www.booking.com/searchresults.html?ss=Willemspark%2C%20Amsterdam%2C%20Netherlands,"Willemspark, Amsterdam, Netherlands","Willemspark, Amsterdam, Netherlands",PASS,PASS,MANUAL_VERIFICATION_REQUIRED,NOT_ATTRIBUTED_BY_CURRENT_CODE,UNVERIFIED,
amsterdam/zeeburgereiland-bovendiep,https://www.booking.com/searchresults.html?ss=Zeeburgereiland/Bovendiep%2C%20Amsterdam%2C%20Netherlands,"Zeeburgereiland/Bovendiep, Amsterdam, Netherlands","Zeeburgereiland/Bovendiep, Amsterdam, Netherlands",PASS,PASS,MANUAL_VERIFICATION_REQUIRED,NOT_ATTRIBUTED_BY_CURRENT_CODE,UNVERIFIED,
amsterdam/zuid-pijp,https://www.booking.com/searchresults.html?ss=Zuid%20Pijp%2C%20Amsterdam%2C%20Netherlands,"Zuid Pijp, Amsterdam, Netherlands","Zuid Pijp, Amsterdam, Netherlands",PASS,PASS,MANUAL_VERIFICATION_REQUIRED,NOT_ATTRIBUTED_BY_CURRENT_CODE,UNVERIFIED,
amsterdam/zuidas,https://www.booking.com/searchresults.html?ss=Zuidas%2C%20Amsterdam%2C%20Netherlands,"Zuidas, Amsterdam, Netherlands","Zuidas, Amsterdam, Netherlands",PASS,PASS,MANUAL_VERIFICATION_REQUIRED,NOT_ATTRIBUTED_BY_CURRENT_CODE,UNVERIFIED,
athens/1-municipal-district,https://www.booking.com/searchresults.html?ss=Syntagma%2C%20Athens%2C%20Greece,"Syntagma, Athens, Greece","Syntagma, Athens, Greece",PASS,PASS,MANUAL_VERIFICATION_REQUIRED,NOT_ATTRIBUTED_BY_CURRENT_CODE,UNVERIFIED,
athens/2-municipal-district,https://www.booking.com/searchresults.html?ss=Pangrati%2C%20Athens%2C%20Greece,"Pangrati, Athens, Greece","Pangrati, Athens, Greece",PASS,PASS,MANUAL_VERIFICATION_REQUIRED,NOT_ATTRIBUTED_BY_CURRENT_CODE,UNVERIFIED,
athens/3-municipal-district,https://www.booking.com/searchresults.html?ss=Thiseio%2C%20Athens%2C%20Greece,"Thiseio, Athens, Greece","Thiseio, Athens, Greece",PASS,PASS,MANUAL_VERIFICATION_REQUIRED,NOT_ATTRIBUTED_BY_CURRENT_CODE,UNVERIFIED,
athens/4-municipal-district,https://www.booking.com/searchresults.html?ss=Sepolia%2C%20Athens%2C%20Greece,"Sepolia, Athens, Greece","Sepolia, Athens, Greece",PASS,PASS,MANUAL_VERIFICATION_REQUIRED,NOT_ATTRIBUTED_BY_CURRENT_CODE,UNVERIFIED,
athens/5-municipal-district,https://www.booking.com/searchresults.html?ss=Patisia%2C%20Athens%2C%20Greece,"Patisia, Athens, Greece","Patisia, Athens, Greece",PASS,PASS,MANUAL_VERIFICATION_REQUIRED,NOT_ATTRIBUTED_BY_CURRENT_CODE,UNVERIFIED,
athens/6-municipal-district,https://www.booking.com/searchresults.html?ss=Kypseli%2C%20Athens%2C%20Greece,"Kypseli, Athens, Greece","Kypseli, Athens, Greece",PASS,PASS,MANUAL_VERIFICATION_REQUIRED,NOT_ATTRIBUTED_BY_CURRENT_CODE,UNVERIFIED,
athens/7-municipal-district,https://www.booking.com/searchresults.html?ss=Ampelokipoi%2C%20Athens%2C%20Greece,"Ampelokipoi, Athens, Greece","Ampelokipoi, Athens, Greece",PASS,PASS,MANUAL_VERIFICATION_REQUIRED,NOT_ATTRIBUTED_BY_CURRENT_CODE,UNVERIFIED,
barcelona/el-raval,https://www.booking.com/searchresults.html?ss=el%20Raval%2C%20Barcelona%2C%20Spain,"el Raval, Barcelona, Spain","el Raval, Barcelona, Spain",PASS,PASS,MANUAL_VERIFICATION_REQUIRED,NOT_ATTRIBUTED_BY_CURRENT_CODE,UNVERIFIED,
barcelona/el-barri-gotic,https://www.booking.com/searchresults.html?ss=el%20Barri%20G%C3%B2tic%2C%20Barcelona%2C%20Spain,"el Barri Gòtic, Barcelona, Spain","el Barri Gòtic, Barcelona, Spain",PASS,PASS,MANUAL_VERIFICATION_REQUIRED,NOT_ATTRIBUTED_BY_CURRENT_CODE,UNVERIFIED,
barcelona/la-barceloneta,https://www.booking.com/searchresults.html?ss=la%20Barceloneta%2C%20Barcelona%2C%20Spain,"la Barceloneta, Barcelona, Spain","la Barceloneta, Barcelona, Spain",PASS,PASS,MANUAL_VERIFICATION_REQUIRED,NOT_ATTRIBUTED_BY_CURRENT_CODE,UNVERIFIED,
barcelona/la-dreta-de-l-eixample,https://www.booking.com/searchresults.html?ss=la%20Dreta%20de%20l%27Eixample%2C%20Barcelona%2C%20Spain,"la Dreta de l'Eixample, Barcelona, Spain","la Dreta de l'Eixample, Barcelona, Spain",PASS,PASS,MANUAL_VERIFICATION_REQUIRED,NOT_ATTRIBUTED_BY_CURRENT_CODE,UNVERIFIED,
barcelona/l-antiga-esquerra-de-l-eixample,https://www.booking.com/searchresults.html?ss=l%27Antiga%20Esquerra%20de%20l%27Eixample%2C%20Barcelona%2C%20Spain,"l'Antiga Esquerra de l'Eixample, Barcelona, Spain","l'Antiga Esquerra de l'Eixample, Barcelona, Spain",PASS,PASS,MANUAL_VERIFICATION_REQUIRED,NOT_ATTRIBUTED_BY_CURRENT_CODE,UNVERIFIED,
barcelona/la-nova-esquerra-de-l-eixample,https://www.booking.com/searchresults.html?ss=la%20Nova%20Esquerra%20de%20l%27Eixample%2C%20Barcelona%2C%20Spain,"la Nova Esquerra de l'Eixample, Barcelona, Spain","la Nova Esquerra de l'Eixample, Barcelona, Spain",PASS,PASS,MANUAL_VERIFICATION_REQUIRED,NOT_ATTRIBUTED_BY_CURRENT_CODE,UNVERIFIED,
barcelona/sant-antoni,https://www.booking.com/searchresults.html?ss=Sant%20Antoni%2C%20Barcelona%2C%20Spain,"Sant Antoni, Barcelona, Spain","Sant Antoni, Barcelona, Spain",PASS,PASS,MANUAL_VERIFICATION_REQUIRED,NOT_ATTRIBUTED_BY_CURRENT_CODE,UNVERIFIED,
barcelona/el-poble-sec,https://www.booking.com/searchresults.html?ss=el%20Poble-sec%2C%20Barcelona%2C%20Spain,"el Poble-sec, Barcelona, Spain","el Poble-sec, Barcelona, Spain",PASS,PASS,MANUAL_VERIFICATION_REQUIRED,NOT_ATTRIBUTED_BY_CURRENT_CODE,UNVERIFIED,
barcelona/la-marina-del-prat-vermell,https://www.booking.com/searchresults.html?ss=la%20Marina%20del%20Prat%20Vermell%2C%20Barcelona%2C%20Spain,"la Marina del Prat Vermell, Barcelona, Spain","la Marina del Prat Vermell, Barcelona, Spain",PASS,PASS,MANUAL_VERIFICATION_REQUIRED,NOT_ATTRIBUTED_BY_CURRENT_CODE,UNVERIFIED,
barcelona/la-marina-de-port,https://www.booking.com/searchresults.html?ss=la%20Marina%20de%20Port%2C%20Barcelona%2C%20Spain,"la Marina de Port, Barcelona, Spain","la Marina de Port, Barcelona, Spain",PASS,PASS,MANUAL_VERIFICATION_REQUIRED,NOT_ATTRIBUTED_BY_CURRENT_CODE,UNVERIFIED,
barcelona/la-font-de-la-guatlla,https://www.booking.com/searchresults.html?ss=la%20Font%20de%20la%20Guatlla%2C%20Barcelona%2C%20Spain,"la Font de la Guatlla, Barcelona, Spain","la Font de la Guatlla, Barcelona, Spain",PASS,PASS,MANUAL_VERIFICATION_REQUIRED,NOT_ATTRIBUTED_BY_CURRENT_CODE,UNVERIFIED,
barcelona/sant-pere-santa-caterina-i-la-ribera,https://www.booking.com/searchresults.html?ss=El%20Born%2C%20Barcelona%2C%20Spain,"El Born, Barcelona, Spain","El Born, Barcelona, Spain",PASS,PASS,MANUAL_VERIFICATION_REQUIRED,NOT_ATTRIBUTED_BY_CURRENT_CODE,UNVERIFIED,
barcelona/el-fort-pienc,https://www.booking.com/searchresults.html?ss=el%20Fort%20Pienc%2C%20Barcelona%2C%20Spain,"el Fort Pienc, Barcelona, Spain","el Fort Pienc, Barcelona, Spain",PASS,PASS,MANUAL_VERIFICATION_REQUIRED,NOT_ATTRIBUTED_BY_CURRENT_CODE,UNVERIFIED,
barcelona/la-sagrada-familia,https://www.booking.com/searchresults.html?ss=la%20Sagrada%20Fam%C3%ADlia%2C%20Barcelona%2C%20Spain,"la Sagrada Família, Barcelona, Spain","la Sagrada Família, Barcelona, Spain",PASS,PASS,MANUAL_VERIFICATION_REQUIRED,NOT_ATTRIBUTED_BY_CURRENT_CODE,UNVERIFIED,
barcelona/les-tres-torres,https://www.booking.com/searchresults.html?ss=les%20Tres%20Torres%2C%20Barcelona%2C%20Spain,"les Tres Torres, Barcelona, Spain","les Tres Torres, Barcelona, Spain",PASS,PASS,MANUAL_VERIFICATION_REQUIRED,NOT_ATTRIBUTED_BY_CURRENT_CODE,UNVERIFIED,
barcelona/sant-gervasi-la-bonanova,https://www.booking.com/searchresults.html?ss=La%20Bonanova%2C%20Barcelona%2C%20Spain,"La Bonanova, Barcelona, Spain","La Bonanova, Barcelona, Spain",PASS,PASS,MANUAL_VERIFICATION_REQUIRED,NOT_ATTRIBUTED_BY_CURRENT_CODE,UNVERIFIED,
barcelona/el-putxet-i-el-farro,https://www.booking.com/searchresults.html?ss=El%20Putxet%2C%20Barcelona%2C%20Spain,"El Putxet, Barcelona, Spain","El Putxet, Barcelona, Spain",PASS,PASS,MANUAL_VERIFICATION_REQUIRED,NOT_ATTRIBUTED_BY_CURRENT_CODE,UNVERIFIED,
barcelona/sant-gervasi-galvany,https://www.booking.com/searchresults.html?ss=Galvany%2C%20Barcelona%2C%20Spain,"Galvany, Barcelona, Spain","Galvany, Barcelona, Spain",PASS,PASS,MANUAL_VERIFICATION_REQUIRED,NOT_ATTRIBUTED_BY_CURRENT_CODE,UNVERIFIED,
barcelona/vallcarca-i-els-penitents,https://www.booking.com/searchresults.html?ss=Vallcarca%20i%20els%20Penitents%2C%20Barcelona%2C%20Spain,"Vallcarca i els Penitents, Barcelona, Spain","Vallcarca i els Penitents, Barcelona, Spain",PASS,PASS,MANUAL_VERIFICATION_REQUIRED,NOT_ATTRIBUTED_BY_CURRENT_CODE,UNVERIFIED,
barcelona/el-coll,https://www.booking.com/searchresults.html?ss=el%20Coll%2C%20Barcelona%2C%20Spain,"el Coll, Barcelona, Spain","el Coll, Barcelona, Spain",PASS,PASS,MANUAL_VERIFICATION_REQUIRED,NOT_ATTRIBUTED_BY_CURRENT_CODE,UNVERIFIED,
barcelona/la-salut,https://www.booking.com/searchresults.html?ss=la%20Salut%2C%20Barcelona%2C%20Spain,"la Salut, Barcelona, Spain","la Salut, Barcelona, Spain",PASS,PASS,MANUAL_VERIFICATION_REQUIRED,NOT_ATTRIBUTED_BY_CURRENT_CODE,UNVERIFIED,
barcelona/la-vila-de-gracia,https://www.booking.com/searchresults.html?ss=la%20Vila%20de%20Gr%C3%A0cia%2C%20Barcelona%2C%20Spain,"la Vila de Gràcia, Barcelona, Spain","la Vila de Gràcia, Barcelona, Spain",PASS,PASS,MANUAL_VERIFICATION_REQUIRED,NOT_ATTRIBUTED_BY_CURRENT_CODE,UNVERIFIED,
barcelona/el-camp-d-en-grassot-i-gracia-nova,https://www.booking.com/searchresults.html?ss=Camp%20d%27en%20Grassot%2C%20Barcelona%2C%20Spain,"Camp d'en Grassot, Barcelona, Spain","Camp d'en Grassot, Barcelona, Spain",PASS,PASS,MANUAL_VERIFICATION_REQUIRED,NOT_ATTRIBUTED_BY_CURRENT_CODE,UNVERIFIED,
barcelona/el-baix-guinardo,https://www.booking.com/searchresults.html?ss=el%20Baix%20Guinard%C3%B3%2C%20Barcelona%2C%20Spain,"el Baix Guinardó, Barcelona, Spain","el Baix Guinardó, Barcelona, Spain",PASS,PASS,MANUAL_VERIFICATION_REQUIRED,NOT_ATTRIBUTED_BY_CURRENT_CODE,UNVERIFIED,
barcelona/el-guinardo,https://www.booking.com/searchresults.html?ss=el%20Guinard%C3%B3%2C%20Barcelona%2C%20Spain,"el Guinardó, Barcelona, Spain","el Guinardó, Barcelona, Spain",PASS,PASS,MANUAL_VERIFICATION_REQUIRED,NOT_ATTRIBUTED_BY_CURRENT_CODE,UNVERIFIED,
barcelona/can-baro,https://www.booking.com/searchresults.html?ss=Can%20Bar%C3%B3%2C%20Barcelona%2C%20Spain,"Can Baró, Barcelona, Spain","Can Baró, Barcelona, Spain",PASS,PASS,MANUAL_VERIFICATION_REQUIRED,NOT_ATTRIBUTED_BY_CURRENT_CODE,UNVERIFIED,
barcelona/el-carmel,https://www.booking.com/searchresults.html?ss=el%20Carmel%2C%20Barcelona%2C%20Spain,"el Carmel, Barcelona, Spain","el Carmel, Barcelona, Spain",PASS,PASS,MANUAL_VERIFICATION_REQUIRED,NOT_ATTRIBUTED_BY_CURRENT_CODE,UNVERIFIED,
barcelona/la-teixonera,https://www.booking.com/searchresults.html?ss=la%20Teixonera%2C%20Barcelona%2C%20Spain,"la Teixonera, Barcelona, Spain","la Teixonera, Barcelona, Spain",PASS,PASS,MANUAL_VERIFICATION_REQUIRED,NOT_ATTRIBUTED_BY_CURRENT_CODE,UNVERIFIED,
barcelona/sant-genis-dels-agudells,https://www.booking.com/searchresults.html?ss=Sant%20Gen%C3%ADs%20dels%20Agudells%2C%20Barcelona%2C%20Spain,"Sant Genís dels Agudells, Barcelona, Spain","Sant Genís dels Agudells, Barcelona, Spain",PASS,PASS,MANUAL_VERIFICATION_REQUIRED,NOT_ATTRIBUTED_BY_CURRENT_CODE,UNVERIFIED,
barcelona/montbau,https://www.booking.com/searchresults.html?ss=Montbau%2C%20Barcelona%2C%20Spain,"Montbau, Barcelona, Spain","Montbau, Barcelona, Spain",PASS,PASS,MANUAL_VERIFICATION_REQUIRED,NOT_ATTRIBUTED_BY_CURRENT_CODE,UNVERIFIED,
barcelona/la-vall-d-hebron,https://www.booking.com/searchresults.html?ss=Vall%20d%27Hebron%2C%20Barcelona%2C%20Spain,"Vall d'Hebron, Barcelona, Spain","Vall d'Hebron, Barcelona, Spain",PASS,PASS,MANUAL_VERIFICATION_REQUIRED,NOT_ATTRIBUTED_BY_CURRENT_CODE,UNVERIFIED,
barcelona/la-clota,https://www.booking.com/searchresults.html?ss=la%20Clota%2C%20Barcelona%2C%20Spain,"la Clota, Barcelona, Spain","la Clota, Barcelona, Spain",PASS,PASS,MANUAL_VERIFICATION_REQUIRED,NOT_ATTRIBUTED_BY_CURRENT_CODE,UNVERIFIED,
barcelona/la-font-d-en-fargues,https://www.booking.com/searchresults.html?ss=la%20Font%20d%27en%20Fargues%2C%20Barcelona%2C%20Spain,"la Font d'en Fargues, Barcelona, Spain","la Font d'en Fargues, Barcelona, Spain",PASS,PASS,MANUAL_VERIFICATION_REQUIRED,NOT_ATTRIBUTED_BY_CURRENT_CODE,UNVERIFIED,
barcelona/horta,https://www.booking.com/searchresults.html?ss=Horta%2C%20Barcelona%2C%20Spain,"Horta, Barcelona, Spain","Horta, Barcelona, Spain",PASS,PASS,MANUAL_VERIFICATION_REQUIRED,NOT_ATTRIBUTED_BY_CURRENT_CODE,UNVERIFIED,
barcelona/vilapicina-i-la-torre-llobeta,https://www.booking.com/searchresults.html?ss=Vilapicina%2C%20Barcelona%2C%20Spain,"Vilapicina, Barcelona, Spain","Vilapicina, Barcelona, Spain",PASS,PASS,MANUAL_VERIFICATION_REQUIRED,NOT_ATTRIBUTED_BY_CURRENT_CODE,UNVERIFIED,
barcelona/porta,https://www.booking.com/searchresults.html?ss=Porta%2C%20Barcelona%2C%20Spain,"Porta, Barcelona, Spain","Porta, Barcelona, Spain",PASS,PASS,MANUAL_VERIFICATION_REQUIRED,NOT_ATTRIBUTED_BY_CURRENT_CODE,UNVERIFIED,
barcelona/el-turo-de-la-peira,https://www.booking.com/searchresults.html?ss=Tur%C3%B3%20de%20la%20Peira%2C%20Barcelona%2C%20Spain,"Turó de la Peira, Barcelona, Spain","Turó de la Peira, Barcelona, Spain",PASS,PASS,MANUAL_VERIFICATION_REQUIRED,NOT_ATTRIBUTED_BY_CURRENT_CODE,UNVERIFIED,
barcelona/hostafrancs,https://www.booking.com/searchresults.html?ss=Hostafrancs%2C%20Barcelona%2C%20Spain,"Hostafrancs, Barcelona, Spain","Hostafrancs, Barcelona, Spain",PASS,PASS,MANUAL_VERIFICATION_REQUIRED,NOT_ATTRIBUTED_BY_CURRENT_CODE,UNVERIFIED,
barcelona/la-bordeta,https://www.booking.com/searchresults.html?ss=la%20Bordeta%2C%20Barcelona%2C%20Spain,"la Bordeta, Barcelona, Spain","la Bordeta, Barcelona, Spain",PASS,PASS,MANUAL_VERIFICATION_REQUIRED,NOT_ATTRIBUTED_BY_CURRENT_CODE,UNVERIFIED,
barcelona/sants-badal,https://www.booking.com/searchresults.html?ss=Sants-Montju%C3%AFc%2C%20Barcelona%2C%20Spain,"Sants-Montjuïc, Barcelona, Spain","Sants-Montjuïc, Barcelona, Spain",PASS,PASS,MANUAL_VERIFICATION_REQUIRED,NOT_ATTRIBUTED_BY_CURRENT_CODE,UNVERIFIED,destination shared with 1 other zone(s)
barcelona/sants,https://www.booking.com/searchresults.html?ss=Sants-Montju%C3%AFc%2C%20Barcelona%2C%20Spain,"Sants-Montjuïc, Barcelona, Spain","Sants-Montjuïc, Barcelona, Spain",PASS,PASS,MANUAL_VERIFICATION_REQUIRED,NOT_ATTRIBUTED_BY_CURRENT_CODE,UNVERIFIED,destination shared with 1 other zone(s)
barcelona/les-corts,https://www.booking.com/searchresults.html?ss=les%20Corts%2C%20Barcelona%2C%20Spain,"les Corts, Barcelona, Spain","les Corts, Barcelona, Spain",PASS,PASS,MANUAL_VERIFICATION_REQUIRED,NOT_ATTRIBUTED_BY_CURRENT_CODE,UNVERIFIED,
barcelona/la-maternitat-i-sant-ramon,https://www.booking.com/searchresults.html?ss=Sant%20Ramon%2C%20Barcelona%2C%20Spain,"Sant Ramon, Barcelona, Spain","Sant Ramon, Barcelona, Spain",PASS,PASS,MANUAL_VERIFICATION_REQUIRED,NOT_ATTRIBUTED_BY_CURRENT_CODE,UNVERIFIED,
barcelona/pedralbes,https://www.booking.com/searchresults.html?ss=Pedralbes%2C%20Barcelona%2C%20Spain,"Pedralbes, Barcelona, Spain","Pedralbes, Barcelona, Spain",PASS,PASS,MANUAL_VERIFICATION_REQUIRED,NOT_ATTRIBUTED_BY_CURRENT_CODE,UNVERIFIED,
barcelona/vallvidrera-el-tibidabo-i-les-planes,https://www.booking.com/searchresults.html?ss=Tibidabo%2C%20Barcelona%2C%20Spain,"Tibidabo, Barcelona, Spain","Tibidabo, Barcelona, Spain",PASS,PASS,MANUAL_VERIFICATION_REQUIRED,NOT_ATTRIBUTED_BY_CURRENT_CODE,UNVERIFIED,
barcelona/sarria,https://www.booking.com/searchresults.html?ss=Sarri%C3%A0%2C%20Barcelona%2C%20Spain,"Sarrià, Barcelona, Spain","Sarrià, Barcelona, Spain",PASS,PASS,MANUAL_VERIFICATION_REQUIRED,NOT_ATTRIBUTED_BY_CURRENT_CODE,UNVERIFIED,
barcelona/la-trinitat-vella,https://www.booking.com/searchresults.html?ss=la%20Trinitat%20Vella%2C%20Barcelona%2C%20Spain,"la Trinitat Vella, Barcelona, Spain","la Trinitat Vella, Barcelona, Spain",PASS,PASS,MANUAL_VERIFICATION_REQUIRED,NOT_ATTRIBUTED_BY_CURRENT_CODE,UNVERIFIED,
barcelona/baro-de-viver,https://www.booking.com/searchresults.html?ss=Bar%C3%B3%20de%20Viver%2C%20Barcelona%2C%20Spain,"Baró de Viver, Barcelona, Spain","Baró de Viver, Barcelona, Spain",PASS,PASS,MANUAL_VERIFICATION_REQUIRED,NOT_ATTRIBUTED_BY_CURRENT_CODE,UNVERIFIED,
barcelona/el-bon-pastor,https://www.booking.com/searchresults.html?ss=el%20Bon%20Pastor%2C%20Barcelona%2C%20Spain,"el Bon Pastor, Barcelona, Spain","el Bon Pastor, Barcelona, Spain",PASS,PASS,MANUAL_VERIFICATION_REQUIRED,NOT_ATTRIBUTED_BY_CURRENT_CODE,UNVERIFIED,
barcelona/sant-andreu,https://www.booking.com/searchresults.html?ss=Sant%20Andreu%2C%20Barcelona%2C%20Spain,"Sant Andreu, Barcelona, Spain","Sant Andreu, Barcelona, Spain",PASS,PASS,MANUAL_VERIFICATION_REQUIRED,NOT_ATTRIBUTED_BY_CURRENT_CODE,UNVERIFIED,
barcelona/la-sagrera,https://www.booking.com/searchresults.html?ss=la%20Sagrera%2C%20Barcelona%2C%20Spain,"la Sagrera, Barcelona, Spain","la Sagrera, Barcelona, Spain",PASS,PASS,MANUAL_VERIFICATION_REQUIRED,NOT_ATTRIBUTED_BY_CURRENT_CODE,UNVERIFIED,
barcelona/el-congres-i-els-indians,https://www.booking.com/searchresults.html?ss=El%20Congr%C3%A9s%2C%20Barcelona%2C%20Spain,"El Congrés, Barcelona, Spain","El Congrés, Barcelona, Spain",PASS,PASS,MANUAL_VERIFICATION_REQUIRED,NOT_ATTRIBUTED_BY_CURRENT_CODE,UNVERIFIED,
barcelona/navas,https://www.booking.com/searchresults.html?ss=Navas%2C%20Barcelona%2C%20Spain,"Navas, Barcelona, Spain","Navas, Barcelona, Spain",PASS,PASS,MANUAL_VERIFICATION_REQUIRED,NOT_ATTRIBUTED_BY_CURRENT_CODE,UNVERIFIED,
barcelona/el-camp-de-l-arpa-del-clot,https://www.booking.com/searchresults.html?ss=Camp%20de%20l%27Arpa%2C%20Barcelona%2C%20Spain,"Camp de l'Arpa, Barcelona, Spain","Camp de l'Arpa, Barcelona, Spain",PASS,PASS,MANUAL_VERIFICATION_REQUIRED,NOT_ATTRIBUTED_BY_CURRENT_CODE,UNVERIFIED,
barcelona/el-clot,https://www.booking.com/searchresults.html?ss=el%20Clot%2C%20Barcelona%2C%20Spain,"el Clot, Barcelona, Spain","el Clot, Barcelona, Spain",PASS,PASS,MANUAL_VERIFICATION_REQUIRED,NOT_ATTRIBUTED_BY_CURRENT_CODE,UNVERIFIED,
barcelona/el-parc-i-la-llacuna-del-poblenou,https://www.booking.com/searchresults.html?ss=Poblenou%2C%20Barcelona%2C%20Spain,"Poblenou, Barcelona, Spain","Poblenou, Barcelona, Spain",PASS,PASS,MANUAL_VERIFICATION_REQUIRED,NOT_ATTRIBUTED_BY_CURRENT_CODE,UNVERIFIED,
barcelona/la-vila-olimpica-del-poblenou,https://www.booking.com/searchresults.html?ss=Vila%20Ol%C3%ADmpica%2C%20Barcelona%2C%20Spain,"Vila Olímpica, Barcelona, Spain","Vila Olímpica, Barcelona, Spain",PASS,PASS,MANUAL_VERIFICATION_REQUIRED,NOT_ATTRIBUTED_BY_CURRENT_CODE,UNVERIFIED,
barcelona/el-poblenou,https://www.booking.com/searchresults.html?ss=el%20Poblenou%2C%20Barcelona%2C%20Spain,"el Poblenou, Barcelona, Spain","el Poblenou, Barcelona, Spain",PASS,PASS,MANUAL_VERIFICATION_REQUIRED,NOT_ATTRIBUTED_BY_CURRENT_CODE,UNVERIFIED,
barcelona/diagonal-mar-i-el-front-maritim-del-poblenou,https://www.booking.com/searchresults.html?ss=Diagonal%20Mar%2C%20Barcelona%2C%20Spain,"Diagonal Mar, Barcelona, Spain","Diagonal Mar, Barcelona, Spain",PASS,PASS,MANUAL_VERIFICATION_REQUIRED,NOT_ATTRIBUTED_BY_CURRENT_CODE,UNVERIFIED,
barcelona/el-besos-i-el-maresme,https://www.booking.com/searchresults.html?ss=el%20Bes%C3%B2s%20i%20el%20Maresme%2C%20Barcelona%2C%20Spain,"el Besòs i el Maresme, Barcelona, Spain","el Besòs i el Maresme, Barcelona, Spain",PASS,PASS,MANUAL_VERIFICATION_REQUIRED,NOT_ATTRIBUTED_BY_CURRENT_CODE,UNVERIFIED,
barcelona/provencals-del-poblenou,https://www.booking.com/searchresults.html?ss=Proven%C3%A7als%2C%20Barcelona%2C%20Spain,"Provençals, Barcelona, Spain","Provençals, Barcelona, Spain",PASS,PASS,MANUAL_VERIFICATION_REQUIRED,NOT_ATTRIBUTED_BY_CURRENT_CODE,UNVERIFIED,
barcelona/sant-marti-de-provencals,https://www.booking.com/searchresults.html?ss=Sant%20Mart%C3%AD%2C%20Barcelona%2C%20Spain,"Sant Martí, Barcelona, Spain","Sant Martí, Barcelona, Spain",PASS,PASS,MANUAL_VERIFICATION_REQUIRED,NOT_ATTRIBUTED_BY_CURRENT_CODE,UNVERIFIED,
barcelona/la-verneda-i-la-pau,https://www.booking.com/searchresults.html?ss=La%20Verneda%2C%20Barcelona%2C%20Spain,"La Verneda, Barcelona, Spain","La Verneda, Barcelona, Spain",PASS,PASS,MANUAL_VERIFICATION_REQUIRED,NOT_ATTRIBUTED_BY_CURRENT_CODE,UNVERIFIED,
barcelona/can-peguera,https://www.booking.com/searchresults.html?ss=Can%20Peguera%2C%20Barcelona%2C%20Spain,"Can Peguera, Barcelona, Spain","Can Peguera, Barcelona, Spain",PASS,PASS,MANUAL_VERIFICATION_REQUIRED,NOT_ATTRIBUTED_BY_CURRENT_CODE,UNVERIFIED,
barcelona/la-guineueta,https://www.booking.com/searchresults.html?ss=la%20Guineueta%2C%20Barcelona%2C%20Spain,"la Guineueta, Barcelona, Spain","la Guineueta, Barcelona, Spain",PASS,PASS,MANUAL_VERIFICATION_REQUIRED,NOT_ATTRIBUTED_BY_CURRENT_CODE,UNVERIFIED,
barcelona/verdun,https://www.booking.com/searchresults.html?ss=Verdun%2C%20Barcelona%2C%20Spain,"Verdun, Barcelona, Spain","Verdun, Barcelona, Spain",PASS,PASS,MANUAL_VERIFICATION_REQUIRED,NOT_ATTRIBUTED_BY_CURRENT_CODE,UNVERIFIED,
barcelona/la-prosperitat,https://www.booking.com/searchresults.html?ss=la%20Prosperitat%2C%20Barcelona%2C%20Spain,"la Prosperitat, Barcelona, Spain","la Prosperitat, Barcelona, Spain",PASS,PASS,MANUAL_VERIFICATION_REQUIRED,NOT_ATTRIBUTED_BY_CURRENT_CODE,UNVERIFIED,
barcelona/canyelles,https://www.booking.com/searchresults.html?ss=Canyelles%2C%20Barcelona%2C%20Spain,"Canyelles, Barcelona, Spain","Canyelles, Barcelona, Spain",PASS,PASS,MANUAL_VERIFICATION_REQUIRED,NOT_ATTRIBUTED_BY_CURRENT_CODE,UNVERIFIED,
barcelona/les-roquetes,https://www.booking.com/searchresults.html?ss=les%20Roquetes%2C%20Barcelona%2C%20Spain,"les Roquetes, Barcelona, Spain","les Roquetes, Barcelona, Spain",PASS,PASS,MANUAL_VERIFICATION_REQUIRED,NOT_ATTRIBUTED_BY_CURRENT_CODE,UNVERIFIED,
barcelona/la-trinitat-nova,https://www.booking.com/searchresults.html?ss=la%20Trinitat%20Nova%2C%20Barcelona%2C%20Spain,"la Trinitat Nova, Barcelona, Spain","la Trinitat Nova, Barcelona, Spain",PASS,PASS,MANUAL_VERIFICATION_REQUIRED,NOT_ATTRIBUTED_BY_CURRENT_CODE,UNVERIFIED,
barcelona/torre-baro,https://www.booking.com/searchresults.html?ss=Torre%20Bar%C3%B3%2C%20Barcelona%2C%20Spain,"Torre Baró, Barcelona, Spain","Torre Baró, Barcelona, Spain",PASS,PASS,MANUAL_VERIFICATION_REQUIRED,NOT_ATTRIBUTED_BY_CURRENT_CODE,UNVERIFIED,
barcelona/ciutat-meridiana,https://www.booking.com/searchresults.html?ss=Ciutat%20Meridiana%2C%20Barcelona%2C%20Spain,"Ciutat Meridiana, Barcelona, Spain","Ciutat Meridiana, Barcelona, Spain",PASS,PASS,MANUAL_VERIFICATION_REQUIRED,NOT_ATTRIBUTED_BY_CURRENT_CODE,UNVERIFIED,
barcelona/vallbona,https://www.booking.com/searchresults.html?ss=Vallbona%2C%20Barcelona%2C%20Spain,"Vallbona, Barcelona, Spain","Vallbona, Barcelona, Spain",PASS,PASS,MANUAL_VERIFICATION_REQUIRED,NOT_ATTRIBUTED_BY_CURRENT_CODE,UNVERIFIED,
berlin/adlershof,https://www.booking.com/searchresults.html?ss=Adlershof%2C%20Berlin%2C%20Germany,"Adlershof, Berlin, Germany","Adlershof, Berlin, Germany",PASS,PASS,MANUAL_VERIFICATION_REQUIRED,NOT_ATTRIBUTED_BY_CURRENT_CODE,UNVERIFIED,
berlin/albrechtstrasse,https://www.booking.com/searchresults.html?ss=Albrechtstra%C3%9Fe%2C%20Berlin%2C%20Germany,"Albrechtstraße, Berlin, Germany","Albrechtstraße, Berlin, Germany",PASS,PASS,MANUAL_VERIFICATION_REQUIRED,NOT_ATTRIBUTED_BY_CURRENT_CODE,UNVERIFIED,
berlin/alexanderplatz,https://www.booking.com/searchresults.html?ss=Alexanderplatz%2C%20Berlin%2C%20Germany,"Alexanderplatz, Berlin, Germany","Alexanderplatz, Berlin, Germany",PASS,PASS,MANUAL_VERIFICATION_REQUIRED,NOT_ATTRIBUTED_BY_CURRENT_CODE,UNVERIFIED,
berlin/allende-viertel,https://www.booking.com/searchresults.html?ss=Allende-Viertel%2C%20Berlin%2C%20Germany,"Allende-Viertel, Berlin, Germany","Allende-Viertel, Berlin, Germany",PASS,PASS,MANUAL_VERIFICATION_REQUIRED,NOT_ATTRIBUTED_BY_CURRENT_CODE,UNVERIFIED,
berlin/altglienicke,https://www.booking.com/searchresults.html?ss=Altglienicke%2C%20Berlin%2C%20Germany,"Altglienicke, Berlin, Germany","Altglienicke, Berlin, Germany",PASS,PASS,MANUAL_VERIFICATION_REQUIRED,NOT_ATTRIBUTED_BY_CURRENT_CODE,UNVERIFIED,
berlin/alt-hohenschonhausen-nord,https://www.booking.com/searchresults.html?ss=Alt-Hohensch%C3%B6nhausen%20Nord%2C%20Berlin%2C%20Germany,"Alt-Hohenschönhausen Nord, Berlin, Germany","Alt-Hohenschönhausen Nord, Berlin, Germany",PASS,PASS,MANUAL_VERIFICATION_REQUIRED,NOT_ATTRIBUTED_BY_CURRENT_CODE,UNVERIFIED,
berlin/alt-hohenschonhausen-sud,https://www.booking.com/searchresults.html?ss=Alt-Hohensch%C3%B6nhausen%20S%C3%BCd%2C%20Berlin%2C%20Germany,"Alt-Hohenschönhausen Süd, Berlin, Germany","Alt-Hohenschönhausen Süd, Berlin, Germany",PASS,PASS,MANUAL_VERIFICATION_REQUIRED,NOT_ATTRIBUTED_BY_CURRENT_CODE,UNVERIFIED,
berlin/alt-lichtenberg,https://www.booking.com/searchresults.html?ss=Alt-Lichtenberg%2C%20Berlin%2C%20Germany,"Alt-Lichtenberg, Berlin, Germany","Alt-Lichtenberg, Berlin, Germany",PASS,PASS,MANUAL_VERIFICATION_REQUIRED,NOT_ATTRIBUTED_BY_CURRENT_CODE,UNVERIFIED,
berlin/altstadt-kopenick,https://www.booking.com/searchresults.html?ss=Altstadt%20K%C3%B6penick%2C%20Berlin%2C%20Germany,"Altstadt Köpenick, Berlin, Germany","Altstadt Köpenick, Berlin, Germany",PASS,PASS,MANUAL_VERIFICATION_REQUIRED,NOT_ATTRIBUTED_BY_CURRENT_CODE,UNVERIFIED,
berlin/alt-treptow,https://www.booking.com/searchresults.html?ss=Alt-Treptow%2C%20Berlin%2C%20Germany,"Alt-Treptow, Berlin, Germany","Alt-Treptow, Berlin, Germany",PASS,PASS,MANUAL_VERIFICATION_REQUIRED,NOT_ATTRIBUTED_BY_CURRENT_CODE,UNVERIFIED,
berlin/baumschulenweg,https://www.booking.com/searchresults.html?ss=Baumschulenweg%2C%20Berlin%2C%20Germany,"Baumschulenweg, Berlin, Germany","Baumschulenweg, Berlin, Germany",PASS,PASS,MANUAL_VERIFICATION_REQUIRED,NOT_ATTRIBUTED_BY_CURRENT_CODE,UNVERIFIED,
berlin/biesdorf,https://www.booking.com/searchresults.html?ss=Biesdorf%2C%20Berlin%2C%20Germany,"Biesdorf, Berlin, Germany","Biesdorf, Berlin, Germany",PASS,PASS,MANUAL_VERIFICATION_REQUIRED,NOT_ATTRIBUTED_BY_CURRENT_CODE,UNVERIFIED,
berlin/blankenburg-heinersdorf-marchenland,https://www.booking.com/searchresults.html?ss=Blankenburg/%20Heinersdorf/%20M%C3%A4rchenland%2C%20Berlin%2C%20Germany,"Blankenburg/ Heinersdorf/ Märchenland, Berlin, Germany","Blankenburg/ Heinersdorf/ Märchenland, Berlin, Germany",PASS,PASS,MANUAL_VERIFICATION_REQUIRED,NOT_ATTRIBUTED_BY_CURRENT_CODE,UNVERIFIED,
berlin/blankenfelde-niederschonhausen,https://www.booking.com/searchresults.html?ss=Blankenfelde/%20Niedersch%C3%B6nhausen%2C%20Berlin%2C%20Germany,"Blankenfelde/ Niederschönhausen, Berlin, Germany","Blankenfelde/ Niederschönhausen, Berlin, Germany",PASS,PASS,MANUAL_VERIFICATION_REQUIRED,NOT_ATTRIBUTED_BY_CURRENT_CODE,UNVERIFIED,
berlin/bohnsdorf,https://www.booking.com/searchresults.html?ss=Bohnsdorf%2C%20Berlin%2C%20Germany,"Bohnsdorf, Berlin, Germany","Bohnsdorf, Berlin, Germany",PASS,PASS,MANUAL_VERIFICATION_REQUIRED,NOT_ATTRIBUTED_BY_CURRENT_CODE,UNVERIFIED,
berlin/britz,https://www.booking.com/searchresults.html?ss=Britz%2C%20Berlin%2C%20Germany,"Britz, Berlin, Germany","Britz, Berlin, Germany",PASS,PASS,MANUAL_VERIFICATION_REQUIRED,NOT_ATTRIBUTED_BY_CURRENT_CODE,UNVERIFIED,
berlin/britz-nord,https://www.booking.com/searchresults.html?ss=Britz%20Nord%2C%20Berlin%2C%20Germany,"Britz Nord, Berlin, Germany","Britz Nord, Berlin, Germany",PASS,PASS,MANUAL_VERIFICATION_REQUIRED,NOT_ATTRIBUTED_BY_CURRENT_CODE,UNVERIFIED,
berlin/brunnenstrasse-nord,https://www.booking.com/searchresults.html?ss=Brunnenstra%C3%9Fe%20Nord%2C%20Berlin%2C%20Germany,"Brunnenstraße Nord, Berlin, Germany","Brunnenstraße Nord, Berlin, Germany",PASS,PASS,MANUAL_VERIFICATION_REQUIRED,NOT_ATTRIBUTED_BY_CURRENT_CODE,UNVERIFIED,
berlin/brunnenstrasse-sud,https://www.booking.com/searchresults.html?ss=Brunnenstra%C3%9Fe%20S%C3%BCd%2C%20Berlin%2C%20Germany,"Brunnenstraße Süd, Berlin, Germany","Brunnenstraße Süd, Berlin, Germany",PASS,PASS,MANUAL_VERIFICATION_REQUIRED,NOT_ATTRIBUTED_BY_CURRENT_CODE,UNVERIFIED,
berlin/brunsbutteler-damm,https://www.booking.com/searchresults.html?ss=Brunsb%C3%BCtteler%20Damm%2C%20Berlin%2C%20Germany,"Brunsbütteler Damm, Berlin, Germany","Brunsbütteler Damm, Berlin, Germany",PASS,PASS,MANUAL_VERIFICATION_REQUIRED,NOT_ATTRIBUTED_BY_CURRENT_CODE,UNVERIFIED,
berlin/buch,https://www.booking.com/searchresults.html?ss=Buch%2C%20Berlin%2C%20Germany,"Buch, Berlin, Germany","Buch, Berlin, Germany",PASS,PASS,MANUAL_VERIFICATION_REQUIRED,NOT_ATTRIBUTED_BY_CURRENT_CODE,UNVERIFIED,
berlin/buchholz,https://www.booking.com/searchresults.html?ss=Buchholz%2C%20Berlin%2C%20Germany,"Buchholz, Berlin, Germany","Buchholz, Berlin, Germany",PASS,PASS,MANUAL_VERIFICATION_REQUIRED,NOT_ATTRIBUTED_BY_CURRENT_CODE,UNVERIFIED,
berlin/buckow,https://www.booking.com/searchresults.html?ss=Buckow%2C%20Berlin%2C%20Germany,"Buckow, Berlin, Germany","Buckow, Berlin, Germany",PASS,PASS,MANUAL_VERIFICATION_REQUIRED,NOT_ATTRIBUTED_BY_CURRENT_CODE,UNVERIFIED,
berlin/buckow-nord,https://www.booking.com/searchresults.html?ss=Buckow%20Nord%2C%20Berlin%2C%20Germany,"Buckow Nord, Berlin, Germany","Buckow Nord, Berlin, Germany",PASS,PASS,MANUAL_VERIFICATION_REQUIRED,NOT_ATTRIBUTED_BY_CURRENT_CODE,UNVERIFIED,
berlin/charlottenburg-nord,https://www.booking.com/searchresults.html?ss=Charlottenburg%20Nord%2C%20Berlin%2C%20Germany,"Charlottenburg Nord, Berlin, Germany","Charlottenburg Nord, Berlin, Germany",PASS,PASS,MANUAL_VERIFICATION_REQUIRED,NOT_ATTRIBUTED_BY_CURRENT_CODE,UNVERIFIED,
berlin/dammvorstadt,https://www.booking.com/searchresults.html?ss=Dammvorstadt%2C%20Berlin%2C%20Germany,"Dammvorstadt, Berlin, Germany","Dammvorstadt, Berlin, Germany",PASS,PASS,MANUAL_VERIFICATION_REQUIRED,NOT_ATTRIBUTED_BY_CURRENT_CODE,UNVERIFIED,
berlin/drakestrasse,https://www.booking.com/searchresults.html?ss=Drakestra%C3%9Fe%2C%20Berlin%2C%20Germany,"Drakestraße, Berlin, Germany","Drakestraße, Berlin, Germany",PASS,PASS,MANUAL_VERIFICATION_REQUIRED,NOT_ATTRIBUTED_BY_CURRENT_CODE,UNVERIFIED,
berlin/falkenhagener-feld,https://www.booking.com/searchresults.html?ss=Falkenhagener%20Feld%2C%20Berlin%2C%20Germany,"Falkenhagener Feld, Berlin, Germany","Falkenhagener Feld, Berlin, Germany",PASS,PASS,MANUAL_VERIFICATION_REQUIRED,NOT_ATTRIBUTED_BY_CURRENT_CODE,UNVERIFIED,
berlin/fennpfuhl,https://www.booking.com/searchresults.html?ss=Fennpfuhl%2C%20Berlin%2C%20Germany,"Fennpfuhl, Berlin, Germany","Fennpfuhl, Berlin, Germany",PASS,PASS,MANUAL_VERIFICATION_REQUIRED,NOT_ATTRIBUTED_BY_CURRENT_CODE,UNVERIFIED,
berlin/frankfurter-allee-nord,https://www.booking.com/searchresults.html?ss=Frankfurter%20Allee%20Nord%2C%20Berlin%2C%20Germany,"Frankfurter Allee Nord, Berlin, Germany","Frankfurter Allee Nord, Berlin, Germany",PASS,PASS,MANUAL_VERIFICATION_REQUIRED,NOT_ATTRIBUTED_BY_CURRENT_CODE,UNVERIFIED,
berlin/frankfurter-allee-sud,https://www.booking.com/searchresults.html?ss=Frankfurter%20Allee%20S%C3%BCd%2C%20Berlin%2C%20Germany,"Frankfurter Allee Süd, Berlin, Germany","Frankfurter Allee Süd, Berlin, Germany",PASS,PASS,MANUAL_VERIFICATION_REQUIRED,NOT_ATTRIBUTED_BY_CURRENT_CODE,UNVERIFIED,
berlin/frankfurter-allee-sud-fk,https://www.booking.com/searchresults.html?ss=Frankfurter%20Allee%20S%C3%BCd%20FK%2C%20Berlin%2C%20Germany,"Frankfurter Allee Süd FK, Berlin, Germany","Frankfurter Allee Süd FK, Berlin, Germany",PASS,PASS,MANUAL_VERIFICATION_REQUIRED,NOT_ATTRIBUTED_BY_CURRENT_CODE,UNVERIFIED,
berlin/friedenau-ost,https://www.booking.com/searchresults.html?ss=Friedenau%20Ost%2C%20Berlin%2C%20Germany,"Friedenau Ost, Berlin, Germany","Friedenau Ost, Berlin, Germany",PASS,PASS,MANUAL_VERIFICATION_REQUIRED,NOT_ATTRIBUTED_BY_CURRENT_CODE,UNVERIFIED,
berlin/friedenau-west,https://www.booking.com/searchresults.html?ss=Friedenau%20West%2C%20Berlin%2C%20Germany,"Friedenau West, Berlin, Germany","Friedenau West, Berlin, Germany",PASS,PASS,MANUAL_VERIFICATION_REQUIRED,NOT_ATTRIBUTED_BY_CURRENT_CODE,UNVERIFIED,
berlin/friedrichsfelde-nord,https://www.booking.com/searchresults.html?ss=Friedrichsfelde%20Nord%2C%20Berlin%2C%20Germany,"Friedrichsfelde Nord, Berlin, Germany","Friedrichsfelde Nord, Berlin, Germany",PASS,PASS,MANUAL_VERIFICATION_REQUIRED,NOT_ATTRIBUTED_BY_CURRENT_CODE,UNVERIFIED,
berlin/friedrichsfelde-sud,https://www.booking.com/searchresults.html?ss=Friedrichsfelde%20S%C3%BCd%2C%20Berlin%2C%20Germany,"Friedrichsfelde Süd, Berlin, Germany","Friedrichsfelde Süd, Berlin, Germany",PASS,PASS,MANUAL_VERIFICATION_REQUIRED,NOT_ATTRIBUTED_BY_CURRENT_CODE,UNVERIFIED,
berlin/friedrichshagen,https://www.booking.com/searchresults.html?ss=Friedrichshagen%2C%20Berlin%2C%20Germany,"Friedrichshagen, Berlin, Germany","Friedrichshagen, Berlin, Germany",PASS,PASS,MANUAL_VERIFICATION_REQUIRED,NOT_ATTRIBUTED_BY_CURRENT_CODE,UNVERIFIED,
berlin/gatow-kladow,https://www.booking.com/searchresults.html?ss=Gatow/Kladow%2C%20Berlin%2C%20Germany,"Gatow/Kladow, Berlin, Germany","Gatow/Kladow, Berlin, Germany",PASS,PASS,MANUAL_VERIFICATION_REQUIRED,NOT_ATTRIBUTED_BY_CURRENT_CODE,UNVERIFIED,
berlin/gropiusstadt-ost,https://www.booking.com/searchresults.html?ss=Gropiusstadt%20Ost%2C%20Berlin%2C%20Germany,"Gropiusstadt Ost, Berlin, Germany","Gropiusstadt Ost, Berlin, Germany",PASS,PASS,MANUAL_VERIFICATION_REQUIRED,NOT_ATTRIBUTED_BY_CURRENT_CODE,UNVERIFIED,
berlin/gropiusstadt-west,https://www.booking.com/searchresults.html?ss=Gropiusstadt%20West%2C%20Berlin%2C%20Germany,"Gropiusstadt West, Berlin, Germany","Gropiusstadt West, Berlin, Germany",PASS,PASS,MANUAL_VERIFICATION_REQUIRED,NOT_ATTRIBUTED_BY_CURRENT_CODE,UNVERIFIED,
berlin/grunau,https://www.booking.com/searchresults.html?ss=Gr%C3%BCnau%2C%20Berlin%2C%20Germany,"Grünau, Berlin, Germany","Grünau, Berlin, Germany",PASS,PASS,MANUAL_VERIFICATION_REQUIRED,NOT_ATTRIBUTED_BY_CURRENT_CODE,UNVERIFIED,
berlin/grunewald,https://www.booking.com/searchresults.html?ss=Grunewald%2C%20Berlin%2C%20Germany,"Grunewald, Berlin, Germany","Grunewald, Berlin, Germany",PASS,PASS,MANUAL_VERIFICATION_REQUIRED,NOT_ATTRIBUTED_BY_CURRENT_CODE,UNVERIFIED,
berlin/hakenfelde,https://www.booking.com/searchresults.html?ss=Hakenfelde%2C%20Berlin%2C%20Germany,"Hakenfelde, Berlin, Germany","Hakenfelde, Berlin, Germany",PASS,PASS,MANUAL_VERIFICATION_REQUIRED,NOT_ATTRIBUTED_BY_CURRENT_CODE,UNVERIFIED,
berlin/halensee,https://www.booking.com/searchresults.html?ss=Halensee%2C%20Berlin%2C%20Germany,"Halensee, Berlin, Germany","Halensee, Berlin, Germany",PASS,PASS,MANUAL_VERIFICATION_REQUIRED,NOT_ATTRIBUTED_BY_CURRENT_CODE,UNVERIFIED,
berlin/haselhorst,https://www.booking.com/searchresults.html?ss=Haselhorst%2C%20Berlin%2C%20Germany,"Haselhorst, Berlin, Germany","Haselhorst, Berlin, Germany",PASS,PASS,MANUAL_VERIFICATION_REQUIRED,NOT_ATTRIBUTED_BY_CURRENT_CODE,UNVERIFIED,
berlin/heerstrasse-charlottenburg-wilmersdorf,https://www.booking.com/searchresults.html?ss=Charlottenburg-Wilmersdorf%2C%20Berlin%2C%20Germany,"Charlottenburg-Wilmersdorf, Berlin, Germany","Charlottenburg-Wilmersdorf, Berlin, Germany",PASS,PASS,MANUAL_VERIFICATION_REQUIRED,NOT_ATTRIBUTED_BY_CURRENT_CODE,UNVERIFIED,
berlin/heerstrasse-spandau,https://www.booking.com/searchresults.html?ss=Spandau%2C%20Berlin%2C%20Germany,"Spandau, Berlin, Germany","Spandau, Berlin, Germany",PASS,PASS,MANUAL_VERIFICATION_REQUIRED,NOT_ATTRIBUTED_BY_CURRENT_CODE,UNVERIFIED,
berlin/hellersdorf-nord,https://www.booking.com/searchresults.html?ss=Hellersdorf%20Nord%2C%20Berlin%2C%20Germany,"Hellersdorf Nord, Berlin, Germany","Hellersdorf Nord, Berlin, Germany",PASS,PASS,MANUAL_VERIFICATION_REQUIRED,NOT_ATTRIBUTED_BY_CURRENT_CODE,UNVERIFIED,
berlin/hellersdorf-ost,https://www.booking.com/searchresults.html?ss=Hellersdorf%20Ost%2C%20Berlin%2C%20Germany,"Hellersdorf Ost, Berlin, Germany","Hellersdorf Ost, Berlin, Germany",PASS,PASS,MANUAL_VERIFICATION_REQUIRED,NOT_ATTRIBUTED_BY_CURRENT_CODE,UNVERIFIED,
berlin/hellersdorf-sud,https://www.booking.com/searchresults.html?ss=Hellersdorf%20S%C3%BCd%2C%20Berlin%2C%20Germany,"Hellersdorf Süd, Berlin, Germany","Hellersdorf Süd, Berlin, Germany",PASS,PASS,MANUAL_VERIFICATION_REQUIRED,NOT_ATTRIBUTED_BY_CURRENT_CODE,UNVERIFIED,
berlin/helmholtzplatz,https://www.booking.com/searchresults.html?ss=Helmholtzplatz%2C%20Berlin%2C%20Germany,"Helmholtzplatz, Berlin, Germany","Helmholtzplatz, Berlin, Germany",PASS,PASS,MANUAL_VERIFICATION_REQUIRED,NOT_ATTRIBUTED_BY_CURRENT_CODE,UNVERIFIED,
berlin/johannisthal,https://www.booking.com/searchresults.html?ss=Johannisthal%2C%20Berlin%2C%20Germany,"Johannisthal, Berlin, Germany","Johannisthal, Berlin, Germany",PASS,PASS,MANUAL_VERIFICATION_REQUIRED,NOT_ATTRIBUTED_BY_CURRENT_CODE,UNVERIFIED,
berlin/karl-marx-allee-nord,https://www.booking.com/searchresults.html?ss=Karl-Marx-Allee%20Nord%2C%20Berlin%2C%20Germany,"Karl-Marx-Allee Nord, Berlin, Germany","Karl-Marx-Allee Nord, Berlin, Germany",PASS,PASS,MANUAL_VERIFICATION_REQUIRED,NOT_ATTRIBUTED_BY_CURRENT_CODE,UNVERIFIED,
berlin/karl-marx-allee-sud,https://www.booking.com/searchresults.html?ss=Karl-Marx-Allee%20S%C3%BCd%2C%20Berlin%2C%20Germany,"Karl-Marx-Allee Süd, Berlin, Germany","Karl-Marx-Allee Süd, Berlin, Germany",PASS,PASS,MANUAL_VERIFICATION_REQUIRED,NOT_ATTRIBUTED_BY_CURRENT_CODE,UNVERIFIED,
berlin/karlshorst,https://www.booking.com/searchresults.html?ss=Karlshorst%2C%20Berlin%2C%20Germany,"Karlshorst, Berlin, Germany","Karlshorst, Berlin, Germany",PASS,PASS,MANUAL_VERIFICATION_REQUIRED,NOT_ATTRIBUTED_BY_CURRENT_CODE,UNVERIFIED,
berlin/karow,https://www.booking.com/searchresults.html?ss=Karow%2C%20Berlin%2C%20Germany,"Karow, Berlin, Germany","Karow, Berlin, Germany",PASS,PASS,MANUAL_VERIFICATION_REQUIRED,NOT_ATTRIBUTED_BY_CURRENT_CODE,UNVERIFIED,
berlin/kaulsdorf,https://www.booking.com/searchresults.html?ss=Kaulsdorf%2C%20Berlin%2C%20Germany,"Kaulsdorf, Berlin, Germany","Kaulsdorf, Berlin, Germany",PASS,PASS,MANUAL_VERIFICATION_REQUIRED,NOT_ATTRIBUTED_BY_CURRENT_CODE,UNVERIFIED,
berlin/kollnische-heide,https://www.booking.com/searchresults.html?ss=K%C3%B6llnische%20Heide%2C%20Berlin%2C%20Germany,"Köllnische Heide, Berlin, Germany","Köllnische Heide, Berlin, Germany",PASS,PASS,MANUAL_VERIFICATION_REQUIRED,NOT_ATTRIBUTED_BY_CURRENT_CODE,UNVERIFIED,
berlin/kollnische-vorstadt-spindlersfeld,https://www.booking.com/searchresults.html?ss=K%C3%B6llnische%20Vorstadt/%20Spindlersfeld%2C%20Berlin%2C%20Germany,"Köllnische Vorstadt/ Spindlersfeld, Berlin, Germany","Köllnische Vorstadt/ Spindlersfeld, Berlin, Germany",PASS,PASS,MANUAL_VERIFICATION_REQUIRED,NOT_ATTRIBUTED_BY_CURRENT_CODE,UNVERIFIED,
berlin/kopenick-nord,https://www.booking.com/searchresults.html?ss=K%C3%B6penick%20Nord%2C%20Berlin%2C%20Germany,"Köpenick Nord, Berlin, Germany","Köpenick Nord, Berlin, Germany",PASS,PASS,MANUAL_VERIFICATION_REQUIRED,NOT_ATTRIBUTED_BY_CURRENT_CODE,UNVERIFIED,
berlin/kopenick-sud,https://www.booking.com/searchresults.html?ss=K%C3%B6penick%20S%C3%BCd%2C%20Berlin%2C%20Germany,"Köpenick Süd, Berlin, Germany","Köpenick Süd, Berlin, Germany",PASS,PASS,MANUAL_VERIFICATION_REQUIRED,NOT_ATTRIBUTED_BY_CURRENT_CODE,UNVERIFIED,
berlin/lankwitz,https://www.booking.com/searchresults.html?ss=Lankwitz%2C%20Berlin%2C%20Germany,"Lankwitz, Berlin, Germany","Lankwitz, Berlin, Germany",PASS,PASS,MANUAL_VERIFICATION_REQUIRED,NOT_ATTRIBUTED_BY_CURRENT_CODE,UNVERIFIED,
berlin/lichtenrade-nord,https://www.booking.com/searchresults.html?ss=Lichtenrade%20Nord%2C%20Berlin%2C%20Germany,"Lichtenrade Nord, Berlin, Germany","Lichtenrade Nord, Berlin, Germany",PASS,PASS,MANUAL_VERIFICATION_REQUIRED,NOT_ATTRIBUTED_BY_CURRENT_CODE,UNVERIFIED,
berlin/lichtenrade-sud,https://www.booking.com/searchresults.html?ss=Lichtenrade%20S%C3%BCd%2C%20Berlin%2C%20Germany,"Lichtenrade Süd, Berlin, Germany","Lichtenrade Süd, Berlin, Germany",PASS,PASS,MANUAL_VERIFICATION_REQUIRED,NOT_ATTRIBUTED_BY_CURRENT_CODE,UNVERIFIED,
berlin/lietzenburger-strasse,https://www.booking.com/searchresults.html?ss=Lietzenburger%20Stra%C3%9Fe%2C%20Berlin%2C%20Germany,"Lietzenburger Straße, Berlin, Germany","Lietzenburger Straße, Berlin, Germany",PASS,PASS,MANUAL_VERIFICATION_REQUIRED,NOT_ATTRIBUTED_BY_CURRENT_CODE,UNVERIFIED,
berlin/mahlsdorf,https://www.booking.com/searchresults.html?ss=Mahlsdorf%2C%20Berlin%2C%20Germany,"Mahlsdorf, Berlin, Germany","Mahlsdorf, Berlin, Germany",PASS,PASS,MANUAL_VERIFICATION_REQUIRED,NOT_ATTRIBUTED_BY_CURRENT_CODE,UNVERIFIED,
berlin/malchow-wartenberg-und-falkenberg,https://www.booking.com/searchresults.html?ss=Malchow%2C%20Wartenberg%20und%20Falkenberg%2C%20Berlin%2C%20Germany,"Malchow, Wartenberg und Falkenberg, Berlin, Germany","Malchow, Wartenberg und Falkenberg, Berlin, Germany",PASS,PASS,MANUAL_VERIFICATION_REQUIRED,NOT_ATTRIBUTED_BY_CURRENT_CODE,UNVERIFIED,
berlin/mariendorf-nord,https://www.booking.com/searchresults.html?ss=Mariendorf%20Nord%2C%20Berlin%2C%20Germany,"Mariendorf Nord, Berlin, Germany","Mariendorf Nord, Berlin, Germany",PASS,PASS,MANUAL_VERIFICATION_REQUIRED,NOT_ATTRIBUTED_BY_CURRENT_CODE,UNVERIFIED,
berlin/mariendorf-sud,https://www.booking.com/searchresults.html?ss=Mariendorf%20S%C3%BCd%2C%20Berlin%2C%20Germany,"Mariendorf Süd, Berlin, Germany","Mariendorf Süd, Berlin, Germany",PASS,PASS,MANUAL_VERIFICATION_REQUIRED,NOT_ATTRIBUTED_BY_CURRENT_CODE,UNVERIFIED,
berlin/marienfelde-nord,https://www.booking.com/searchresults.html?ss=Marienfelde%20Nord%2C%20Berlin%2C%20Germany,"Marienfelde Nord, Berlin, Germany","Marienfelde Nord, Berlin, Germany",PASS,PASS,MANUAL_VERIFICATION_REQUIRED,NOT_ATTRIBUTED_BY_CURRENT_CODE,UNVERIFIED,
berlin/marienfelde-sud,https://www.booking.com/searchresults.html?ss=Marienfelde%20S%C3%BCd%2C%20Berlin%2C%20Germany,"Marienfelde Süd, Berlin, Germany","Marienfelde Süd, Berlin, Germany",PASS,PASS,MANUAL_VERIFICATION_REQUIRED,NOT_ATTRIBUTED_BY_CURRENT_CODE,UNVERIFIED,
berlin/marzahn-mitte,https://www.booking.com/searchresults.html?ss=Marzahn%20Mitte%2C%20Berlin%2C%20Germany,"Marzahn Mitte, Berlin, Germany","Marzahn Mitte, Berlin, Germany",PASS,PASS,MANUAL_VERIFICATION_REQUIRED,NOT_ATTRIBUTED_BY_CURRENT_CODE,UNVERIFIED,
berlin/marzahn-nord,https://www.booking.com/searchresults.html?ss=Marzahn%20Nord%2C%20Berlin%2C%20Germany,"Marzahn Nord, Berlin, Germany","Marzahn Nord, Berlin, Germany",PASS,PASS,MANUAL_VERIFICATION_REQUIRED,NOT_ATTRIBUTED_BY_CURRENT_CODE,UNVERIFIED,
berlin/marzahn-sud,https://www.booking.com/searchresults.html?ss=Marzahn%20S%C3%BCd%2C%20Berlin%2C%20Germany,"Marzahn Süd, Berlin, Germany","Marzahn Süd, Berlin, Germany",PASS,PASS,MANUAL_VERIFICATION_REQUIRED,NOT_ATTRIBUTED_BY_CURRENT_CODE,UNVERIFIED,
berlin/mierendorffplatz,https://www.booking.com/searchresults.html?ss=Mierendorffplatz%2C%20Berlin%2C%20Germany,"Mierendorffplatz, Berlin, Germany","Mierendorffplatz, Berlin, Germany",PASS,PASS,MANUAL_VERIFICATION_REQUIRED,NOT_ATTRIBUTED_BY_CURRENT_CODE,UNVERIFIED,
berlin/moabit-ost,https://www.booking.com/searchresults.html?ss=Moabit%20Ost%2C%20Berlin%2C%20Germany,"Moabit Ost, Berlin, Germany","Moabit Ost, Berlin, Germany",PASS,PASS,MANUAL_VERIFICATION_REQUIRED,NOT_ATTRIBUTED_BY_CURRENT_CODE,UNVERIFIED,
berlin/moabit-west,https://www.booking.com/searchresults.html?ss=Moabit%20West%2C%20Berlin%2C%20Germany,"Moabit West, Berlin, Germany","Moabit West, Berlin, Germany",PASS,PASS,MANUAL_VERIFICATION_REQUIRED,NOT_ATTRIBUTED_BY_CURRENT_CODE,UNVERIFIED,
berlin/muggelheim,https://www.booking.com/searchresults.html?ss=M%C3%BCggelheim%2C%20Berlin%2C%20Germany,"Müggelheim, Berlin, Germany","Müggelheim, Berlin, Germany",PASS,PASS,MANUAL_VERIFICATION_REQUIRED,NOT_ATTRIBUTED_BY_CURRENT_CODE,UNVERIFIED,
berlin/mv-nord,https://www.booking.com/searchresults.html?ss=MV%20Nord%2C%20Berlin%2C%20Germany,"MV Nord, Berlin, Germany","MV Nord, Berlin, Germany",PASS,PASS,MANUAL_VERIFICATION_REQUIRED,NOT_ATTRIBUTED_BY_CURRENT_CODE,UNVERIFIED,
berlin/mv-sud,https://www.booking.com/searchresults.html?ss=MV%20S%C3%BCd%2C%20Berlin%2C%20Germany,"MV Süd, Berlin, Germany","MV Süd, Berlin, Germany",PASS,PASS,MANUAL_VERIFICATION_REQUIRED,NOT_ATTRIBUTED_BY_CURRENT_CODE,UNVERIFIED,
berlin/neu-hohenschonhausen-nord,https://www.booking.com/searchresults.html?ss=Neu-Hohensch%C3%B6nhausen%20Nord%2C%20Berlin%2C%20Germany,"Neu-Hohenschönhausen Nord, Berlin, Germany","Neu-Hohenschönhausen Nord, Berlin, Germany",PASS,PASS,MANUAL_VERIFICATION_REQUIRED,NOT_ATTRIBUTED_BY_CURRENT_CODE,UNVERIFIED,
berlin/neu-hohenschonhausen-sud,https://www.booking.com/searchresults.html?ss=Neu-Hohensch%C3%B6nhausen%20S%C3%BCd%2C%20Berlin%2C%20Germany,"Neu-Hohenschönhausen Süd, Berlin, Germany","Neu-Hohenschönhausen Süd, Berlin, Germany",PASS,PASS,MANUAL_VERIFICATION_REQUIRED,NOT_ATTRIBUTED_BY_CURRENT_CODE,UNVERIFIED,
berlin/neukollner-mitte-zentrum,https://www.booking.com/searchresults.html?ss=Neuk%C3%B6llner%20Mitte/Zentrum%2C%20Berlin%2C%20Germany,"Neuköllner Mitte/Zentrum, Berlin, Germany","Neuköllner Mitte/Zentrum, Berlin, Germany",PASS,PASS,MANUAL_VERIFICATION_REQUIRED,NOT_ATTRIBUTED_BY_CURRENT_CODE,UNVERIFIED,
berlin/neu-lichtenberg,https://www.booking.com/searchresults.html?ss=Neu-Lichtenberg%2C%20Berlin%2C%20Germany,"Neu-Lichtenberg, Berlin, Germany","Neu-Lichtenberg, Berlin, Germany",PASS,PASS,MANUAL_VERIFICATION_REQUIRED,NOT_ATTRIBUTED_BY_CURRENT_CODE,UNVERIFIED,
berlin/niederschoneweide,https://www.booking.com/searchresults.html?ss=Niedersch%C3%B6neweide%2C%20Berlin%2C%20Germany,"Niederschöneweide, Berlin, Germany","Niederschöneweide, Berlin, Germany",PASS,PASS,MANUAL_VERIFICATION_REQUIRED,NOT_ATTRIBUTED_BY_CURRENT_CODE,UNVERIFIED,
berlin/nord-1-frohnau-hermsdorf,https://www.booking.com/searchresults.html?ss=Nord%201%20-%20Frohnau/%20Hermsdorf%2C%20Berlin%2C%20Germany,"Nord 1 - Frohnau/ Hermsdorf, Berlin, Germany","Nord 1 - Frohnau/ Hermsdorf, Berlin, Germany",PASS,PASS,MANUAL_VERIFICATION_REQUIRED,NOT_ATTRIBUTED_BY_CURRENT_CODE,UNVERIFIED,
berlin/nord-2-waidmannslust-wittenau-lubars,https://www.booking.com/searchresults.html?ss=Nord%202%20%E2%80%93%20Waidmannslust/%20Wittenau/%20L%C3%BCbars%2C%20Berlin%2C%20Germany,"Nord 2 – Waidmannslust/ Wittenau/ Lübars, Berlin, Germany","Nord 2 – Waidmannslust/ Wittenau/ Lübars, Berlin, Germany",PASS,PASS,MANUAL_VERIFICATION_REQUIRED,NOT_ATTRIBUTED_BY_CURRENT_CODE,UNVERIFIED,
berlin/nordliche-luisenstadt,https://www.booking.com/searchresults.html?ss=N%C3%B6rdliche%20Luisenstadt%2C%20Berlin%2C%20Germany,"Nördliche Luisenstadt, Berlin, Germany","Nördliche Luisenstadt, Berlin, Germany",PASS,PASS,MANUAL_VERIFICATION_REQUIRED,NOT_ATTRIBUTED_BY_CURRENT_CODE,UNVERIFIED,
berlin/oberschoneweide,https://www.booking.com/searchresults.html?ss=Obersch%C3%B6neweide%2C%20Berlin%2C%20Germany,"Oberschöneweide, Berlin, Germany","Oberschöneweide, Berlin, Germany",PASS,PASS,MANUAL_VERIFICATION_REQUIRED,NOT_ATTRIBUTED_BY_CURRENT_CODE,UNVERIFIED,
berlin/osloer-strasse,https://www.booking.com/searchresults.html?ss=Osloer%20Stra%C3%9Fe%2C%20Berlin%2C%20Germany,"Osloer Straße, Berlin, Germany","Osloer Straße, Berlin, Germany",PASS,PASS,MANUAL_VERIFICATION_REQUIRED,NOT_ATTRIBUTED_BY_CURRENT_CODE,UNVERIFIED,
berlin/ost-1-reginhardstrasse,https://www.booking.com/searchresults.html?ss=Ost%201%20-%20Reginhardstra%C3%9Fe%2C%20Berlin%2C%20Germany,"Ost 1 - Reginhardstraße, Berlin, Germany","Ost 1 - Reginhardstraße, Berlin, Germany",PASS,PASS,MANUAL_VERIFICATION_REQUIRED,NOT_ATTRIBUTED_BY_CURRENT_CODE,UNVERIFIED,
berlin/ost-2-alt-reinickendorf,https://www.booking.com/searchresults.html?ss=Ost%202%20-%20Alt-Reinickendorf%2C%20Berlin%2C%20Germany,"Ost 2 - Alt-Reinickendorf, Berlin, Germany","Ost 2 - Alt-Reinickendorf, Berlin, Germany",PASS,PASS,MANUAL_VERIFICATION_REQUIRED,NOT_ATTRIBUTED_BY_CURRENT_CODE,UNVERIFIED,
berlin/ostpreussendamm,https://www.booking.com/searchresults.html?ss=Ostpreu%C3%9Fendamm%2C%20Berlin%2C%20Germany,"Ostpreußendamm, Berlin, Germany","Ostpreußendamm, Berlin, Germany",PASS,PASS,MANUAL_VERIFICATION_REQUIRED,NOT_ATTRIBUTED_BY_CURRENT_CODE,UNVERIFIED,
berlin/otto-suhr-allee-kantstrasse,https://www.booking.com/searchresults.html?ss=Otto-Suhr-Allee/%20Kantstra%C3%9Fe%2C%20Berlin%2C%20Germany,"Otto-Suhr-Allee/ Kantstraße, Berlin, Germany","Otto-Suhr-Allee/ Kantstraße, Berlin, Germany",PASS,PASS,MANUAL_VERIFICATION_REQUIRED,NOT_ATTRIBUTED_BY_CURRENT_CODE,UNVERIFIED,
berlin/pankow-sud,https://www.booking.com/searchresults.html?ss=Pankow%20S%C3%BCd%2C%20Berlin%2C%20Germany,"Pankow Süd, Berlin, Germany","Pankow Süd, Berlin, Germany",PASS,PASS,MANUAL_VERIFICATION_REQUIRED,NOT_ATTRIBUTED_BY_CURRENT_CODE,UNVERIFIED,
berlin/pankow-zentrum,https://www.booking.com/searchresults.html?ss=Pankow%20Zentrum%2C%20Berlin%2C%20Germany,"Pankow Zentrum, Berlin, Germany","Pankow Zentrum, Berlin, Germany",PASS,PASS,MANUAL_VERIFICATION_REQUIRED,NOT_ATTRIBUTED_BY_CURRENT_CODE,UNVERIFIED,
berlin/parkviertel,https://www.booking.com/searchresults.html?ss=Parkviertel%2C%20Berlin%2C%20Germany,"Parkviertel, Berlin, Germany","Parkviertel, Berlin, Germany",PASS,PASS,MANUAL_VERIFICATION_REQUIRED,NOT_ATTRIBUTED_BY_CURRENT_CODE,UNVERIFIED,
berlin/planterwald,https://www.booking.com/searchresults.html?ss=Pl%C3%A4nterwald%2C%20Berlin%2C%20Germany,"Plänterwald, Berlin, Germany","Plänterwald, Berlin, Germany",PASS,PASS,MANUAL_VERIFICATION_REQUIRED,NOT_ATTRIBUTED_BY_CURRENT_CODE,UNVERIFIED,
berlin/prenzlauer-berg-nord,https://www.booking.com/searchresults.html?ss=Prenzlauer%20Berg%20Nord%2C%20Berlin%2C%20Germany,"Prenzlauer Berg Nord, Berlin, Germany","Prenzlauer Berg Nord, Berlin, Germany",PASS,PASS,MANUAL_VERIFICATION_REQUIRED,NOT_ATTRIBUTED_BY_CURRENT_CODE,UNVERIFIED,
berlin/prenzlauer-berg-nordwest,https://www.booking.com/searchresults.html?ss=Prenzlauer%20Berg%20Nordwest%2C%20Berlin%2C%20Germany,"Prenzlauer Berg Nordwest, Berlin, Germany","Prenzlauer Berg Nordwest, Berlin, Germany",PASS,PASS,MANUAL_VERIFICATION_REQUIRED,NOT_ATTRIBUTED_BY_CURRENT_CODE,UNVERIFIED,
berlin/prenzlauer-berg-ost,https://www.booking.com/searchresults.html?ss=Prenzlauer%20Berg%20Ost%2C%20Berlin%2C%20Germany,"Prenzlauer Berg Ost, Berlin, Germany","Prenzlauer Berg Ost, Berlin, Germany",PASS,PASS,MANUAL_VERIFICATION_REQUIRED,NOT_ATTRIBUTED_BY_CURRENT_CODE,UNVERIFIED,
berlin/prenzlauer-berg-sud,https://www.booking.com/searchresults.html?ss=Prenzlauer%20Berg%20S%C3%BCd%2C%20Berlin%2C%20Germany,"Prenzlauer Berg Süd, Berlin, Germany","Prenzlauer Berg Süd, Berlin, Germany",PASS,PASS,MANUAL_VERIFICATION_REQUIRED,NOT_ATTRIBUTED_BY_CURRENT_CODE,UNVERIFIED,
berlin/prenzlauer-berg-sudwest,https://www.booking.com/searchresults.html?ss=Prenzlauer%20Berg%20S%C3%BCdwest%2C%20Berlin%2C%20Germany,"Prenzlauer Berg Südwest, Berlin, Germany","Prenzlauer Berg Südwest, Berlin, Germany",PASS,PASS,MANUAL_VERIFICATION_REQUIRED,NOT_ATTRIBUTED_BY_CURRENT_CODE,UNVERIFIED,
berlin/rahnsdorf,https://www.booking.com/searchresults.html?ss=Rahnsdorf%2C%20Berlin%2C%20Germany,"Rahnsdorf, Berlin, Germany","Rahnsdorf, Berlin, Germany",PASS,PASS,MANUAL_VERIFICATION_REQUIRED,NOT_ATTRIBUTED_BY_CURRENT_CODE,UNVERIFIED,
berlin/regierungsviertel,https://www.booking.com/searchresults.html?ss=Regierungsviertel%2C%20Berlin%2C%20Germany,"Regierungsviertel, Berlin, Germany","Regierungsviertel, Berlin, Germany",PASS,PASS,MANUAL_VERIFICATION_REQUIRED,NOT_ATTRIBUTED_BY_CURRENT_CODE,UNVERIFIED,
berlin/reuterstrasse,https://www.booking.com/searchresults.html?ss=Reuterstra%C3%9Fe%2C%20Berlin%2C%20Germany,"Reuterstraße, Berlin, Germany","Reuterstraße, Berlin, Germany",PASS,PASS,MANUAL_VERIFICATION_REQUIRED,NOT_ATTRIBUTED_BY_CURRENT_CODE,UNVERIFIED,
berlin/rixdorf,https://www.booking.com/searchresults.html?ss=Rixdorf%2C%20Berlin%2C%20Germany,"Rixdorf, Berlin, Germany","Rixdorf, Berlin, Germany",PASS,PASS,MANUAL_VERIFICATION_REQUIRED,NOT_ATTRIBUTED_BY_CURRENT_CODE,UNVERIFIED,
berlin/rollbergesiedlung,https://www.booking.com/searchresults.html?ss=Rollbergesiedlung%2C%20Berlin%2C%20Germany,"Rollbergesiedlung, Berlin, Germany","Rollbergesiedlung, Berlin, Germany",PASS,PASS,MANUAL_VERIFICATION_REQUIRED,NOT_ATTRIBUTED_BY_CURRENT_CODE,UNVERIFIED,
berlin/rudow,https://www.booking.com/searchresults.html?ss=Rudow%2C%20Berlin%2C%20Germany,"Rudow, Berlin, Germany","Rudow, Berlin, Germany",PASS,PASS,MANUAL_VERIFICATION_REQUIRED,NOT_ATTRIBUTED_BY_CURRENT_CODE,UNVERIFIED,
berlin/rummelsburger-bucht,https://www.booking.com/searchresults.html?ss=Rummelsburger%20Bucht%2C%20Berlin%2C%20Germany,"Rummelsburger Bucht, Berlin, Germany","Rummelsburger Bucht, Berlin, Germany",PASS,PASS,MANUAL_VERIFICATION_REQUIRED,NOT_ATTRIBUTED_BY_CURRENT_CODE,UNVERIFIED,
berlin/schillerpromenade,https://www.booking.com/searchresults.html?ss=Schillerpromenade%2C%20Berlin%2C%20Germany,"Schillerpromenade, Berlin, Germany","Schillerpromenade, Berlin, Germany",PASS,PASS,MANUAL_VERIFICATION_REQUIRED,NOT_ATTRIBUTED_BY_CURRENT_CODE,UNVERIFIED,
berlin/schloss-charlottenburg,https://www.booking.com/searchresults.html?ss=Schloss%20Charlottenburg%2C%20Berlin%2C%20Germany,"Schloss Charlottenburg, Berlin, Germany","Schloss Charlottenburg, Berlin, Germany",PASS,PASS,MANUAL_VERIFICATION_REQUIRED,NOT_ATTRIBUTED_BY_CURRENT_CODE,UNVERIFIED,
berlin/schlossstrasse,https://www.booking.com/searchresults.html?ss=Schlo%C3%9Fstra%C3%9Fe%2C%20Berlin%2C%20Germany,"Schloßstraße, Berlin, Germany","Schloßstraße, Berlin, Germany",PASS,PASS,MANUAL_VERIFICATION_REQUIRED,NOT_ATTRIBUTED_BY_CURRENT_CODE,UNVERIFIED,
berlin/schmargendorf,https://www.booking.com/searchresults.html?ss=Schmargendorf%2C%20Berlin%2C%20Germany,"Schmargendorf, Berlin, Germany","Schmargendorf, Berlin, Germany",PASS,PASS,MANUAL_VERIFICATION_REQUIRED,NOT_ATTRIBUTED_BY_CURRENT_CODE,UNVERIFIED,
berlin/schmockwitz,https://www.booking.com/searchresults.html?ss=Schm%C3%B6ckwitz%2C%20Berlin%2C%20Germany,"Schmöckwitz, Berlin, Germany","Schmöckwitz, Berlin, Germany",PASS,PASS,MANUAL_VERIFICATION_REQUIRED,NOT_ATTRIBUTED_BY_CURRENT_CODE,UNVERIFIED,
berlin/schoneberg-nordost,https://www.booking.com/searchresults.html?ss=Sch%C3%B6neberg%20Nordost%2C%20Berlin%2C%20Germany,"Schöneberg Nordost, Berlin, Germany","Schöneberg Nordost, Berlin, Germany",PASS,PASS,MANUAL_VERIFICATION_REQUIRED,NOT_ATTRIBUTED_BY_CURRENT_CODE,UNVERIFIED,
berlin/schoneberg-nordwest,https://www.booking.com/searchresults.html?ss=Sch%C3%B6neberg%20Nordwest%2C%20Berlin%2C%20Germany,"Schöneberg Nordwest, Berlin, Germany","Schöneberg Nordwest, Berlin, Germany",PASS,PASS,MANUAL_VERIFICATION_REQUIRED,NOT_ATTRIBUTED_BY_CURRENT_CODE,UNVERIFIED,
berlin/schoneberg-sudost,https://www.booking.com/searchresults.html?ss=Sch%C3%B6neberg%20S%C3%BCdost%2C%20Berlin%2C%20Germany,"Schöneberg Südost, Berlin, Germany","Schöneberg Südost, Berlin, Germany",PASS,PASS,MANUAL_VERIFICATION_REQUIRED,NOT_ATTRIBUTED_BY_CURRENT_CODE,UNVERIFIED,
berlin/schoneberg-sudwest,https://www.booking.com/searchresults.html?ss=Sch%C3%B6neberg%20S%C3%BCdwest%2C%20Berlin%2C%20Germany,"Schöneberg Südwest, Berlin, Germany","Schöneberg Südwest, Berlin, Germany",PASS,PASS,MANUAL_VERIFICATION_REQUIRED,NOT_ATTRIBUTED_BY_CURRENT_CODE,UNVERIFIED,
berlin/schonholz-wilhelmsruh-rosenthal,https://www.booking.com/searchresults.html?ss=Sch%C3%B6nholz/%20Wilhelmsruh/%20Rosenthal%2C%20Berlin%2C%20Germany,"Schönholz/ Wilhelmsruh/ Rosenthal, Berlin, Germany","Schönholz/ Wilhelmsruh/ Rosenthal, Berlin, Germany",PASS,PASS,MANUAL_VERIFICATION_REQUIRED,NOT_ATTRIBUTED_BY_CURRENT_CODE,UNVERIFIED,
berlin/siemensstadt,https://www.booking.com/searchresults.html?ss=Siemensstadt%2C%20Berlin%2C%20Germany,"Siemensstadt, Berlin, Germany","Siemensstadt, Berlin, Germany",PASS,PASS,MANUAL_VERIFICATION_REQUIRED,NOT_ATTRIBUTED_BY_CURRENT_CODE,UNVERIFIED,
berlin/spandau-mitte,https://www.booking.com/searchresults.html?ss=Spandau%20Mitte%2C%20Berlin%2C%20Germany,"Spandau Mitte, Berlin, Germany","Spandau Mitte, Berlin, Germany",PASS,PASS,MANUAL_VERIFICATION_REQUIRED,NOT_ATTRIBUTED_BY_CURRENT_CODE,UNVERIFIED,
berlin/sudliche-friedrichstadt,https://www.booking.com/searchresults.html?ss=S%C3%BCdliche%20Friedrichstadt%2C%20Berlin%2C%20Germany,"Südliche Friedrichstadt, Berlin, Germany","Südliche Friedrichstadt, Berlin, Germany",PASS,PASS,MANUAL_VERIFICATION_REQUIRED,NOT_ATTRIBUTED_BY_CURRENT_CODE,UNVERIFIED,
berlin/sudliche-luisenstadt,https://www.booking.com/searchresults.html?ss=S%C3%BCdliche%20Luisenstadt%2C%20Berlin%2C%20Germany,"Südliche Luisenstadt, Berlin, Germany","Südliche Luisenstadt, Berlin, Germany",PASS,PASS,MANUAL_VERIFICATION_REQUIRED,NOT_ATTRIBUTED_BY_CURRENT_CODE,UNVERIFIED,
berlin/teltower-damm,https://www.booking.com/searchresults.html?ss=Teltower%20Damm%2C%20Berlin%2C%20Germany,"Teltower Damm, Berlin, Germany","Teltower Damm, Berlin, Germany",PASS,PASS,MANUAL_VERIFICATION_REQUIRED,NOT_ATTRIBUTED_BY_CURRENT_CODE,UNVERIFIED,
berlin/tempelhof-nord,https://www.booking.com/searchresults.html?ss=Tempelhof%20Nord%2C%20Berlin%2C%20Germany,"Tempelhof Nord, Berlin, Germany","Tempelhof Nord, Berlin, Germany",PASS,PASS,MANUAL_VERIFICATION_REQUIRED,NOT_ATTRIBUTED_BY_CURRENT_CODE,UNVERIFIED,
berlin/tempelhof-sudost,https://www.booking.com/searchresults.html?ss=Tempelhof%20S%C3%BCdost%2C%20Berlin%2C%20Germany,"Tempelhof Südost, Berlin, Germany","Tempelhof Südost, Berlin, Germany",PASS,PASS,MANUAL_VERIFICATION_REQUIRED,NOT_ATTRIBUTED_BY_CURRENT_CODE,UNVERIFIED,
berlin/tempelhof-sudwest,https://www.booking.com/searchresults.html?ss=Tempelhof%20S%C3%BCdwest%2C%20Berlin%2C%20Germany,"Tempelhof Südwest, Berlin, Germany","Tempelhof Südwest, Berlin, Germany",PASS,PASS,MANUAL_VERIFICATION_REQUIRED,NOT_ATTRIBUTED_BY_CURRENT_CODE,UNVERIFIED,
berlin/tempelhofer-vorstadt,https://www.booking.com/searchresults.html?ss=Tempelhofer%20Vorstadt%2C%20Berlin%2C%20Germany,"Tempelhofer Vorstadt, Berlin, Germany","Tempelhofer Vorstadt, Berlin, Germany",PASS,PASS,MANUAL_VERIFICATION_REQUIRED,NOT_ATTRIBUTED_BY_CURRENT_CODE,UNVERIFIED,
berlin/tiergarten-sud,https://www.booking.com/searchresults.html?ss=Tiergarten%20S%C3%BCd%2C%20Berlin%2C%20Germany,"Tiergarten Süd, Berlin, Germany","Tiergarten Süd, Berlin, Germany",PASS,PASS,MANUAL_VERIFICATION_REQUIRED,NOT_ATTRIBUTED_BY_CURRENT_CODE,UNVERIFIED,
berlin/volkspark-wilmersdorf,https://www.booking.com/searchresults.html?ss=Volkspark%20Wilmersdorf%2C%20Berlin%2C%20Germany,"Volkspark Wilmersdorf, Berlin, Germany","Volkspark Wilmersdorf, Berlin, Germany",PASS,PASS,MANUAL_VERIFICATION_REQUIRED,NOT_ATTRIBUTED_BY_CURRENT_CODE,UNVERIFIED,
berlin/wedding-zentrum,https://www.booking.com/searchresults.html?ss=Wedding%20Zentrum%2C%20Berlin%2C%20Germany,"Wedding Zentrum, Berlin, Germany","Wedding Zentrum, Berlin, Germany",PASS,PASS,MANUAL_VERIFICATION_REQUIRED,NOT_ATTRIBUTED_BY_CURRENT_CODE,UNVERIFIED,
berlin/weissensee,https://www.booking.com/searchresults.html?ss=Wei%C3%9Fensee%2C%20Berlin%2C%20Germany,"Weißensee, Berlin, Germany","Weißensee, Berlin, Germany",PASS,PASS,MANUAL_VERIFICATION_REQUIRED,NOT_ATTRIBUTED_BY_CURRENT_CODE,UNVERIFIED,
berlin/weissensee-ost,https://www.booking.com/searchresults.html?ss=Wei%C3%9Fensee%20Ost%2C%20Berlin%2C%20Germany,"Weißensee Ost, Berlin, Germany","Weißensee Ost, Berlin, Germany",PASS,PASS,MANUAL_VERIFICATION_REQUIRED,NOT_ATTRIBUTED_BY_CURRENT_CODE,UNVERIFIED,
berlin/west-1-tegel-sud-flughafensee,https://www.booking.com/searchresults.html?ss=West%201%20-%20Tegel-S%C3%BCd/Flughafensee%2C%20Berlin%2C%20Germany,"West 1 - Tegel-Süd/Flughafensee, Berlin, Germany","West 1 - Tegel-Süd/Flughafensee, Berlin, Germany",PASS,PASS,MANUAL_VERIFICATION_REQUIRED,NOT_ATTRIBUTED_BY_CURRENT_CODE,UNVERIFIED,
berlin/west-2-heiligensee-konradshohe,https://www.booking.com/searchresults.html?ss=West%202%20-%20Heiligensee/Konradsh%C3%B6he%2C%20Berlin%2C%20Germany,"West 2 - Heiligensee/Konradshöhe, Berlin, Germany","West 2 - Heiligensee/Konradshöhe, Berlin, Germany",PASS,PASS,MANUAL_VERIFICATION_REQUIRED,NOT_ATTRIBUTED_BY_CURRENT_CODE,UNVERIFIED,
berlin/west-3-borsigwalde-freie-scholle,https://www.booking.com/searchresults.html?ss=West%203%20-%20Borsigwalde/Freie%20Scholle%2C%20Berlin%2C%20Germany,"West 3 - Borsigwalde/Freie Scholle, Berlin, Germany","West 3 - Borsigwalde/Freie Scholle, Berlin, Germany",PASS,PASS,MANUAL_VERIFICATION_REQUIRED,NOT_ATTRIBUTED_BY_CURRENT_CODE,UNVERIFIED,
berlin/west-4-auguste-viktoria-allee,https://www.booking.com/searchresults.html?ss=West%204%20-%20Auguste-Viktoria-Allee%2C%20Berlin%2C%20Germany,"West 4 - Auguste-Viktoria-Allee, Berlin, Germany","West 4 - Auguste-Viktoria-Allee, Berlin, Germany",PASS,PASS,MANUAL_VERIFICATION_REQUIRED,NOT_ATTRIBUTED_BY_CURRENT_CODE,UNVERIFIED,
berlin/west-5-tegel,https://www.booking.com/searchresults.html?ss=West%205%20-%20Tegel%2C%20Berlin%2C%20Germany,"West 5 - Tegel, Berlin, Germany","West 5 - Tegel, Berlin, Germany",PASS,PASS,MANUAL_VERIFICATION_REQUIRED,NOT_ATTRIBUTED_BY_CURRENT_CODE,UNVERIFIED,
berlin/westend,https://www.booking.com/searchresults.html?ss=Westend%2C%20Berlin%2C%20Germany,"Westend, Berlin, Germany","Westend, Berlin, Germany",PASS,PASS,MANUAL_VERIFICATION_REQUIRED,NOT_ATTRIBUTED_BY_CURRENT_CODE,UNVERIFIED,
berlin/wilhelmstadt,https://www.booking.com/searchresults.html?ss=Wilhelmstadt%2C%20Berlin%2C%20Germany,"Wilhelmstadt, Berlin, Germany","Wilhelmstadt, Berlin, Germany",PASS,PASS,MANUAL_VERIFICATION_REQUIRED,NOT_ATTRIBUTED_BY_CURRENT_CODE,UNVERIFIED,
berlin/zehlendorf-nord,https://www.booking.com/searchresults.html?ss=Zehlendorf%20Nord%2C%20Berlin%2C%20Germany,"Zehlendorf Nord, Berlin, Germany","Zehlendorf Nord, Berlin, Germany",PASS,PASS,MANUAL_VERIFICATION_REQUIRED,NOT_ATTRIBUTED_BY_CURRENT_CODE,UNVERIFIED,
berlin/zehlendorf-sudwest,https://www.booking.com/searchresults.html?ss=Zehlendorf%20S%C3%BCdwest%2C%20Berlin%2C%20Germany,"Zehlendorf Südwest, Berlin, Germany","Zehlendorf Südwest, Berlin, Germany",PASS,PASS,MANUAL_VERIFICATION_REQUIRED,NOT_ATTRIBUTED_BY_CURRENT_CODE,UNVERIFIED,
brussels/anderlecht,https://www.booking.com/searchresults.html?ss=Anderlecht%2C%20Brussels%2C%20Belgium,"Anderlecht, Brussels, Belgium","Anderlecht, Brussels, Belgium",PASS,PASS,MANUAL_VERIFICATION_REQUIRED,NOT_ATTRIBUTED_BY_CURRENT_CODE,UNVERIFIED,
brussels/auderghem,https://www.booking.com/searchresults.html?ss=Auderghem%2C%20Brussels%2C%20Belgium,"Auderghem, Brussels, Belgium","Auderghem, Brussels, Belgium",PASS,PASS,MANUAL_VERIFICATION_REQUIRED,NOT_ATTRIBUTED_BY_CURRENT_CODE,UNVERIFIED,
brussels/berchem-sainte-agathe,https://www.booking.com/searchresults.html?ss=Berchem-Sainte-Agathe%2C%20Brussels%2C%20Belgium,"Berchem-Sainte-Agathe, Brussels, Belgium","Berchem-Sainte-Agathe, Brussels, Belgium",PASS,PASS,MANUAL_VERIFICATION_REQUIRED,NOT_ATTRIBUTED_BY_CURRENT_CODE,UNVERIFIED,
brussels/bruxelles,https://www.booking.com/searchresults.html?ss=Bruxelles%2C%20Brussels%2C%20Belgium,"Bruxelles, Brussels, Belgium","Bruxelles, Brussels, Belgium",PASS,PASS,MANUAL_VERIFICATION_REQUIRED,NOT_ATTRIBUTED_BY_CURRENT_CODE,UNVERIFIED,
brussels/etterbeek,https://www.booking.com/searchresults.html?ss=Etterbeek%2C%20Brussels%2C%20Belgium,"Etterbeek, Brussels, Belgium","Etterbeek, Brussels, Belgium",PASS,PASS,MANUAL_VERIFICATION_REQUIRED,NOT_ATTRIBUTED_BY_CURRENT_CODE,UNVERIFIED,
brussels/evere,https://www.booking.com/searchresults.html?ss=Evere%2C%20Brussels%2C%20Belgium,"Evere, Brussels, Belgium","Evere, Brussels, Belgium",PASS,PASS,MANUAL_VERIFICATION_REQUIRED,NOT_ATTRIBUTED_BY_CURRENT_CODE,UNVERIFIED,
brussels/forest,https://www.booking.com/searchresults.html?ss=Forest%2C%20Brussels%2C%20Belgium,"Forest, Brussels, Belgium","Forest, Brussels, Belgium",PASS,PASS,MANUAL_VERIFICATION_REQUIRED,NOT_ATTRIBUTED_BY_CURRENT_CODE,UNVERIFIED,
brussels/ganshoren,https://www.booking.com/searchresults.html?ss=Ganshoren%2C%20Brussels%2C%20Belgium,"Ganshoren, Brussels, Belgium","Ganshoren, Brussels, Belgium",PASS,PASS,MANUAL_VERIFICATION_REQUIRED,NOT_ATTRIBUTED_BY_CURRENT_CODE,UNVERIFIED,
brussels/ixelles,https://www.booking.com/searchresults.html?ss=Ixelles%2C%20Brussels%2C%20Belgium,"Ixelles, Brussels, Belgium","Ixelles, Brussels, Belgium",PASS,PASS,MANUAL_VERIFICATION_REQUIRED,NOT_ATTRIBUTED_BY_CURRENT_CODE,UNVERIFIED,
brussels/jette,https://www.booking.com/searchresults.html?ss=Jette%2C%20Brussels%2C%20Belgium,"Jette, Brussels, Belgium","Jette, Brussels, Belgium",PASS,PASS,MANUAL_VERIFICATION_REQUIRED,NOT_ATTRIBUTED_BY_CURRENT_CODE,UNVERIFIED,
brussels/koekelberg,https://www.booking.com/searchresults.html?ss=Koekelberg%2C%20Brussels%2C%20Belgium,"Koekelberg, Brussels, Belgium","Koekelberg, Brussels, Belgium",PASS,PASS,MANUAL_VERIFICATION_REQUIRED,NOT_ATTRIBUTED_BY_CURRENT_CODE,UNVERIFIED,
brussels/molenbeek-saint-jean,https://www.booking.com/searchresults.html?ss=Molenbeek-Saint-Jean%2C%20Brussels%2C%20Belgium,"Molenbeek-Saint-Jean, Brussels, Belgium","Molenbeek-Saint-Jean, Brussels, Belgium",PASS,PASS,MANUAL_VERIFICATION_REQUIRED,NOT_ATTRIBUTED_BY_CURRENT_CODE,UNVERIFIED,
brussels/saint-gilles,https://www.booking.com/searchresults.html?ss=Saint-Gilles%2C%20Brussels%2C%20Belgium,"Saint-Gilles, Brussels, Belgium","Saint-Gilles, Brussels, Belgium",PASS,PASS,MANUAL_VERIFICATION_REQUIRED,NOT_ATTRIBUTED_BY_CURRENT_CODE,UNVERIFIED,
brussels/saint-josse-ten-noode,https://www.booking.com/searchresults.html?ss=Saint-Josse-ten-Noode%2C%20Brussels%2C%20Belgium,"Saint-Josse-ten-Noode, Brussels, Belgium","Saint-Josse-ten-Noode, Brussels, Belgium",PASS,PASS,MANUAL_VERIFICATION_REQUIRED,NOT_ATTRIBUTED_BY_CURRENT_CODE,UNVERIFIED,
brussels/schaerbeek,https://www.booking.com/searchresults.html?ss=Schaerbeek%2C%20Brussels%2C%20Belgium,"Schaerbeek, Brussels, Belgium","Schaerbeek, Brussels, Belgium",PASS,PASS,MANUAL_VERIFICATION_REQUIRED,NOT_ATTRIBUTED_BY_CURRENT_CODE,UNVERIFIED,
brussels/uccle,https://www.booking.com/searchresults.html?ss=Uccle%2C%20Brussels%2C%20Belgium,"Uccle, Brussels, Belgium","Uccle, Brussels, Belgium",PASS,PASS,MANUAL_VERIFICATION_REQUIRED,NOT_ATTRIBUTED_BY_CURRENT_CODE,UNVERIFIED,
brussels/watermael-boitsfort,https://www.booking.com/searchresults.html?ss=Watermael-Boitsfort%2C%20Brussels%2C%20Belgium,"Watermael-Boitsfort, Brussels, Belgium","Watermael-Boitsfort, Brussels, Belgium",PASS,PASS,MANUAL_VERIFICATION_REQUIRED,NOT_ATTRIBUTED_BY_CURRENT_CODE,UNVERIFIED,
brussels/woluwe-saint-lambert,https://www.booking.com/searchresults.html?ss=Woluwe-Saint-Lambert%2C%20Brussels%2C%20Belgium,"Woluwe-Saint-Lambert, Brussels, Belgium","Woluwe-Saint-Lambert, Brussels, Belgium",PASS,PASS,MANUAL_VERIFICATION_REQUIRED,NOT_ATTRIBUTED_BY_CURRENT_CODE,UNVERIFIED,
brussels/woluwe-saint-pierre,https://www.booking.com/searchresults.html?ss=Woluwe-Saint-Pierre%2C%20Brussels%2C%20Belgium,"Woluwe-Saint-Pierre, Brussels, Belgium","Woluwe-Saint-Pierre, Brussels, Belgium",PASS,PASS,MANUAL_VERIFICATION_REQUIRED,NOT_ATTRIBUTED_BY_CURRENT_CODE,UNVERIFIED,
budapest/kerulet-1,https://www.booking.com/searchresults.html?ss=Var%2C%20Budapest%2C%20Hungary,"Var, Budapest, Hungary","Var, Budapest, Hungary",PASS,PASS,MANUAL_VERIFICATION_REQUIRED,NOT_ATTRIBUTED_BY_CURRENT_CODE,UNVERIFIED,
budapest/kerulet-2,https://www.booking.com/searchresults.html?ss=Rozsadomb%2C%20Budapest%2C%20Hungary,"Rozsadomb, Budapest, Hungary","Rozsadomb, Budapest, Hungary",PASS,PASS,MANUAL_VERIFICATION_REQUIRED,NOT_ATTRIBUTED_BY_CURRENT_CODE,UNVERIFIED,
budapest/kerulet-3,https://www.booking.com/searchresults.html?ss=Obuda%2C%20Budapest%2C%20Hungary,"Obuda, Budapest, Hungary","Obuda, Budapest, Hungary",PASS,PASS,MANUAL_VERIFICATION_REQUIRED,NOT_ATTRIBUTED_BY_CURRENT_CODE,UNVERIFIED,
budapest/kerulet-4,https://www.booking.com/searchresults.html?ss=Ujpest%2C%20Budapest%2C%20Hungary,"Ujpest, Budapest, Hungary","Ujpest, Budapest, Hungary",PASS,PASS,MANUAL_VERIFICATION_REQUIRED,NOT_ATTRIBUTED_BY_CURRENT_CODE,UNVERIFIED,
budapest/kerulet-5,https://www.booking.com/searchresults.html?ss=Belvaros%2C%20Budapest%2C%20Hungary,"Belvaros, Budapest, Hungary","Belvaros, Budapest, Hungary",PASS,PASS,MANUAL_VERIFICATION_REQUIRED,NOT_ATTRIBUTED_BY_CURRENT_CODE,UNVERIFIED,
budapest/kerulet-6,https://www.booking.com/searchresults.html?ss=Terezvaros%2C%20Budapest%2C%20Hungary,"Terezvaros, Budapest, Hungary","Terezvaros, Budapest, Hungary",PASS,PASS,MANUAL_VERIFICATION_REQUIRED,NOT_ATTRIBUTED_BY_CURRENT_CODE,UNVERIFIED,
budapest/kerulet-7,https://www.booking.com/searchresults.html?ss=Erzsebetvaros%2C%20Budapest%2C%20Hungary,"Erzsebetvaros, Budapest, Hungary","Erzsebetvaros, Budapest, Hungary",PASS,PASS,MANUAL_VERIFICATION_REQUIRED,NOT_ATTRIBUTED_BY_CURRENT_CODE,UNVERIFIED,
budapest/kerulet-8,https://www.booking.com/searchresults.html?ss=Jozsefvaros%2C%20Budapest%2C%20Hungary,"Jozsefvaros, Budapest, Hungary","Jozsefvaros, Budapest, Hungary",PASS,PASS,MANUAL_VERIFICATION_REQUIRED,NOT_ATTRIBUTED_BY_CURRENT_CODE,UNVERIFIED,
budapest/kerulet-9,https://www.booking.com/searchresults.html?ss=Ferencvaros%2C%20Budapest%2C%20Hungary,"Ferencvaros, Budapest, Hungary","Ferencvaros, Budapest, Hungary",PASS,PASS,MANUAL_VERIFICATION_REQUIRED,NOT_ATTRIBUTED_BY_CURRENT_CODE,UNVERIFIED,
budapest/kerulet-10,https://www.booking.com/searchresults.html?ss=Kobanya%2C%20Budapest%2C%20Hungary,"Kobanya, Budapest, Hungary","Kobanya, Budapest, Hungary",PASS,PASS,MANUAL_VERIFICATION_REQUIRED,NOT_ATTRIBUTED_BY_CURRENT_CODE,UNVERIFIED,
budapest/kerulet-11,https://www.booking.com/searchresults.html?ss=Ujbuda%2C%20Budapest%2C%20Hungary,"Ujbuda, Budapest, Hungary","Ujbuda, Budapest, Hungary",PASS,PASS,MANUAL_VERIFICATION_REQUIRED,NOT_ATTRIBUTED_BY_CURRENT_CODE,UNVERIFIED,
budapest/kerulet-12,https://www.booking.com/searchresults.html?ss=Hegyvidek%2C%20Budapest%2C%20Hungary,"Hegyvidek, Budapest, Hungary","Hegyvidek, Budapest, Hungary",PASS,PASS,MANUAL_VERIFICATION_REQUIRED,NOT_ATTRIBUTED_BY_CURRENT_CODE,UNVERIFIED,
budapest/kerulet-13,https://www.booking.com/searchresults.html?ss=Angyalfold%2C%20Budapest%2C%20Hungary,"Angyalfold, Budapest, Hungary","Angyalfold, Budapest, Hungary",PASS,PASS,MANUAL_VERIFICATION_REQUIRED,NOT_ATTRIBUTED_BY_CURRENT_CODE,UNVERIFIED,
budapest/kerulet-14,https://www.booking.com/searchresults.html?ss=Zuglo%2C%20Budapest%2C%20Hungary,"Zuglo, Budapest, Hungary","Zuglo, Budapest, Hungary",PASS,PASS,MANUAL_VERIFICATION_REQUIRED,NOT_ATTRIBUTED_BY_CURRENT_CODE,UNVERIFIED,
budapest/kerulet-15,https://www.booking.com/searchresults.html?ss=Rakospalota%2C%20Budapest%2C%20Hungary,"Rakospalota, Budapest, Hungary","Rakospalota, Budapest, Hungary",PASS,PASS,MANUAL_VERIFICATION_REQUIRED,NOT_ATTRIBUTED_BY_CURRENT_CODE,UNVERIFIED,
budapest/kerulet-16,https://www.booking.com/searchresults.html?ss=Matyasfold%2C%20Budapest%2C%20Hungary,"Matyasfold, Budapest, Hungary","Matyasfold, Budapest, Hungary",PASS,PASS,MANUAL_VERIFICATION_REQUIRED,NOT_ATTRIBUTED_BY_CURRENT_CODE,UNVERIFIED,
budapest/kerulet-17,https://www.booking.com/searchresults.html?ss=Rakosmente%2C%20Budapest%2C%20Hungary,"Rakosmente, Budapest, Hungary","Rakosmente, Budapest, Hungary",PASS,PASS,MANUAL_VERIFICATION_REQUIRED,NOT_ATTRIBUTED_BY_CURRENT_CODE,UNVERIFIED,
budapest/kerulet-18,https://www.booking.com/searchresults.html?ss=Pestszentlorinc%2C%20Budapest%2C%20Hungary,"Pestszentlorinc, Budapest, Hungary","Pestszentlorinc, Budapest, Hungary",PASS,PASS,MANUAL_VERIFICATION_REQUIRED,NOT_ATTRIBUTED_BY_CURRENT_CODE,UNVERIFIED,
budapest/kerulet-19,https://www.booking.com/searchresults.html?ss=Kispest%2C%20Budapest%2C%20Hungary,"Kispest, Budapest, Hungary","Kispest, Budapest, Hungary",PASS,PASS,MANUAL_VERIFICATION_REQUIRED,NOT_ATTRIBUTED_BY_CURRENT_CODE,UNVERIFIED,
budapest/kerulet-20,https://www.booking.com/searchresults.html?ss=Pesterzsebet%2C%20Budapest%2C%20Hungary,"Pesterzsebet, Budapest, Hungary","Pesterzsebet, Budapest, Hungary",PASS,PASS,MANUAL_VERIFICATION_REQUIRED,NOT_ATTRIBUTED_BY_CURRENT_CODE,UNVERIFIED,
budapest/kerulet-21,https://www.booking.com/searchresults.html?ss=Csepel%2C%20Budapest%2C%20Hungary,"Csepel, Budapest, Hungary","Csepel, Budapest, Hungary",PASS,PASS,MANUAL_VERIFICATION_REQUIRED,NOT_ATTRIBUTED_BY_CURRENT_CODE,UNVERIFIED,
budapest/kerulet-22,https://www.booking.com/searchresults.html?ss=Budafok%2C%20Budapest%2C%20Hungary,"Budafok, Budapest, Hungary","Budafok, Budapest, Hungary",PASS,PASS,MANUAL_VERIFICATION_REQUIRED,NOT_ATTRIBUTED_BY_CURRENT_CODE,UNVERIFIED,
budapest/kerulet-23,https://www.booking.com/searchresults.html?ss=Soroksar%2C%20Budapest%2C%20Hungary,"Soroksar, Budapest, Hungary","Soroksar, Budapest, Hungary",PASS,PASS,MANUAL_VERIFICATION_REQUIRED,NOT_ATTRIBUTED_BY_CURRENT_CODE,UNVERIFIED,
dublin/artane-whitehall,https://www.booking.com/searchresults.html?ss=Artane%2C%20Dublin%2C%20Ireland,"Artane, Dublin, Ireland","Artane, Dublin, Ireland",PASS,PASS,MANUAL_VERIFICATION_REQUIRED,NOT_ATTRIBUTED_BY_CURRENT_CODE,UNVERIFIED,
dublin/ballyfermot-drimnagh,https://www.booking.com/searchresults.html?ss=Ballyfermot%2C%20Dublin%2C%20Ireland,"Ballyfermot, Dublin, Ireland","Ballyfermot, Dublin, Ireland",PASS,PASS,MANUAL_VERIFICATION_REQUIRED,NOT_ATTRIBUTED_BY_CURRENT_CODE,UNVERIFIED,
dublin/ballymun-finglas,https://www.booking.com/searchresults.html?ss=Ballymun%2C%20Dublin%2C%20Ireland,"Ballymun, Dublin, Ireland","Ballymun, Dublin, Ireland",PASS,PASS,MANUAL_VERIFICATION_REQUIRED,NOT_ATTRIBUTED_BY_CURRENT_CODE,UNVERIFIED,
dublin/cabra-glasnevin,https://www.booking.com/searchresults.html?ss=Glasnevin%2C%20Dublin%2C%20Ireland,"Glasnevin, Dublin, Ireland","Glasnevin, Dublin, Ireland",PASS,PASS,MANUAL_VERIFICATION_REQUIRED,NOT_ATTRIBUTED_BY_CURRENT_CODE,UNVERIFIED,
dublin/clontarf,https://www.booking.com/searchresults.html?ss=Clontarf%2C%20Dublin%2C%20Ireland,"Clontarf, Dublin, Ireland","Clontarf, Dublin, Ireland",PASS,PASS,MANUAL_VERIFICATION_REQUIRED,NOT_ATTRIBUTED_BY_CURRENT_CODE,UNVERIFIED,
dublin/donaghmede,https://www.booking.com/searchresults.html?ss=Raheny%2C%20Dublin%2C%20Ireland,"Raheny, Dublin, Ireland","Raheny, Dublin, Ireland",PASS,PASS,MANUAL_VERIFICATION_REQUIRED,NOT_ATTRIBUTED_BY_CURRENT_CODE,UNVERIFIED,
dublin/kimmage-rathmines,https://www.booking.com/searchresults.html?ss=Rathmines%2C%20Dublin%2C%20Ireland,"Rathmines, Dublin, Ireland","Rathmines, Dublin, Ireland",PASS,PASS,MANUAL_VERIFICATION_REQUIRED,NOT_ATTRIBUTED_BY_CURRENT_CODE,UNVERIFIED,
dublin/north-inner-city,https://www.booking.com/searchresults.html?ss=O%27Connell%20Street%2C%20Dublin%2C%20Ireland,"O'Connell Street, Dublin, Ireland","O'Connell Street, Dublin, Ireland",PASS,PASS,MANUAL_VERIFICATION_REQUIRED,NOT_ATTRIBUTED_BY_CURRENT_CODE,UNVERIFIED,
dublin/pembroke,https://www.booking.com/searchresults.html?ss=Ballsbridge%2C%20Dublin%2C%20Ireland,"Ballsbridge, Dublin, Ireland","Ballsbridge, Dublin, Ireland",PASS,PASS,MANUAL_VERIFICATION_REQUIRED,NOT_ATTRIBUTED_BY_CURRENT_CODE,UNVERIFIED,
dublin/south-east-inner-city,https://www.booking.com/searchresults.html?ss=Temple%20Bar%2C%20Dublin%2C%20Ireland,"Temple Bar, Dublin, Ireland","Temple Bar, Dublin, Ireland",PASS,PASS,MANUAL_VERIFICATION_REQUIRED,NOT_ATTRIBUTED_BY_CURRENT_CODE,UNVERIFIED,
dublin/south-west-inner-city,https://www.booking.com/searchresults.html?ss=The%20Liberties%2C%20Dublin%2C%20Ireland,"The Liberties, Dublin, Ireland","The Liberties, Dublin, Ireland",PASS,PASS,MANUAL_VERIFICATION_REQUIRED,NOT_ATTRIBUTED_BY_CURRENT_CODE,UNVERIFIED,
edinburgh/almond,https://www.booking.com/searchresults.html?ss=Almond%2C%20Edinburgh%2C%20UK,"Almond, Edinburgh, UK","Almond, Edinburgh, UK",PASS,PASS,MANUAL_VERIFICATION_REQUIRED,NOT_ATTRIBUTED_BY_CURRENT_CODE,UNVERIFIED,
edinburgh/pentland-hills,https://www.booking.com/searchresults.html?ss=Pentland%20Hills%2C%20Edinburgh%2C%20UK,"Pentland Hills, Edinburgh, UK","Pentland Hills, Edinburgh, UK",PASS,PASS,MANUAL_VERIFICATION_REQUIRED,NOT_ATTRIBUTED_BY_CURRENT_CODE,UNVERIFIED,
edinburgh/drum-brae-gyle,https://www.booking.com/searchresults.html?ss=Drum%20Brae%2C%20Edinburgh%2C%20UK,"Drum Brae, Edinburgh, UK","Drum Brae, Edinburgh, UK",PASS,PASS,MANUAL_VERIFICATION_REQUIRED,NOT_ATTRIBUTED_BY_CURRENT_CODE,UNVERIFIED,
edinburgh/forth,https://www.booking.com/searchresults.html?ss=Forth%2C%20Edinburgh%2C%20UK,"Forth, Edinburgh, UK","Forth, Edinburgh, UK",PASS,PASS,MANUAL_VERIFICATION_REQUIRED,NOT_ATTRIBUTED_BY_CURRENT_CODE,UNVERIFIED,
edinburgh/inverleith,https://www.booking.com/searchresults.html?ss=Inverleith%2C%20Edinburgh%2C%20UK,"Inverleith, Edinburgh, UK","Inverleith, Edinburgh, UK",PASS,PASS,MANUAL_VERIFICATION_REQUIRED,NOT_ATTRIBUTED_BY_CURRENT_CODE,UNVERIFIED,
edinburgh/corstorphine-murrayfield,https://www.booking.com/searchresults.html?ss=Corstorphine%2C%20Edinburgh%2C%20UK,"Corstorphine, Edinburgh, UK","Corstorphine, Edinburgh, UK",PASS,PASS,MANUAL_VERIFICATION_REQUIRED,NOT_ATTRIBUTED_BY_CURRENT_CODE,UNVERIFIED,
edinburgh/sighthill-gorgie,https://www.booking.com/searchresults.html?ss=Gorgie%2C%20Edinburgh%2C%20UK,"Gorgie, Edinburgh, UK","Gorgie, Edinburgh, UK",PASS,PASS,MANUAL_VERIFICATION_REQUIRED,NOT_ATTRIBUTED_BY_CURRENT_CODE,UNVERIFIED,
edinburgh/colinton-fairmilehead,https://www.booking.com/searchresults.html?ss=Colinton%2C%20Edinburgh%2C%20UK,"Colinton, Edinburgh, UK","Colinton, Edinburgh, UK",PASS,PASS,MANUAL_VERIFICATION_REQUIRED,NOT_ATTRIBUTED_BY_CURRENT_CODE,UNVERIFIED,
edinburgh/fountainbridge-craiglockhart,https://www.booking.com/searchresults.html?ss=Fountainbridge%2C%20Edinburgh%2C%20UK,"Fountainbridge, Edinburgh, UK","Fountainbridge, Edinburgh, UK",PASS,PASS,MANUAL_VERIFICATION_REQUIRED,NOT_ATTRIBUTED_BY_CURRENT_CODE,UNVERIFIED,
edinburgh/morningside,https://www.booking.com/searchresults.html?ss=Morningside%2C%20Edinburgh%2C%20UK,"Morningside, Edinburgh, UK","Morningside, Edinburgh, UK",PASS,PASS,MANUAL_VERIFICATION_REQUIRED,NOT_ATTRIBUTED_BY_CURRENT_CODE,UNVERIFIED,
edinburgh/city-centre,https://www.booking.com/searchresults.html?ss=City%20Centre%2C%20Edinburgh%2C%20UK,"City Centre, Edinburgh, UK","City Centre, Edinburgh, UK",PASS,PASS,MANUAL_VERIFICATION_REQUIRED,NOT_ATTRIBUTED_BY_CURRENT_CODE,UNVERIFIED,
edinburgh/leith-walk,https://www.booking.com/searchresults.html?ss=Leith%20Walk%2C%20Edinburgh%2C%20UK,"Leith Walk, Edinburgh, UK","Leith Walk, Edinburgh, UK",PASS,PASS,MANUAL_VERIFICATION_REQUIRED,NOT_ATTRIBUTED_BY_CURRENT_CODE,UNVERIFIED,
edinburgh/leith,https://www.booking.com/searchresults.html?ss=Leith%2C%20Edinburgh%2C%20UK,"Leith, Edinburgh, UK","Leith, Edinburgh, UK",PASS,PASS,MANUAL_VERIFICATION_REQUIRED,NOT_ATTRIBUTED_BY_CURRENT_CODE,UNVERIFIED,
edinburgh/craigentinny-duddingston,https://www.booking.com/searchresults.html?ss=Craigentinny%2C%20Edinburgh%2C%20UK,"Craigentinny, Edinburgh, UK","Craigentinny, Edinburgh, UK",PASS,PASS,MANUAL_VERIFICATION_REQUIRED,NOT_ATTRIBUTED_BY_CURRENT_CODE,UNVERIFIED,
edinburgh/southside-newington,https://www.booking.com/searchresults.html?ss=Newington%2C%20Edinburgh%2C%20UK,"Newington, Edinburgh, UK","Newington, Edinburgh, UK",PASS,PASS,MANUAL_VERIFICATION_REQUIRED,NOT_ATTRIBUTED_BY_CURRENT_CODE,UNVERIFIED,
edinburgh/liberton-gilmerton,https://www.booking.com/searchresults.html?ss=Liberton%2C%20Edinburgh%2C%20UK,"Liberton, Edinburgh, UK","Liberton, Edinburgh, UK",PASS,PASS,MANUAL_VERIFICATION_REQUIRED,NOT_ATTRIBUTED_BY_CURRENT_CODE,UNVERIFIED,
edinburgh/portobello-craigmillar,https://www.booking.com/searchresults.html?ss=Portobello%2C%20Edinburgh%2C%20UK,"Portobello, Edinburgh, UK","Portobello, Edinburgh, UK",PASS,PASS,MANUAL_VERIFICATION_REQUIRED,NOT_ATTRIBUTED_BY_CURRENT_CODE,UNVERIFIED,
firenze/aeroporto,https://www.booking.com/searchresults.html?ss=Aeroporto%20di%20Firenze%2C%20Florence%2C%20Italy,"Aeroporto di Firenze, Florence, Italy","Aeroporto di Firenze, Florence, Italy",PASS,PASS,MANUAL_VERIFICATION_REQUIRED,NOT_ATTRIBUTED_BY_CURRENT_CODE,UNVERIFIED,
firenze/affrico,https://www.booking.com/searchresults.html?ss=Affrico%2C%20Florence%2C%20Italy,"Affrico, Florence, Italy","Affrico, Florence, Italy",PASS,PASS,MANUAL_VERIFICATION_REQUIRED,NOT_ATTRIBUTED_BY_CURRENT_CODE,UNVERIFIED,
firenze/arcetri,https://www.booking.com/searchresults.html?ss=Arcetri%2C%20Florence%2C%20Italy,"Arcetri, Florence, Italy","Arcetri, Florence, Italy",PASS,PASS,MANUAL_VERIFICATION_REQUIRED,NOT_ATTRIBUTED_BY_CURRENT_CODE,UNVERIFIED,
firenze/bagnese-fiume-greve,https://www.booking.com/searchresults.html?ss=Bagnese%2C%20Florence%2C%20Italy,"Bagnese, Florence, Italy","Bagnese, Florence, Italy",PASS,PASS,MANUAL_VERIFICATION_REQUIRED,NOT_ATTRIBUTED_BY_CURRENT_CODE,UNVERIFIED,
firenze/bandino,https://www.booking.com/searchresults.html?ss=Bandino%2C%20Florence%2C%20Italy,"Bandino, Florence, Italy","Bandino, Florence, Italy",PASS,PASS,MANUAL_VERIFICATION_REQUIRED,NOT_ATTRIBUTED_BY_CURRENT_CODE,UNVERIFIED,
firenze/bellariva,https://www.booking.com/searchresults.html?ss=Bellariva%2C%20Florence%2C%20Italy,"Bellariva, Florence, Italy","Bellariva, Florence, Italy",PASS,PASS,MANUAL_VERIFICATION_REQUIRED,NOT_ATTRIBUTED_BY_CURRENT_CODE,UNVERIFIED,
firenze/bellosguardo,https://www.booking.com/searchresults.html?ss=Bellosguardo%2C%20Florence%2C%20Italy,"Bellosguardo, Florence, Italy","Bellosguardo, Florence, Italy",PASS,PASS,MANUAL_VERIFICATION_REQUIRED,NOT_ATTRIBUTED_BY_CURRENT_CODE,UNVERIFIED,
firenze/boboli,https://www.booking.com/searchresults.html?ss=Giardino%20di%20Boboli%2C%20Florence%2C%20Italy,"Giardino di Boboli, Florence, Italy","Giardino di Boboli, Florence, Italy",PASS,PASS,MANUAL_VERIFICATION_REQUIRED,NOT_ATTRIBUTED_BY_CURRENT_CODE,UNVERIFIED,
firenze/brozzi-le-piagge,https://www.booking.com/searchresults.html?ss=Brozzi%2C%20Florence%2C%20Italy,"Brozzi, Florence, Italy","Brozzi, Florence, Italy",PASS,PASS,MANUAL_VERIFICATION_REQUIRED,NOT_ATTRIBUTED_BY_CURRENT_CODE,UNVERIFIED,
firenze/calatafimi,https://www.booking.com/searchresults.html?ss=Calatafimi%2C%20Florence%2C%20Italy,"Calatafimi, Florence, Italy","Calatafimi, Florence, Italy",PASS,PASS,MANUAL_VERIFICATION_REQUIRED,NOT_ATTRIBUTED_BY_CURRENT_CODE,UNVERIFIED,
firenze/campo-di-marte,https://www.booking.com/searchresults.html?ss=Campo%20di%20Marte%2C%20Florence%2C%20Italy,"Campo di Marte, Florence, Italy","Campo di Marte, Florence, Italy",PASS,PASS,MANUAL_VERIFICATION_REQUIRED,NOT_ATTRIBUTED_BY_CURRENT_CODE,UNVERIFIED,
firenze/careggi,https://www.booking.com/searchresults.html?ss=Careggi%2C%20Florence%2C%20Italy,"Careggi, Florence, Italy","Careggi, Florence, Italy",PASS,PASS,MANUAL_VERIFICATION_REQUIRED,NOT_ATTRIBUTED_BY_CURRENT_CODE,UNVERIFIED,
firenze/cascine,https://www.booking.com/searchresults.html?ss=Parco%20delle%20Cascine%2C%20Florence%2C%20Italy,"Parco delle Cascine, Florence, Italy","Parco delle Cascine, Florence, Italy",PASS,PASS,MANUAL_VERIFICATION_REQUIRED,NOT_ATTRIBUTED_BY_CURRENT_CODE,UNVERIFIED,
firenze/cascine-del-riccio-cinque-vie,https://www.booking.com/searchresults.html?ss=Cascine%20del%20Riccio%2C%20Florence%2C%20Italy,"Cascine del Riccio, Florence, Italy","Cascine del Riccio, Florence, Italy",PASS,PASS,MANUAL_VERIFICATION_REQUIRED,NOT_ATTRIBUTED_BY_CURRENT_CODE,UNVERIFIED,
firenze/castello,https://www.booking.com/searchresults.html?ss=Castello%2C%20Florence%2C%20Italy,"Castello, Florence, Italy","Castello, Florence, Italy",PASS,PASS,MANUAL_VERIFICATION_REQUIRED,NOT_ATTRIBUTED_BY_CURRENT_CODE,UNVERIFIED,
firenze/centro,https://www.booking.com/searchresults.html?ss=Piazza%20del%20Duomo%2C%20Florence%2C%20Italy,"Piazza del Duomo, Florence, Italy","Piazza del Duomo, Florence, Italy",PASS,PASS,MANUAL_VERIFICATION_REQUIRED,NOT_ATTRIBUTED_BY_CURRENT_CODE,UNVERIFIED,
firenze/coverciano,https://www.booking.com/searchresults.html?ss=Coverciano%2C%20Florence%2C%20Italy,"Coverciano, Florence, Italy","Coverciano, Florence, Italy",PASS,PASS,MANUAL_VERIFICATION_REQUIRED,NOT_ATTRIBUTED_BY_CURRENT_CODE,UNVERIFIED,
firenze/cure,https://www.booking.com/searchresults.html?ss=Cure%2C%20Florence%2C%20Italy,"Cure, Florence, Italy","Cure, Florence, Italy",PASS,PASS,MANUAL_VERIFICATION_REQUIRED,NOT_ATTRIBUTED_BY_CURRENT_CODE,UNVERIFIED,
firenze/donatello,https://www.booking.com/searchresults.html?ss=Donatello%2C%20Florence%2C%20Italy,"Donatello, Florence, Italy","Donatello, Florence, Italy",PASS,PASS,MANUAL_VERIFICATION_REQUIRED,NOT_ATTRIBUTED_BY_CURRENT_CODE,UNVERIFIED,
firenze/due-strade,https://www.booking.com/searchresults.html?ss=Due%20Strade%2C%20Florence%2C%20Italy,"Due Strade, Florence, Italy","Due Strade, Florence, Italy",PASS,PASS,MANUAL_VERIFICATION_REQUIRED,NOT_ATTRIBUTED_BY_CURRENT_CODE,UNVERIFIED,
firenze/europa,https://www.booking.com/searchresults.html?ss=Europa%2C%20Florence%2C%20Italy,"Europa, Florence, Italy","Europa, Florence, Italy",PASS,PASS,MANUAL_VERIFICATION_REQUIRED,NOT_ATTRIBUTED_BY_CURRENT_CODE,UNVERIFIED,
firenze/faentina,https://www.booking.com/searchresults.html?ss=Faentina%2C%20Florence%2C%20Italy,"Faentina, Florence, Italy","Faentina, Florence, Italy",PASS,PASS,MANUAL_VERIFICATION_REQUIRED,NOT_ATTRIBUTED_BY_CURRENT_CODE,UNVERIFIED,
firenze/firenze-nova,https://www.booking.com/searchresults.html?ss=Firenze%20Nova%2C%20Florence%2C%20Italy,"Firenze Nova, Florence, Italy","Firenze Nova, Florence, Italy",PASS,PASS,MANUAL_VERIFICATION_REQUIRED,NOT_ATTRIBUTED_BY_CURRENT_CODE,UNVERIFIED,
firenze/galluzzo,https://www.booking.com/searchresults.html?ss=Galluzzo%2C%20Florence%2C%20Italy,"Galluzzo, Florence, Italy","Galluzzo, Florence, Italy",PASS,PASS,MANUAL_VERIFICATION_REQUIRED,NOT_ATTRIBUTED_BY_CURRENT_CODE,UNVERIFIED,
firenze/gavinana,https://www.booking.com/searchresults.html?ss=Gavinana%2C%20Florence%2C%20Italy,"Gavinana, Florence, Italy","Gavinana, Florence, Italy",PASS,PASS,MANUAL_VERIFICATION_REQUIRED,NOT_ATTRIBUTED_BY_CURRENT_CODE,UNVERIFIED,
firenze/gioberti,https://www.booking.com/searchresults.html?ss=Gioberti%2C%20Florence%2C%20Italy,"Gioberti, Florence, Italy","Gioberti, Florence, Italy",PASS,PASS,MANUAL_VERIFICATION_REQUIRED,NOT_ATTRIBUTED_BY_CURRENT_CODE,UNVERIFIED,
firenze/isolotto-nord,https://www.booking.com/searchresults.html?ss=Florence%2C%20Italy,"Florence, Italy","Florence, Italy",PASS,PASS,MANUAL_VERIFICATION_REQUIRED,NOT_ATTRIBUTED_BY_CURRENT_CODE,UNVERIFIED,destination shared with 1 other zone(s)
firenze/isolotto-sud,https://www.booking.com/searchresults.html?ss=Florence%2C%20Italy,"Florence, Italy","Florence, Italy",PASS,PASS,MANUAL_VERIFICATION_REQUIRED,NOT_ATTRIBUTED_BY_CURRENT_CODE,UNVERIFIED,destination shared with 1 other zone(s)
firenze/legnaia,https://www.booking.com/searchresults.html?ss=Legnaia%2C%20Florence%2C%20Italy,"Legnaia, Florence, Italy","Legnaia, Florence, Italy",PASS,PASS,MANUAL_VERIFICATION_REQUIRED,NOT_ATTRIBUTED_BY_CURRENT_CODE,UNVERIFIED,
firenze/leopoldo,https://www.booking.com/searchresults.html?ss=Leopoldo%2C%20Florence%2C%20Italy,"Leopoldo, Florence, Italy","Leopoldo, Florence, Italy",PASS,PASS,MANUAL_VERIFICATION_REQUIRED,NOT_ATTRIBUTED_BY_CURRENT_CODE,UNVERIFIED,
firenze/liberta-fortezza,https://www.booking.com/searchresults.html?ss=Libert%C3%A0%20-%20Fortezza%2C%20Florence%2C%20Italy,"Libertà - Fortezza, Florence, Italy","Libertà - Fortezza, Florence, Italy",PASS,PASS,MANUAL_VERIFICATION_REQUIRED,NOT_ATTRIBUTED_BY_CURRENT_CODE,UNVERIFIED,
firenze/liberta-savonarola,https://www.booking.com/searchresults.html?ss=Libert%C3%A0%20-%20Savonarola%2C%20Florence%2C%20Italy,"Libertà - Savonarola, Florence, Italy","Libertà - Savonarola, Florence, Italy",PASS,PASS,MANUAL_VERIFICATION_REQUIRED,NOT_ATTRIBUTED_BY_CURRENT_CODE,UNVERIFIED,
firenze/mantignano-ugnano-sollicciano,https://www.booking.com/searchresults.html?ss=Ugnano%2C%20Florence%2C%20Italy,"Ugnano, Florence, Italy","Ugnano, Florence, Italy",PASS,PASS,MANUAL_VERIFICATION_REQUIRED,NOT_ATTRIBUTED_BY_CURRENT_CODE,UNVERIFIED,
firenze/massoni,https://www.booking.com/searchresults.html?ss=Massoni%2C%20Florence%2C%20Italy,"Massoni, Florence, Italy","Massoni, Florence, Italy",PASS,PASS,MANUAL_VERIFICATION_REQUIRED,NOT_ATTRIBUTED_BY_CURRENT_CODE,UNVERIFIED,
firenze/mercato-centrale,https://www.booking.com/searchresults.html?ss=San%20Lorenzo%2C%20Florence%2C%20Italy,"San Lorenzo, Florence, Italy","San Lorenzo, Florence, Italy",PASS,PASS,MANUAL_VERIFICATION_REQUIRED,NOT_ATTRIBUTED_BY_CURRENT_CODE,UNVERIFIED,
firenze/michelangelo,https://www.booking.com/searchresults.html?ss=Piazzale%20Michelangelo%2C%20Florence%2C%20Italy,"Piazzale Michelangelo, Florence, Italy","Piazzale Michelangelo, Florence, Italy",PASS,PASS,MANUAL_VERIFICATION_REQUIRED,NOT_ATTRIBUTED_BY_CURRENT_CODE,UNVERIFIED,
firenze/mille,https://www.booking.com/searchresults.html?ss=Mille%2C%20Florence%2C%20Italy,"Mille, Florence, Italy","Mille, Florence, Italy",PASS,PASS,MANUAL_VERIFICATION_REQUIRED,NOT_ATTRIBUTED_BY_CURRENT_CODE,UNVERIFIED,
firenze/monteripaldi,https://www.booking.com/searchresults.html?ss=Monteripaldi%2C%20Florence%2C%20Italy,"Monteripaldi, Florence, Italy","Monteripaldi, Florence, Italy",PASS,PASS,MANUAL_VERIFICATION_REQUIRED,NOT_ATTRIBUTED_BY_CURRENT_CODE,UNVERIFIED,
firenze/monticelli,https://www.booking.com/searchresults.html?ss=Monticelli%2C%20Florence%2C%20Italy,"Monticelli, Florence, Italy","Monticelli, Florence, Italy",PASS,PASS,MANUAL_VERIFICATION_REQUIRED,NOT_ATTRIBUTED_BY_CURRENT_CODE,UNVERIFIED,
firenze/montughi-poggetto,https://www.booking.com/searchresults.html?ss=Montughi%20-%20Poggetto%2C%20Florence%2C%20Italy,"Montughi - Poggetto, Florence, Italy","Montughi - Poggetto, Florence, Italy",PASS,PASS,MANUAL_VERIFICATION_REQUIRED,NOT_ATTRIBUTED_BY_CURRENT_CODE,UNVERIFIED,
firenze/novoli-baracca-est,https://www.booking.com/searchresults.html?ss=Rifredi%2C%20Florence%2C%20Italy,"Rifredi, Florence, Italy","Rifredi, Florence, Italy",PASS,PASS,MANUAL_VERIFICATION_REQUIRED,NOT_ATTRIBUTED_BY_CURRENT_CODE,UNVERIFIED,destination shared with 4 other zone(s)
firenze/novoli-baracca-ovest,https://www.booking.com/searchresults.html?ss=Rifredi%2C%20Florence%2C%20Italy,"Rifredi, Florence, Italy","Rifredi, Florence, Italy",PASS,PASS,MANUAL_VERIFICATION_REQUIRED,NOT_ATTRIBUTED_BY_CURRENT_CODE,UNVERIFIED,destination shared with 4 other zone(s)
firenze/novoli-fiat,https://www.booking.com/searchresults.html?ss=Rifredi%2C%20Florence%2C%20Italy,"Rifredi, Florence, Italy","Rifredi, Florence, Italy",PASS,PASS,MANUAL_VERIFICATION_REQUIRED,NOT_ATTRIBUTED_BY_CURRENT_CODE,UNVERIFIED,destination shared with 4 other zone(s)
firenze/novoli-lippi,https://www.booking.com/searchresults.html?ss=Rifredi%2C%20Florence%2C%20Italy,"Rifredi, Florence, Italy","Rifredi, Florence, Italy",PASS,PASS,MANUAL_VERIFICATION_REQUIRED,NOT_ATTRIBUTED_BY_CURRENT_CODE,UNVERIFIED,destination shared with 4 other zone(s)
firenze/oberdan,https://www.booking.com/searchresults.html?ss=Oberdan%2C%20Florence%2C%20Italy,"Oberdan, Florence, Italy","Oberdan, Florence, Italy",PASS,PASS,MANUAL_VERIFICATION_REQUIRED,NOT_ATTRIBUTED_BY_CURRENT_CODE,UNVERIFIED,
firenze/peretola,https://www.booking.com/searchresults.html?ss=Peretola%2C%20Florence%2C%20Italy,"Peretola, Florence, Italy","Peretola, Florence, Italy",PASS,PASS,MANUAL_VERIFICATION_REQUIRED,NOT_ATTRIBUTED_BY_CURRENT_CODE,UNVERIFIED,
firenze/petriolo-quaracchi,https://www.booking.com/searchresults.html?ss=Quaracchi%2C%20Florence%2C%20Italy,"Quaracchi, Florence, Italy","Quaracchi, Florence, Italy",PASS,PASS,MANUAL_VERIFICATION_REQUIRED,NOT_ATTRIBUTED_BY_CURRENT_CODE,UNVERIFIED,
firenze/pignone,https://www.booking.com/searchresults.html?ss=Pignone%2C%20Florence%2C%20Italy,"Pignone, Florence, Italy","Pignone, Florence, Italy",PASS,PASS,MANUAL_VERIFICATION_REQUIRED,NOT_ATTRIBUTED_BY_CURRENT_CODE,UNVERIFIED,
firenze/piombino-etruria,https://www.booking.com/searchresults.html?ss=Piombino%20-%20Etruria%2C%20Florence%2C%20Italy,"Piombino - Etruria, Florence, Italy","Piombino - Etruria, Florence, Italy",PASS,PASS,MANUAL_VERIFICATION_REQUIRED,NOT_ATTRIBUTED_BY_CURRENT_CODE,UNVERIFIED,
firenze/poggio-imperiale,https://www.booking.com/searchresults.html?ss=Poggio%20Imperiale%2C%20Florence%2C%20Italy,"Poggio Imperiale, Florence, Italy","Poggio Imperiale, Florence, Italy",PASS,PASS,MANUAL_VERIFICATION_REQUIRED,NOT_ATTRIBUTED_BY_CURRENT_CODE,UNVERIFIED,
firenze/ponte-a-ema,https://www.booking.com/searchresults.html?ss=Ponte%20a%20Ema%2C%20Bagno%20a%20Ripoli%2C%20Florence%2C%20Italy,"Ponte a Ema, Bagno a Ripoli, Florence, Italy","Ponte a Ema, Bagno a Ripoli, Florence, Italy",PASS,PASS,MANUAL_VERIFICATION_REQUIRED,NOT_ATTRIBUTED_BY_CURRENT_CODE,UNVERIFIED,
firenze/ponte-di-mezzo,https://www.booking.com/searchresults.html?ss=Ponte%20di%20Mezzo%2C%20Florence%2C%20Italy,"Ponte di Mezzo, Florence, Italy","Ponte di Mezzo, Florence, Italy",PASS,PASS,MANUAL_VERIFICATION_REQUIRED,NOT_ATTRIBUTED_BY_CURRENT_CODE,UNVERIFIED,
firenze/puccini-ponte-alle-mosse,https://www.booking.com/searchresults.html?ss=Puccini%20-%20Ponte%20alle%20Mosse%2C%20Florence%2C%20Italy,"Puccini - Ponte alle Mosse, Florence, Italy","Puccini - Ponte alle Mosse, Florence, Italy",PASS,PASS,MANUAL_VERIFICATION_REQUIRED,NOT_ATTRIBUTED_BY_CURRENT_CODE,UNVERIFIED,
firenze/rifredi,https://www.booking.com/searchresults.html?ss=Rifredi%2C%20Florence%2C%20Italy,"Rifredi, Florence, Italy","Rifredi, Florence, Italy",PASS,PASS,MANUAL_VERIFICATION_REQUIRED,NOT_ATTRIBUTED_BY_CURRENT_CODE,UNVERIFIED,destination shared with 4 other zone(s)
firenze/s-ambrogio,https://www.booking.com/searchresults.html?ss=Santa%20Croce%2C%20Florence%2C%20Italy,"Santa Croce, Florence, Italy","Santa Croce, Florence, Italy",PASS,PASS,MANUAL_VERIFICATION_REQUIRED,NOT_ATTRIBUTED_BY_CURRENT_CODE,UNVERIFIED,destination shared with 1 other zone(s)
firenze/s-bartolo-a-cintoia,https://www.booking.com/searchresults.html?ss=San%20Bartolo%20a%20Cintoia%2C%20Florence%2C%20Italy,"San Bartolo a Cintoia, Florence, Italy","San Bartolo a Cintoia, Florence, Italy",PASS,PASS,MANUAL_VERIFICATION_REQUIRED,NOT_ATTRIBUTED_BY_CURRENT_CODE,UNVERIFIED,
firenze/s-croce,https://www.booking.com/searchresults.html?ss=Santa%20Croce%2C%20Florence%2C%20Italy,"Santa Croce, Florence, Italy","Santa Croce, Florence, Italy",PASS,PASS,MANUAL_VERIFICATION_REQUIRED,NOT_ATTRIBUTED_BY_CURRENT_CODE,UNVERIFIED,destination shared with 1 other zone(s)
firenze/s-frediano,https://www.booking.com/searchresults.html?ss=San%20Frediano%2C%20Florence%2C%20Italy,"San Frediano, Florence, Italy","San Frediano, Florence, Italy",PASS,PASS,MANUAL_VERIFICATION_REQUIRED,NOT_ATTRIBUTED_BY_CURRENT_CODE,UNVERIFIED,
firenze/s-gervasio,https://www.booking.com/searchresults.html?ss=San%20Gervasio%2C%20Florence%2C%20Italy,"San Gervasio, Florence, Italy","San Gervasio, Florence, Italy",PASS,PASS,MANUAL_VERIFICATION_REQUIRED,NOT_ATTRIBUTED_BY_CURRENT_CODE,UNVERIFIED,
firenze/s-jacopino,https://www.booking.com/searchresults.html?ss=San%20Jacopino%2C%20Florence%2C%20Italy,"San Jacopino, Florence, Italy","San Jacopino, Florence, Italy",PASS,PASS,MANUAL_VERIFICATION_REQUIRED,NOT_ATTRIBUTED_BY_CURRENT_CODE,UNVERIFIED,
firenze/s-marco,https://www.booking.com/searchresults.html?ss=San%20Marco%2C%20Florence%2C%20Italy,"San Marco, Florence, Italy","San Marco, Florence, Italy",PASS,PASS,MANUAL_VERIFICATION_REQUIRED,NOT_ATTRIBUTED_BY_CURRENT_CODE,UNVERIFIED,
firenze/s-salvi,https://www.booking.com/searchresults.html?ss=San%20Salvi%2C%20Florence%2C%20Italy,"San Salvi, Florence, Italy","San Salvi, Florence, Italy",PASS,PASS,MANUAL_VERIFICATION_REQUIRED,NOT_ATTRIBUTED_BY_CURRENT_CODE,UNVERIFIED,
firenze/s-spirito,https://www.booking.com/searchresults.html?ss=Santo%20Spirito%2C%20Florence%2C%20Italy,"Santo Spirito, Florence, Italy","Santo Spirito, Florence, Italy",PASS,PASS,MANUAL_VERIFICATION_REQUIRED,NOT_ATTRIBUTED_BY_CURRENT_CODE,UNVERIFIED,
firenze/senese,https://www.booking.com/searchresults.html?ss=Senese%2C%20Florence%2C%20Italy,"Senese, Florence, Italy","Senese, Florence, Italy",PASS,PASS,MANUAL_VERIFICATION_REQUIRED,NOT_ATTRIBUTED_BY_CURRENT_CODE,UNVERIFIED,
firenze/serpiolle,https://www.booking.com/searchresults.html?ss=Serpiolle%2C%20Florence%2C%20Italy,"Serpiolle, Florence, Italy","Serpiolle, Florence, Italy",PASS,PASS,MANUAL_VERIFICATION_REQUIRED,NOT_ATTRIBUTED_BY_CURRENT_CODE,UNVERIFIED,
firenze/settignano,https://www.booking.com/searchresults.html?ss=Settignano%2C%20Florence%2C%20Italy,"Settignano, Florence, Italy","Settignano, Florence, Italy",PASS,PASS,MANUAL_VERIFICATION_REQUIRED,NOT_ATTRIBUTED_BY_CURRENT_CODE,UNVERIFIED,
firenze/soffiano,https://www.booking.com/searchresults.html?ss=Soffiano%2C%20Florence%2C%20Italy,"Soffiano, Florence, Italy","Soffiano, Florence, Italy",PASS,PASS,MANUAL_VERIFICATION_REQUIRED,NOT_ATTRIBUTED_BY_CURRENT_CODE,UNVERIFIED,
firenze/sorgane-cinque-vie,https://www.booking.com/searchresults.html?ss=Sorgane%2C%20Florence%2C%20Italy,"Sorgane, Florence, Italy","Sorgane, Florence, Italy",PASS,PASS,MANUAL_VERIFICATION_REQUIRED,NOT_ATTRIBUTED_BY_CURRENT_CODE,UNVERIFIED,
firenze/stazione-il-prato,https://www.booking.com/searchresults.html?ss=Santa%20Maria%20Novella%2C%20Florence%2C%20Italy,"Santa Maria Novella, Florence, Italy","Santa Maria Novella, Florence, Italy",PASS,PASS,MANUAL_VERIFICATION_REQUIRED,NOT_ATTRIBUTED_BY_CURRENT_CODE,UNVERIFIED,
firenze/torre-del-gallo,https://www.booking.com/searchresults.html?ss=Torre%20del%20Gallo%2C%20Florence%2C%20Italy,"Torre del Gallo, Florence, Italy","Torre del Gallo, Florence, Italy",PASS,PASS,MANUAL_VERIFICATION_REQUIRED,NOT_ATTRIBUTED_BY_CURRENT_CODE,UNVERIFIED,
firenze/torregalli,https://www.booking.com/searchresults.html?ss=Torregalli%2C%20Florence%2C%20Italy,"Torregalli, Florence, Italy","Torregalli, Florence, Italy",PASS,PASS,MANUAL_VERIFICATION_REQUIRED,NOT_ATTRIBUTED_BY_CURRENT_CODE,UNVERIFIED,
firenze/trespiano,https://www.booking.com/searchresults.html?ss=Trespiano%2C%20Florence%2C%20Italy,"Trespiano, Florence, Italy","Trespiano, Florence, Italy",PASS,PASS,MANUAL_VERIFICATION_REQUIRED,NOT_ATTRIBUTED_BY_CURRENT_CODE,UNVERIFIED,
firenze/varlungo-rovezzano,https://www.booking.com/searchresults.html?ss=Varlungo%20-%20Rovezzano%2C%20Florence%2C%20Italy,"Varlungo - Rovezzano, Florence, Italy","Varlungo - Rovezzano, Florence, Italy",PASS,PASS,MANUAL_VERIFICATION_REQUIRED,NOT_ATTRIBUTED_BY_CURRENT_CODE,UNVERIFIED,
firenze/viesseux,https://www.booking.com/searchresults.html?ss=Viesseux%2C%20Florence%2C%20Italy,"Viesseux, Florence, Italy","Viesseux, Florence, Italy",PASS,PASS,MANUAL_VERIFICATION_REQUIRED,NOT_ATTRIBUTED_BY_CURRENT_CODE,UNVERIFIED,
krakow/dzielnica-1,https://www.booking.com/searchresults.html?ss=Stare%20Miasto%2C%20Krakow%2C%20Poland,"Stare Miasto, Krakow, Poland","Stare Miasto, Krakow, Poland",PASS,PASS,MANUAL_VERIFICATION_REQUIRED,NOT_ATTRIBUTED_BY_CURRENT_CODE,UNVERIFIED,
krakow/dzielnica-2,https://www.booking.com/searchresults.html?ss=Grzegorzki%2C%20Krakow%2C%20Poland,"Grzegorzki, Krakow, Poland","Grzegorzki, Krakow, Poland",PASS,PASS,MANUAL_VERIFICATION_REQUIRED,NOT_ATTRIBUTED_BY_CURRENT_CODE,UNVERIFIED,
krakow/dzielnica-3,https://www.booking.com/searchresults.html?ss=Pradnik%20Czerwony%2C%20Krakow%2C%20Poland,"Pradnik Czerwony, Krakow, Poland","Pradnik Czerwony, Krakow, Poland",PASS,PASS,MANUAL_VERIFICATION_REQUIRED,NOT_ATTRIBUTED_BY_CURRENT_CODE,UNVERIFIED,
krakow/dzielnica-4,https://www.booking.com/searchresults.html?ss=Pradnik%20Bialy%2C%20Krakow%2C%20Poland,"Pradnik Bialy, Krakow, Poland","Pradnik Bialy, Krakow, Poland",PASS,PASS,MANUAL_VERIFICATION_REQUIRED,NOT_ATTRIBUTED_BY_CURRENT_CODE,UNVERIFIED,
krakow/dzielnica-5,https://www.booking.com/searchresults.html?ss=Krowodrza%2C%20Krakow%2C%20Poland,"Krowodrza, Krakow, Poland","Krowodrza, Krakow, Poland",PASS,PASS,MANUAL_VERIFICATION_REQUIRED,NOT_ATTRIBUTED_BY_CURRENT_CODE,UNVERIFIED,
krakow/dzielnica-6,https://www.booking.com/searchresults.html?ss=Bronowice%2C%20Krakow%2C%20Poland,"Bronowice, Krakow, Poland","Bronowice, Krakow, Poland",PASS,PASS,MANUAL_VERIFICATION_REQUIRED,NOT_ATTRIBUTED_BY_CURRENT_CODE,UNVERIFIED,
krakow/dzielnica-7,https://www.booking.com/searchresults.html?ss=Zwierzyniec%2C%20Krakow%2C%20Poland,"Zwierzyniec, Krakow, Poland","Zwierzyniec, Krakow, Poland",PASS,PASS,MANUAL_VERIFICATION_REQUIRED,NOT_ATTRIBUTED_BY_CURRENT_CODE,UNVERIFIED,
krakow/dzielnica-8,https://www.booking.com/searchresults.html?ss=Debniki%2C%20Krakow%2C%20Poland,"Debniki, Krakow, Poland","Debniki, Krakow, Poland",PASS,PASS,MANUAL_VERIFICATION_REQUIRED,NOT_ATTRIBUTED_BY_CURRENT_CODE,UNVERIFIED,
krakow/dzielnica-9,https://www.booking.com/searchresults.html?ss=Lagiewniki%2C%20Krakow%2C%20Poland,"Lagiewniki, Krakow, Poland","Lagiewniki, Krakow, Poland",PASS,PASS,MANUAL_VERIFICATION_REQUIRED,NOT_ATTRIBUTED_BY_CURRENT_CODE,UNVERIFIED,
krakow/dzielnica-10,https://www.booking.com/searchresults.html?ss=Swoszowice%2C%20Krakow%2C%20Poland,"Swoszowice, Krakow, Poland","Swoszowice, Krakow, Poland",PASS,PASS,MANUAL_VERIFICATION_REQUIRED,NOT_ATTRIBUTED_BY_CURRENT_CODE,UNVERIFIED,
krakow/dzielnica-11,https://www.booking.com/searchresults.html?ss=Podgorze%20Duchackie%2C%20Krakow%2C%20Poland,"Podgorze Duchackie, Krakow, Poland","Podgorze Duchackie, Krakow, Poland",PASS,PASS,MANUAL_VERIFICATION_REQUIRED,NOT_ATTRIBUTED_BY_CURRENT_CODE,UNVERIFIED,
krakow/dzielnica-12,https://www.booking.com/searchresults.html?ss=Prokocim%2C%20Krakow%2C%20Poland,"Prokocim, Krakow, Poland","Prokocim, Krakow, Poland",PASS,PASS,MANUAL_VERIFICATION_REQUIRED,NOT_ATTRIBUTED_BY_CURRENT_CODE,UNVERIFIED,
krakow/dzielnica-13,https://www.booking.com/searchresults.html?ss=Podgorze%2C%20Krakow%2C%20Poland,"Podgorze, Krakow, Poland","Podgorze, Krakow, Poland",PASS,PASS,MANUAL_VERIFICATION_REQUIRED,NOT_ATTRIBUTED_BY_CURRENT_CODE,UNVERIFIED,
krakow/dzielnica-14,https://www.booking.com/searchresults.html?ss=Czyzyny%2C%20Krakow%2C%20Poland,"Czyzyny, Krakow, Poland","Czyzyny, Krakow, Poland",PASS,PASS,MANUAL_VERIFICATION_REQUIRED,NOT_ATTRIBUTED_BY_CURRENT_CODE,UNVERIFIED,
krakow/dzielnica-15,https://www.booking.com/searchresults.html?ss=Mistrzejowice%2C%20Krakow%2C%20Poland,"Mistrzejowice, Krakow, Poland","Mistrzejowice, Krakow, Poland",PASS,PASS,MANUAL_VERIFICATION_REQUIRED,NOT_ATTRIBUTED_BY_CURRENT_CODE,UNVERIFIED,
krakow/dzielnica-16,https://www.booking.com/searchresults.html?ss=Bienczyce%2C%20Krakow%2C%20Poland,"Bienczyce, Krakow, Poland","Bienczyce, Krakow, Poland",PASS,PASS,MANUAL_VERIFICATION_REQUIRED,NOT_ATTRIBUTED_BY_CURRENT_CODE,UNVERIFIED,
krakow/dzielnica-17,https://www.booking.com/searchresults.html?ss=Wzgorza%20Krzeslawickie%2C%20Krakow%2C%20Poland,"Wzgorza Krzeslawickie, Krakow, Poland","Wzgorza Krzeslawickie, Krakow, Poland",PASS,PASS,MANUAL_VERIFICATION_REQUIRED,NOT_ATTRIBUTED_BY_CURRENT_CODE,UNVERIFIED,
krakow/dzielnica-18,https://www.booking.com/searchresults.html?ss=Nowa%20Huta%2C%20Krakow%2C%20Poland,"Nowa Huta, Krakow, Poland","Nowa Huta, Krakow, Poland",PASS,PASS,MANUAL_VERIFICATION_REQUIRED,NOT_ATTRIBUTED_BY_CURRENT_CODE,UNVERIFIED,
lisbon/ajuda,https://www.booking.com/searchresults.html?ss=Ajuda%2C%20Lisbon%2C%20Portugal,"Ajuda, Lisbon, Portugal","Ajuda, Lisbon, Portugal",PASS,PASS,MANUAL_VERIFICATION_REQUIRED,NOT_ATTRIBUTED_BY_CURRENT_CODE,UNVERIFIED,
lisbon/alcantara,https://www.booking.com/searchresults.html?ss=Alc%C3%A2ntara%2C%20Lisbon%2C%20Portugal,"Alcântara, Lisbon, Portugal","Alcântara, Lisbon, Portugal",PASS,PASS,MANUAL_VERIFICATION_REQUIRED,NOT_ATTRIBUTED_BY_CURRENT_CODE,UNVERIFIED,
lisbon/alvalade,https://www.booking.com/searchresults.html?ss=Alvalade%2C%20Lisbon%2C%20Portugal,"Alvalade, Lisbon, Portugal","Alvalade, Lisbon, Portugal",PASS,PASS,MANUAL_VERIFICATION_REQUIRED,NOT_ATTRIBUTED_BY_CURRENT_CODE,UNVERIFIED,
lisbon/areeiro,https://www.booking.com/searchresults.html?ss=Areeiro%2C%20Lisbon%2C%20Portugal,"Areeiro, Lisbon, Portugal","Areeiro, Lisbon, Portugal",PASS,PASS,MANUAL_VERIFICATION_REQUIRED,NOT_ATTRIBUTED_BY_CURRENT_CODE,UNVERIFIED,
lisbon/arroios,https://www.booking.com/searchresults.html?ss=Arroios%2C%20Lisbon%2C%20Portugal,"Arroios, Lisbon, Portugal","Arroios, Lisbon, Portugal",PASS,PASS,MANUAL_VERIFICATION_REQUIRED,NOT_ATTRIBUTED_BY_CURRENT_CODE,UNVERIFIED,
lisbon/avenidas-novas,https://www.booking.com/searchresults.html?ss=Avenidas%20Novas%2C%20Lisbon%2C%20Portugal,"Avenidas Novas, Lisbon, Portugal","Avenidas Novas, Lisbon, Portugal",PASS,PASS,MANUAL_VERIFICATION_REQUIRED,NOT_ATTRIBUTED_BY_CURRENT_CODE,UNVERIFIED,
lisbon/beato,https://www.booking.com/searchresults.html?ss=Beato%2C%20Lisbon%2C%20Portugal,"Beato, Lisbon, Portugal","Beato, Lisbon, Portugal",PASS,PASS,MANUAL_VERIFICATION_REQUIRED,NOT_ATTRIBUTED_BY_CURRENT_CODE,UNVERIFIED,
lisbon/belem,https://www.booking.com/searchresults.html?ss=Bel%C3%A9m%2C%20Lisbon%2C%20Portugal,"Belém, Lisbon, Portugal","Belém, Lisbon, Portugal",PASS,PASS,MANUAL_VERIFICATION_REQUIRED,NOT_ATTRIBUTED_BY_CURRENT_CODE,UNVERIFIED,
lisbon/benfica,https://www.booking.com/searchresults.html?ss=Benfica%2C%20Lisbon%2C%20Portugal,"Benfica, Lisbon, Portugal","Benfica, Lisbon, Portugal",PASS,PASS,MANUAL_VERIFICATION_REQUIRED,NOT_ATTRIBUTED_BY_CURRENT_CODE,UNVERIFIED,
lisbon/campo-de-ourique,https://www.booking.com/searchresults.html?ss=Campo%20de%20Ourique%2C%20Lisbon%2C%20Portugal,"Campo de Ourique, Lisbon, Portugal","Campo de Ourique, Lisbon, Portugal",PASS,PASS,MANUAL_VERIFICATION_REQUIRED,NOT_ATTRIBUTED_BY_CURRENT_CODE,UNVERIFIED,
lisbon/campolide,https://www.booking.com/searchresults.html?ss=Campolide%2C%20Lisbon%2C%20Portugal,"Campolide, Lisbon, Portugal","Campolide, Lisbon, Portugal",PASS,PASS,MANUAL_VERIFICATION_REQUIRED,NOT_ATTRIBUTED_BY_CURRENT_CODE,UNVERIFIED,
lisbon/carnide,https://www.booking.com/searchresults.html?ss=Carnide%2C%20Lisbon%2C%20Portugal,"Carnide, Lisbon, Portugal","Carnide, Lisbon, Portugal",PASS,PASS,MANUAL_VERIFICATION_REQUIRED,NOT_ATTRIBUTED_BY_CURRENT_CODE,UNVERIFIED,
lisbon/estrela,https://www.booking.com/searchresults.html?ss=Estrela%2C%20Lisbon%2C%20Portugal,"Estrela, Lisbon, Portugal","Estrela, Lisbon, Portugal",PASS,PASS,MANUAL_VERIFICATION_REQUIRED,NOT_ATTRIBUTED_BY_CURRENT_CODE,UNVERIFIED,
lisbon/lumiar,https://www.booking.com/searchresults.html?ss=Lumiar%2C%20Lisbon%2C%20Portugal,"Lumiar, Lisbon, Portugal","Lumiar, Lisbon, Portugal",PASS,PASS,MANUAL_VERIFICATION_REQUIRED,NOT_ATTRIBUTED_BY_CURRENT_CODE,UNVERIFIED,
lisbon/marvila,https://www.booking.com/searchresults.html?ss=Marvila%2C%20Lisbon%2C%20Portugal,"Marvila, Lisbon, Portugal","Marvila, Lisbon, Portugal",PASS,PASS,MANUAL_VERIFICATION_REQUIRED,NOT_ATTRIBUTED_BY_CURRENT_CODE,UNVERIFIED,
lisbon/misericordia,https://www.booking.com/searchresults.html?ss=Miseric%C3%B3rdia%2C%20Lisbon%2C%20Portugal,"Misericórdia, Lisbon, Portugal","Misericórdia, Lisbon, Portugal",PASS,PASS,MANUAL_VERIFICATION_REQUIRED,NOT_ATTRIBUTED_BY_CURRENT_CODE,UNVERIFIED,
lisbon/olivais,https://www.booking.com/searchresults.html?ss=Olivais%2C%20Lisbon%2C%20Portugal,"Olivais, Lisbon, Portugal","Olivais, Lisbon, Portugal",PASS,PASS,MANUAL_VERIFICATION_REQUIRED,NOT_ATTRIBUTED_BY_CURRENT_CODE,UNVERIFIED,
lisbon/parque-das-nacoes,https://www.booking.com/searchresults.html?ss=Parque%20das%20Na%C3%A7%C3%B5es%2C%20Lisbon%2C%20Portugal,"Parque das Nações, Lisbon, Portugal","Parque das Nações, Lisbon, Portugal",PASS,PASS,MANUAL_VERIFICATION_REQUIRED,NOT_ATTRIBUTED_BY_CURRENT_CODE,UNVERIFIED,
lisbon/penha-de-franca,https://www.booking.com/searchresults.html?ss=Penha%20de%20Fran%C3%A7a%2C%20Lisbon%2C%20Portugal,"Penha de França, Lisbon, Portugal","Penha de França, Lisbon, Portugal",PASS,PASS,MANUAL_VERIFICATION_REQUIRED,NOT_ATTRIBUTED_BY_CURRENT_CODE,UNVERIFIED,
lisbon/santa-clara,https://www.booking.com/searchresults.html?ss=Santa%20Clara%2C%20Lisbon%2C%20Portugal,"Santa Clara, Lisbon, Portugal","Santa Clara, Lisbon, Portugal",PASS,PASS,MANUAL_VERIFICATION_REQUIRED,NOT_ATTRIBUTED_BY_CURRENT_CODE,UNVERIFIED,
lisbon/santa-maria-maior,https://www.booking.com/searchresults.html?ss=Santa%20Maria%20Maior%2C%20Lisbon%2C%20Portugal,"Santa Maria Maior, Lisbon, Portugal","Santa Maria Maior, Lisbon, Portugal",PASS,PASS,MANUAL_VERIFICATION_REQUIRED,NOT_ATTRIBUTED_BY_CURRENT_CODE,UNVERIFIED,
lisbon/santo-antonio,https://www.booking.com/searchresults.html?ss=Santo%20Ant%C3%B3nio%2C%20Lisbon%2C%20Portugal,"Santo António, Lisbon, Portugal","Santo António, Lisbon, Portugal",PASS,PASS,MANUAL_VERIFICATION_REQUIRED,NOT_ATTRIBUTED_BY_CURRENT_CODE,UNVERIFIED,
lisbon/sao-domingos-de-benfica,https://www.booking.com/searchresults.html?ss=S%C3%A3o%20Domingos%20de%20Benfica%2C%20Lisbon%2C%20Portugal,"São Domingos de Benfica, Lisbon, Portugal","São Domingos de Benfica, Lisbon, Portugal",PASS,PASS,MANUAL_VERIFICATION_REQUIRED,NOT_ATTRIBUTED_BY_CURRENT_CODE,UNVERIFIED,
lisbon/sao-vicente,https://www.booking.com/searchresults.html?ss=S%C3%A3o%20Vicente%2C%20Lisbon%2C%20Portugal,"São Vicente, Lisbon, Portugal","São Vicente, Lisbon, Portugal",PASS,PASS,MANUAL_VERIFICATION_REQUIRED,NOT_ATTRIBUTED_BY_CURRENT_CODE,UNVERIFIED,
madrid/palacio,https://www.booking.com/searchresults.html?ss=Palacio%2C%20Madrid%2C%20Spain,"Palacio, Madrid, Spain","Palacio, Madrid, Spain",PASS,PASS,MANUAL_VERIFICATION_REQUIRED,NOT_ATTRIBUTED_BY_CURRENT_CODE,UNVERIFIED,
madrid/embajadores,https://www.booking.com/searchresults.html?ss=Embajadores%2C%20Madrid%2C%20Spain,"Embajadores, Madrid, Spain","Embajadores, Madrid, Spain",PASS,PASS,MANUAL_VERIFICATION_REQUIRED,NOT_ATTRIBUTED_BY_CURRENT_CODE,UNVERIFIED,
madrid/cortes,https://www.booking.com/searchresults.html?ss=Cortes%2C%20Madrid%2C%20Spain,"Cortes, Madrid, Spain","Cortes, Madrid, Spain",PASS,PASS,MANUAL_VERIFICATION_REQUIRED,NOT_ATTRIBUTED_BY_CURRENT_CODE,UNVERIFIED,
madrid/justicia,https://www.booking.com/searchresults.html?ss=Justicia%2C%20Madrid%2C%20Spain,"Justicia, Madrid, Spain","Justicia, Madrid, Spain",PASS,PASS,MANUAL_VERIFICATION_REQUIRED,NOT_ATTRIBUTED_BY_CURRENT_CODE,UNVERIFIED,
madrid/universidad,https://www.booking.com/searchresults.html?ss=Universidad%2C%20Madrid%2C%20Spain,"Universidad, Madrid, Spain","Universidad, Madrid, Spain",PASS,PASS,MANUAL_VERIFICATION_REQUIRED,NOT_ATTRIBUTED_BY_CURRENT_CODE,UNVERIFIED,
madrid/sol,https://www.booking.com/searchresults.html?ss=Sol%2C%20Madrid%2C%20Spain,"Sol, Madrid, Spain","Sol, Madrid, Spain",PASS,PASS,MANUAL_VERIFICATION_REQUIRED,NOT_ATTRIBUTED_BY_CURRENT_CODE,UNVERIFIED,
madrid/imperial,https://www.booking.com/searchresults.html?ss=Imperial%2C%20Madrid%2C%20Spain,"Imperial, Madrid, Spain","Imperial, Madrid, Spain",PASS,PASS,MANUAL_VERIFICATION_REQUIRED,NOT_ATTRIBUTED_BY_CURRENT_CODE,UNVERIFIED,
madrid/acacias,https://www.booking.com/searchresults.html?ss=Acacias%2C%20Madrid%2C%20Spain,"Acacias, Madrid, Spain","Acacias, Madrid, Spain",PASS,PASS,MANUAL_VERIFICATION_REQUIRED,NOT_ATTRIBUTED_BY_CURRENT_CODE,UNVERIFIED,
madrid/chopera,https://www.booking.com/searchresults.html?ss=Chopera%2C%20Madrid%2C%20Spain,"Chopera, Madrid, Spain","Chopera, Madrid, Spain",PASS,PASS,MANUAL_VERIFICATION_REQUIRED,NOT_ATTRIBUTED_BY_CURRENT_CODE,UNVERIFIED,
madrid/legazpi,https://www.booking.com/searchresults.html?ss=Legazpi%2C%20Madrid%2C%20Spain,"Legazpi, Madrid, Spain","Legazpi, Madrid, Spain",PASS,PASS,MANUAL_VERIFICATION_REQUIRED,NOT_ATTRIBUTED_BY_CURRENT_CODE,UNVERIFIED,
madrid/delicias,https://www.booking.com/searchresults.html?ss=Delicias%2C%20Madrid%2C%20Spain,"Delicias, Madrid, Spain","Delicias, Madrid, Spain",PASS,PASS,MANUAL_VERIFICATION_REQUIRED,NOT_ATTRIBUTED_BY_CURRENT_CODE,UNVERIFIED,
madrid/palos-de-la-frontera,https://www.booking.com/searchresults.html?ss=M%C3%A9ndez%20%C3%81lvaro%2C%20Madrid%2C%20Spain,"Méndez Álvaro, Madrid, Spain","Méndez Álvaro, Madrid, Spain",PASS,PASS,MANUAL_VERIFICATION_REQUIRED,NOT_ATTRIBUTED_BY_CURRENT_CODE,UNVERIFIED,
madrid/atocha,https://www.booking.com/searchresults.html?ss=Atocha%2C%20Madrid%2C%20Spain,"Atocha, Madrid, Spain","Atocha, Madrid, Spain",PASS,PASS,MANUAL_VERIFICATION_REQUIRED,NOT_ATTRIBUTED_BY_CURRENT_CODE,UNVERIFIED,
madrid/pacifico,https://www.booking.com/searchresults.html?ss=Pac%C3%ADfico%2C%20Madrid%2C%20Spain,"Pacífico, Madrid, Spain","Pacífico, Madrid, Spain",PASS,PASS,MANUAL_VERIFICATION_REQUIRED,NOT_ATTRIBUTED_BY_CURRENT_CODE,UNVERIFIED,
madrid/adelfas,https://www.booking.com/searchresults.html?ss=Adelfas%2C%20Madrid%2C%20Spain,"Adelfas, Madrid, Spain","Adelfas, Madrid, Spain",PASS,PASS,MANUAL_VERIFICATION_REQUIRED,NOT_ATTRIBUTED_BY_CURRENT_CODE,UNVERIFIED,
madrid/estrella,https://www.booking.com/searchresults.html?ss=Estrella%2C%20Madrid%2C%20Spain,"Estrella, Madrid, Spain","Estrella, Madrid, Spain",PASS,PASS,MANUAL_VERIFICATION_REQUIRED,NOT_ATTRIBUTED_BY_CURRENT_CODE,UNVERIFIED,
madrid/ibiza,https://www.booking.com/searchresults.html?ss=Ibiza%2C%20Madrid%2C%20Spain,"Ibiza, Madrid, Spain","Ibiza, Madrid, Spain",PASS,PASS,MANUAL_VERIFICATION_REQUIRED,NOT_ATTRIBUTED_BY_CURRENT_CODE,UNVERIFIED,
madrid/los-jeronimos,https://www.booking.com/searchresults.html?ss=Los%20Jer%C3%B3nimos%2C%20Madrid%2C%20Spain,"Los Jerónimos, Madrid, Spain","Los Jerónimos, Madrid, Spain",PASS,PASS,MANUAL_VERIFICATION_REQUIRED,NOT_ATTRIBUTED_BY_CURRENT_CODE,UNVERIFIED,
madrid/nino-jesus,https://www.booking.com/searchresults.html?ss=Ni%C3%B1o%20Jes%C3%BAs%2C%20Madrid%2C%20Spain,"Niño Jesús, Madrid, Spain","Niño Jesús, Madrid, Spain",PASS,PASS,MANUAL_VERIFICATION_REQUIRED,NOT_ATTRIBUTED_BY_CURRENT_CODE,UNVERIFIED,
madrid/recoletos,https://www.booking.com/searchresults.html?ss=Recoletos%2C%20Madrid%2C%20Spain,"Recoletos, Madrid, Spain","Recoletos, Madrid, Spain",PASS,PASS,MANUAL_VERIFICATION_REQUIRED,NOT_ATTRIBUTED_BY_CURRENT_CODE,UNVERIFIED,
madrid/goya,https://www.booking.com/searchresults.html?ss=Goya%2C%20Madrid%2C%20Spain,"Goya, Madrid, Spain","Goya, Madrid, Spain",PASS,PASS,MANUAL_VERIFICATION_REQUIRED,NOT_ATTRIBUTED_BY_CURRENT_CODE,UNVERIFIED,
madrid/fuente-del-berro,https://www.booking.com/searchresults.html?ss=Fuente%20del%20Berro%2C%20Madrid%2C%20Spain,"Fuente del Berro, Madrid, Spain","Fuente del Berro, Madrid, Spain",PASS,PASS,MANUAL_VERIFICATION_REQUIRED,NOT_ATTRIBUTED_BY_CURRENT_CODE,UNVERIFIED,
madrid/guindalera,https://www.booking.com/searchresults.html?ss=Guindalera%2C%20Madrid%2C%20Spain,"Guindalera, Madrid, Spain","Guindalera, Madrid, Spain",PASS,PASS,MANUAL_VERIFICATION_REQUIRED,NOT_ATTRIBUTED_BY_CURRENT_CODE,UNVERIFIED,
madrid/lista,https://www.booking.com/searchresults.html?ss=Lista%2C%20Madrid%2C%20Spain,"Lista, Madrid, Spain","Lista, Madrid, Spain",PASS,PASS,MANUAL_VERIFICATION_REQUIRED,NOT_ATTRIBUTED_BY_CURRENT_CODE,UNVERIFIED,
madrid/castellana,https://www.booking.com/searchresults.html?ss=Castellana%2C%20Madrid%2C%20Spain,"Castellana, Madrid, Spain","Castellana, Madrid, Spain",PASS,PASS,MANUAL_VERIFICATION_REQUIRED,NOT_ATTRIBUTED_BY_CURRENT_CODE,UNVERIFIED,
madrid/el-viso,https://www.booking.com/searchresults.html?ss=El%20Viso%2C%20Madrid%2C%20Spain,"El Viso, Madrid, Spain","El Viso, Madrid, Spain",PASS,PASS,MANUAL_VERIFICATION_REQUIRED,NOT_ATTRIBUTED_BY_CURRENT_CODE,UNVERIFIED,
madrid/prosperidad,https://www.booking.com/searchresults.html?ss=Prosperidad%2C%20Madrid%2C%20Spain,"Prosperidad, Madrid, Spain","Prosperidad, Madrid, Spain",PASS,PASS,MANUAL_VERIFICATION_REQUIRED,NOT_ATTRIBUTED_BY_CURRENT_CODE,UNVERIFIED,
madrid/ciudad-jardin,https://www.booking.com/searchresults.html?ss=Ciudad%20Jard%C3%ADn%2C%20Madrid%2C%20Spain,"Ciudad Jardín, Madrid, Spain","Ciudad Jardín, Madrid, Spain",PASS,PASS,MANUAL_VERIFICATION_REQUIRED,NOT_ATTRIBUTED_BY_CURRENT_CODE,UNVERIFIED,
madrid/hispanoamerica,https://www.booking.com/searchresults.html?ss=Hispanoam%C3%A9rica%2C%20Madrid%2C%20Spain,"Hispanoamérica, Madrid, Spain","Hispanoamérica, Madrid, Spain",PASS,PASS,MANUAL_VERIFICATION_REQUIRED,NOT_ATTRIBUTED_BY_CURRENT_CODE,UNVERIFIED,
madrid/nueva-espana,https://www.booking.com/searchresults.html?ss=Nueva%20Espa%C3%B1a%2C%20Madrid%2C%20Spain,"Nueva España, Madrid, Spain","Nueva España, Madrid, Spain",PASS,PASS,MANUAL_VERIFICATION_REQUIRED,NOT_ATTRIBUTED_BY_CURRENT_CODE,UNVERIFIED,
madrid/castilla,https://www.booking.com/searchresults.html?ss=Castilla%2C%20Madrid%2C%20Spain,"Castilla, Madrid, Spain","Castilla, Madrid, Spain",PASS,PASS,MANUAL_VERIFICATION_REQUIRED,NOT_ATTRIBUTED_BY_CURRENT_CODE,UNVERIFIED,
madrid/bellas-vistas,https://www.booking.com/searchresults.html?ss=Bellas%20Vistas%2C%20Madrid%2C%20Spain,"Bellas Vistas, Madrid, Spain","Bellas Vistas, Madrid, Spain",PASS,PASS,MANUAL_VERIFICATION_REQUIRED,NOT_ATTRIBUTED_BY_CURRENT_CODE,UNVERIFIED,
madrid/cuatro-caminos,https://www.booking.com/searchresults.html?ss=Cuatro%20Caminos%2C%20Madrid%2C%20Spain,"Cuatro Caminos, Madrid, Spain","Cuatro Caminos, Madrid, Spain",PASS,PASS,MANUAL_VERIFICATION_REQUIRED,NOT_ATTRIBUTED_BY_CURRENT_CODE,UNVERIFIED,
madrid/castillejos,https://www.booking.com/searchresults.html?ss=Castillejos%2C%20Madrid%2C%20Spain,"Castillejos, Madrid, Spain","Castillejos, Madrid, Spain",PASS,PASS,MANUAL_VERIFICATION_REQUIRED,NOT_ATTRIBUTED_BY_CURRENT_CODE,UNVERIFIED,
madrid/almenara,https://www.booking.com/searchresults.html?ss=Almenara%2C%20Madrid%2C%20Spain,"Almenara, Madrid, Spain","Almenara, Madrid, Spain",PASS,PASS,MANUAL_VERIFICATION_REQUIRED,NOT_ATTRIBUTED_BY_CURRENT_CODE,UNVERIFIED,
madrid/valdeacederas,https://www.booking.com/searchresults.html?ss=Valdeacederas%2C%20Madrid%2C%20Spain,"Valdeacederas, Madrid, Spain","Valdeacederas, Madrid, Spain",PASS,PASS,MANUAL_VERIFICATION_REQUIRED,NOT_ATTRIBUTED_BY_CURRENT_CODE,UNVERIFIED,
madrid/berruguete,https://www.booking.com/searchresults.html?ss=Berruguete%2C%20Madrid%2C%20Spain,"Berruguete, Madrid, Spain","Berruguete, Madrid, Spain",PASS,PASS,MANUAL_VERIFICATION_REQUIRED,NOT_ATTRIBUTED_BY_CURRENT_CODE,UNVERIFIED,
madrid/gaztambide,https://www.booking.com/searchresults.html?ss=Gaztambide%2C%20Madrid%2C%20Spain,"Gaztambide, Madrid, Spain","Gaztambide, Madrid, Spain",PASS,PASS,MANUAL_VERIFICATION_REQUIRED,NOT_ATTRIBUTED_BY_CURRENT_CODE,UNVERIFIED,
madrid/arapiles,https://www.booking.com/searchresults.html?ss=Arapiles%2C%20Madrid%2C%20Spain,"Arapiles, Madrid, Spain","Arapiles, Madrid, Spain",PASS,PASS,MANUAL_VERIFICATION_REQUIRED,NOT_ATTRIBUTED_BY_CURRENT_CODE,UNVERIFIED,
madrid/trafalgar,https://www.booking.com/searchresults.html?ss=Trafalgar%2C%20Madrid%2C%20Spain,"Trafalgar, Madrid, Spain","Trafalgar, Madrid, Spain",PASS,PASS,MANUAL_VERIFICATION_REQUIRED,NOT_ATTRIBUTED_BY_CURRENT_CODE,UNVERIFIED,
madrid/almagro,https://www.booking.com/searchresults.html?ss=Almagro%2C%20Madrid%2C%20Spain,"Almagro, Madrid, Spain","Almagro, Madrid, Spain",PASS,PASS,MANUAL_VERIFICATION_REQUIRED,NOT_ATTRIBUTED_BY_CURRENT_CODE,UNVERIFIED,
madrid/rios-rosas,https://www.booking.com/searchresults.html?ss=R%C3%ADos%20Rosas%2C%20Madrid%2C%20Spain,"Ríos Rosas, Madrid, Spain","Ríos Rosas, Madrid, Spain",PASS,PASS,MANUAL_VERIFICATION_REQUIRED,NOT_ATTRIBUTED_BY_CURRENT_CODE,UNVERIFIED,
madrid/vallehermoso,https://www.booking.com/searchresults.html?ss=Vallehermoso%2C%20Madrid%2C%20Spain,"Vallehermoso, Madrid, Spain","Vallehermoso, Madrid, Spain",PASS,PASS,MANUAL_VERIFICATION_REQUIRED,NOT_ATTRIBUTED_BY_CURRENT_CODE,UNVERIFIED,
madrid/el-pardo,https://www.booking.com/searchresults.html?ss=El%20Pardo%2C%20Madrid%2C%20Spain,"El Pardo, Madrid, Spain","El Pardo, Madrid, Spain",PASS,PASS,MANUAL_VERIFICATION_REQUIRED,NOT_ATTRIBUTED_BY_CURRENT_CODE,UNVERIFIED,
madrid/fuentelarreina,https://www.booking.com/searchresults.html?ss=Fuentelarreina%2C%20Madrid%2C%20Spain,"Fuentelarreina, Madrid, Spain","Fuentelarreina, Madrid, Spain",PASS,PASS,MANUAL_VERIFICATION_REQUIRED,NOT_ATTRIBUTED_BY_CURRENT_CODE,UNVERIFIED,
madrid/penagrande,https://www.booking.com/searchresults.html?ss=Pe%C3%B1agrande%2C%20Madrid%2C%20Spain,"Peñagrande, Madrid, Spain","Peñagrande, Madrid, Spain",PASS,PASS,MANUAL_VERIFICATION_REQUIRED,NOT_ATTRIBUTED_BY_CURRENT_CODE,UNVERIFIED,
madrid/pilar,https://www.booking.com/searchresults.html?ss=Pilar%2C%20Madrid%2C%20Spain,"Pilar, Madrid, Spain","Pilar, Madrid, Spain",PASS,PASS,MANUAL_VERIFICATION_REQUIRED,NOT_ATTRIBUTED_BY_CURRENT_CODE,UNVERIFIED,
madrid/la-paz,https://www.booking.com/searchresults.html?ss=La%20Paz%2C%20Madrid%2C%20Spain,"La Paz, Madrid, Spain","La Paz, Madrid, Spain",PASS,PASS,MANUAL_VERIFICATION_REQUIRED,NOT_ATTRIBUTED_BY_CURRENT_CODE,UNVERIFIED,
madrid/valverde,https://www.booking.com/searchresults.html?ss=Valverde%2C%20Madrid%2C%20Spain,"Valverde, Madrid, Spain","Valverde, Madrid, Spain",PASS,PASS,MANUAL_VERIFICATION_REQUIRED,NOT_ATTRIBUTED_BY_CURRENT_CODE,UNVERIFIED,
madrid/mirasierra,https://www.booking.com/searchresults.html?ss=Mirasierra%2C%20Madrid%2C%20Spain,"Mirasierra, Madrid, Spain","Mirasierra, Madrid, Spain",PASS,PASS,MANUAL_VERIFICATION_REQUIRED,NOT_ATTRIBUTED_BY_CURRENT_CODE,UNVERIFIED,
madrid/el-goloso,https://www.booking.com/searchresults.html?ss=El%20Goloso%2C%20Madrid%2C%20Spain,"El Goloso, Madrid, Spain","El Goloso, Madrid, Spain",PASS,PASS,MANUAL_VERIFICATION_REQUIRED,NOT_ATTRIBUTED_BY_CURRENT_CODE,UNVERIFIED,
madrid/casa-de-campo,https://www.booking.com/searchresults.html?ss=Casa%20de%20Campo%2C%20Madrid%2C%20Spain,"Casa de Campo, Madrid, Spain","Casa de Campo, Madrid, Spain",PASS,PASS,MANUAL_VERIFICATION_REQUIRED,NOT_ATTRIBUTED_BY_CURRENT_CODE,UNVERIFIED,
madrid/arguelles,https://www.booking.com/searchresults.html?ss=Arg%C3%BCelles%2C%20Madrid%2C%20Spain,"Argüelles, Madrid, Spain","Argüelles, Madrid, Spain",PASS,PASS,MANUAL_VERIFICATION_REQUIRED,NOT_ATTRIBUTED_BY_CURRENT_CODE,UNVERIFIED,
madrid/ciudad-universitaria,https://www.booking.com/searchresults.html?ss=Ciudad%20Universitaria%2C%20Madrid%2C%20Spain,"Ciudad Universitaria, Madrid, Spain","Ciudad Universitaria, Madrid, Spain",PASS,PASS,MANUAL_VERIFICATION_REQUIRED,NOT_ATTRIBUTED_BY_CURRENT_CODE,UNVERIFIED,
madrid/valdezarza,https://www.booking.com/searchresults.html?ss=Valdezarza%2C%20Madrid%2C%20Spain,"Valdezarza, Madrid, Spain","Valdezarza, Madrid, Spain",PASS,PASS,MANUAL_VERIFICATION_REQUIRED,NOT_ATTRIBUTED_BY_CURRENT_CODE,UNVERIFIED,
madrid/valdemarin,https://www.booking.com/searchresults.html?ss=Valdemar%C3%ADn%2C%20Madrid%2C%20Spain,"Valdemarín, Madrid, Spain","Valdemarín, Madrid, Spain",PASS,PASS,MANUAL_VERIFICATION_REQUIRED,NOT_ATTRIBUTED_BY_CURRENT_CODE,UNVERIFIED,
madrid/el-plantio,https://www.booking.com/searchresults.html?ss=El%20Plant%C3%ADo%2C%20Madrid%2C%20Spain,"El Plantío, Madrid, Spain","El Plantío, Madrid, Spain",PASS,PASS,MANUAL_VERIFICATION_REQUIRED,NOT_ATTRIBUTED_BY_CURRENT_CODE,UNVERIFIED,
madrid/aravaca,https://www.booking.com/searchresults.html?ss=Aravaca%2C%20Madrid%2C%20Spain,"Aravaca, Madrid, Spain","Aravaca, Madrid, Spain",PASS,PASS,MANUAL_VERIFICATION_REQUIRED,NOT_ATTRIBUTED_BY_CURRENT_CODE,UNVERIFIED,
madrid/los-carmenes,https://www.booking.com/searchresults.html?ss=Los%20C%C3%A1rmenes%2C%20Madrid%2C%20Spain,"Los Cármenes, Madrid, Spain","Los Cármenes, Madrid, Spain",PASS,PASS,MANUAL_VERIFICATION_REQUIRED,NOT_ATTRIBUTED_BY_CURRENT_CODE,UNVERIFIED,
madrid/puerta-del-angel,https://www.booking.com/searchresults.html?ss=Puerta%20del%20%C3%81ngel%2C%20Madrid%2C%20Spain,"Puerta del Ángel, Madrid, Spain","Puerta del Ángel, Madrid, Spain",PASS,PASS,MANUAL_VERIFICATION_REQUIRED,NOT_ATTRIBUTED_BY_CURRENT_CODE,UNVERIFIED,
madrid/lucero,https://www.booking.com/searchresults.html?ss=Lucero%2C%20Madrid%2C%20Spain,"Lucero, Madrid, Spain","Lucero, Madrid, Spain",PASS,PASS,MANUAL_VERIFICATION_REQUIRED,NOT_ATTRIBUTED_BY_CURRENT_CODE,UNVERIFIED,
madrid/aluche,https://www.booking.com/searchresults.html?ss=Aluche%2C%20Madrid%2C%20Spain,"Aluche, Madrid, Spain","Aluche, Madrid, Spain",PASS,PASS,MANUAL_VERIFICATION_REQUIRED,NOT_ATTRIBUTED_BY_CURRENT_CODE,UNVERIFIED,
madrid/campamento,https://www.booking.com/searchresults.html?ss=Campamento%2C%20Madrid%2C%20Spain,"Campamento, Madrid, Spain","Campamento, Madrid, Spain",PASS,PASS,MANUAL_VERIFICATION_REQUIRED,NOT_ATTRIBUTED_BY_CURRENT_CODE,UNVERIFIED,
madrid/cuatro-vientos,https://www.booking.com/searchresults.html?ss=Cuatro%20Vientos%2C%20Madrid%2C%20Spain,"Cuatro Vientos, Madrid, Spain","Cuatro Vientos, Madrid, Spain",PASS,PASS,MANUAL_VERIFICATION_REQUIRED,NOT_ATTRIBUTED_BY_CURRENT_CODE,UNVERIFIED,
madrid/aguilas,https://www.booking.com/searchresults.html?ss=%C3%81guilas%2C%20Madrid%2C%20Spain,"Águilas, Madrid, Spain","Águilas, Madrid, Spain",PASS,PASS,MANUAL_VERIFICATION_REQUIRED,NOT_ATTRIBUTED_BY_CURRENT_CODE,UNVERIFIED,
madrid/comillas,https://www.booking.com/searchresults.html?ss=Comillas%2C%20Madrid%2C%20Spain,"Comillas, Madrid, Spain","Comillas, Madrid, Spain",PASS,PASS,MANUAL_VERIFICATION_REQUIRED,NOT_ATTRIBUTED_BY_CURRENT_CODE,UNVERIFIED,
madrid/opanel,https://www.booking.com/searchresults.html?ss=Opa%C3%B1el%2C%20Madrid%2C%20Spain,"Opañel, Madrid, Spain","Opañel, Madrid, Spain",PASS,PASS,MANUAL_VERIFICATION_REQUIRED,NOT_ATTRIBUTED_BY_CURRENT_CODE,UNVERIFIED,
madrid/san-isidro,https://www.booking.com/searchresults.html?ss=San%20Isidro%2C%20Madrid%2C%20Spain,"San Isidro, Madrid, Spain","San Isidro, Madrid, Spain",PASS,PASS,MANUAL_VERIFICATION_REQUIRED,NOT_ATTRIBUTED_BY_CURRENT_CODE,UNVERIFIED,
madrid/vista-alegre,https://www.booking.com/searchresults.html?ss=Vista%20Alegre%2C%20Madrid%2C%20Spain,"Vista Alegre, Madrid, Spain","Vista Alegre, Madrid, Spain",PASS,PASS,MANUAL_VERIFICATION_REQUIRED,NOT_ATTRIBUTED_BY_CURRENT_CODE,UNVERIFIED,
madrid/puerta-bonita,https://www.booking.com/searchresults.html?ss=Puerta%20Bonita%2C%20Madrid%2C%20Spain,"Puerta Bonita, Madrid, Spain","Puerta Bonita, Madrid, Spain",PASS,PASS,MANUAL_VERIFICATION_REQUIRED,NOT_ATTRIBUTED_BY_CURRENT_CODE,UNVERIFIED,
madrid/buenavista,https://www.booking.com/searchresults.html?ss=Buenavista%2C%20Madrid%2C%20Spain,"Buenavista, Madrid, Spain","Buenavista, Madrid, Spain",PASS,PASS,MANUAL_VERIFICATION_REQUIRED,NOT_ATTRIBUTED_BY_CURRENT_CODE,UNVERIFIED,
madrid/abrantes,https://www.booking.com/searchresults.html?ss=Abrantes%2C%20Madrid%2C%20Spain,"Abrantes, Madrid, Spain","Abrantes, Madrid, Spain",PASS,PASS,MANUAL_VERIFICATION_REQUIRED,NOT_ATTRIBUTED_BY_CURRENT_CODE,UNVERIFIED,
madrid/orcasitas,https://www.booking.com/searchresults.html?ss=Orcasitas%2C%20Madrid%2C%20Spain,"Orcasitas, Madrid, Spain","Orcasitas, Madrid, Spain",PASS,PASS,MANUAL_VERIFICATION_REQUIRED,NOT_ATTRIBUTED_BY_CURRENT_CODE,UNVERIFIED,
madrid/orcasur,https://www.booking.com/searchresults.html?ss=Orcasur%2C%20Madrid%2C%20Spain,"Orcasur, Madrid, Spain","Orcasur, Madrid, Spain",PASS,PASS,MANUAL_VERIFICATION_REQUIRED,NOT_ATTRIBUTED_BY_CURRENT_CODE,UNVERIFIED,
madrid/san-fermin,https://www.booking.com/searchresults.html?ss=San%20Ferm%C3%ADn%2C%20Madrid%2C%20Spain,"San Fermín, Madrid, Spain","San Fermín, Madrid, Spain",PASS,PASS,MANUAL_VERIFICATION_REQUIRED,NOT_ATTRIBUTED_BY_CURRENT_CODE,UNVERIFIED,
madrid/almendrales,https://www.booking.com/searchresults.html?ss=Almendrales%2C%20Madrid%2C%20Spain,"Almendrales, Madrid, Spain","Almendrales, Madrid, Spain",PASS,PASS,MANUAL_VERIFICATION_REQUIRED,NOT_ATTRIBUTED_BY_CURRENT_CODE,UNVERIFIED,
madrid/moscardo,https://www.booking.com/searchresults.html?ss=Moscard%C3%B3%2C%20Madrid%2C%20Spain,"Moscardó, Madrid, Spain","Moscardó, Madrid, Spain",PASS,PASS,MANUAL_VERIFICATION_REQUIRED,NOT_ATTRIBUTED_BY_CURRENT_CODE,UNVERIFIED,
madrid/zofio,https://www.booking.com/searchresults.html?ss=Zof%C3%ADo%2C%20Madrid%2C%20Spain,"Zofío, Madrid, Spain","Zofío, Madrid, Spain",PASS,PASS,MANUAL_VERIFICATION_REQUIRED,NOT_ATTRIBUTED_BY_CURRENT_CODE,UNVERIFIED,
madrid/pradolongo,https://www.booking.com/searchresults.html?ss=Pradolongo%2C%20Madrid%2C%20Spain,"Pradolongo, Madrid, Spain","Pradolongo, Madrid, Spain",PASS,PASS,MANUAL_VERIFICATION_REQUIRED,NOT_ATTRIBUTED_BY_CURRENT_CODE,UNVERIFIED,
madrid/entrevias,https://www.booking.com/searchresults.html?ss=Entrev%C3%ADas%2C%20Madrid%2C%20Spain,"Entrevías, Madrid, Spain","Entrevías, Madrid, Spain",PASS,PASS,MANUAL_VERIFICATION_REQUIRED,NOT_ATTRIBUTED_BY_CURRENT_CODE,UNVERIFIED,
madrid/san-diego,https://www.booking.com/searchresults.html?ss=San%20Diego%2C%20Madrid%2C%20Spain,"San Diego, Madrid, Spain","San Diego, Madrid, Spain",PASS,PASS,MANUAL_VERIFICATION_REQUIRED,NOT_ATTRIBUTED_BY_CURRENT_CODE,UNVERIFIED,
madrid/palomeras-bajas,https://www.booking.com/searchresults.html?ss=Palomeras%20Bajas%2C%20Madrid%2C%20Spain,"Palomeras Bajas, Madrid, Spain","Palomeras Bajas, Madrid, Spain",PASS,PASS,MANUAL_VERIFICATION_REQUIRED,NOT_ATTRIBUTED_BY_CURRENT_CODE,UNVERIFIED,
madrid/palomeras-sureste,https://www.booking.com/searchresults.html?ss=Palomeras%20Sureste%2C%20Madrid%2C%20Spain,"Palomeras Sureste, Madrid, Spain","Palomeras Sureste, Madrid, Spain",PASS,PASS,MANUAL_VERIFICATION_REQUIRED,NOT_ATTRIBUTED_BY_CURRENT_CODE,UNVERIFIED,
madrid/portazgo,https://www.booking.com/searchresults.html?ss=Portazgo%2C%20Madrid%2C%20Spain,"Portazgo, Madrid, Spain","Portazgo, Madrid, Spain",PASS,PASS,MANUAL_VERIFICATION_REQUIRED,NOT_ATTRIBUTED_BY_CURRENT_CODE,UNVERIFIED,
madrid/numancia,https://www.booking.com/searchresults.html?ss=Numancia%2C%20Madrid%2C%20Spain,"Numancia, Madrid, Spain","Numancia, Madrid, Spain",PASS,PASS,MANUAL_VERIFICATION_REQUIRED,NOT_ATTRIBUTED_BY_CURRENT_CODE,UNVERIFIED,
madrid/pavones,https://www.booking.com/searchresults.html?ss=Pavones%2C%20Madrid%2C%20Spain,"Pavones, Madrid, Spain","Pavones, Madrid, Spain",PASS,PASS,MANUAL_VERIFICATION_REQUIRED,NOT_ATTRIBUTED_BY_CURRENT_CODE,UNVERIFIED,
madrid/horcajo,https://www.booking.com/searchresults.html?ss=Horcajo%2C%20Madrid%2C%20Spain,"Horcajo, Madrid, Spain","Horcajo, Madrid, Spain",PASS,PASS,MANUAL_VERIFICATION_REQUIRED,NOT_ATTRIBUTED_BY_CURRENT_CODE,UNVERIFIED,
madrid/marroquina,https://www.booking.com/searchresults.html?ss=Marroquina%2C%20Madrid%2C%20Spain,"Marroquina, Madrid, Spain","Marroquina, Madrid, Spain",PASS,PASS,MANUAL_VERIFICATION_REQUIRED,NOT_ATTRIBUTED_BY_CURRENT_CODE,UNVERIFIED,
madrid/media-legua,https://www.booking.com/searchresults.html?ss=Media%20Legua%2C%20Madrid%2C%20Spain,"Media Legua, Madrid, Spain","Media Legua, Madrid, Spain",PASS,PASS,MANUAL_VERIFICATION_REQUIRED,NOT_ATTRIBUTED_BY_CURRENT_CODE,UNVERIFIED,
madrid/fontarron,https://www.booking.com/searchresults.html?ss=Fontarr%C3%B3n%2C%20Madrid%2C%20Spain,"Fontarrón, Madrid, Spain","Fontarrón, Madrid, Spain",PASS,PASS,MANUAL_VERIFICATION_REQUIRED,NOT_ATTRIBUTED_BY_CURRENT_CODE,UNVERIFIED,
madrid/vinateros,https://www.booking.com/searchresults.html?ss=Vinateros%2C%20Madrid%2C%20Spain,"Vinateros, Madrid, Spain","Vinateros, Madrid, Spain",PASS,PASS,MANUAL_VERIFICATION_REQUIRED,NOT_ATTRIBUTED_BY_CURRENT_CODE,UNVERIFIED,
madrid/ventas,https://www.booking.com/searchresults.html?ss=Ventas%2C%20Madrid%2C%20Spain,"Ventas, Madrid, Spain","Ventas, Madrid, Spain",PASS,PASS,MANUAL_VERIFICATION_REQUIRED,NOT_ATTRIBUTED_BY_CURRENT_CODE,UNVERIFIED,
madrid/pueblo-nuevo,https://www.booking.com/searchresults.html?ss=Pueblo%20Nuevo%2C%20Madrid%2C%20Spain,"Pueblo Nuevo, Madrid, Spain","Pueblo Nuevo, Madrid, Spain",PASS,PASS,MANUAL_VERIFICATION_REQUIRED,NOT_ATTRIBUTED_BY_CURRENT_CODE,UNVERIFIED,
madrid/quintana,https://www.booking.com/searchresults.html?ss=Quintana%2C%20Madrid%2C%20Spain,"Quintana, Madrid, Spain","Quintana, Madrid, Spain",PASS,PASS,MANUAL_VERIFICATION_REQUIRED,NOT_ATTRIBUTED_BY_CURRENT_CODE,UNVERIFIED,
madrid/la-concepcion,https://www.booking.com/searchresults.html?ss=La%20Concepci%C3%B3n%2C%20Madrid%2C%20Spain,"La Concepción, Madrid, Spain","La Concepción, Madrid, Spain",PASS,PASS,MANUAL_VERIFICATION_REQUIRED,NOT_ATTRIBUTED_BY_CURRENT_CODE,UNVERIFIED,
madrid/san-pascual,https://www.booking.com/searchresults.html?ss=San%20Pascual%2C%20Madrid%2C%20Spain,"San Pascual, Madrid, Spain","San Pascual, Madrid, Spain",PASS,PASS,MANUAL_VERIFICATION_REQUIRED,NOT_ATTRIBUTED_BY_CURRENT_CODE,UNVERIFIED,
madrid/san-juan-bautista,https://www.booking.com/searchresults.html?ss=Ciudad%20Lineal%2C%20Madrid%2C%20Spain,"Ciudad Lineal, Madrid, Spain","Ciudad Lineal, Madrid, Spain",PASS,PASS,MANUAL_VERIFICATION_REQUIRED,NOT_ATTRIBUTED_BY_CURRENT_CODE,UNVERIFIED,
madrid/colina,https://www.booking.com/searchresults.html?ss=Colina%2C%20Madrid%2C%20Spain,"Colina, Madrid, Spain","Colina, Madrid, Spain",PASS,PASS,MANUAL_VERIFICATION_REQUIRED,NOT_ATTRIBUTED_BY_CURRENT_CODE,UNVERIFIED,
madrid/atalaya,https://www.booking.com/searchresults.html?ss=Atalaya%2C%20Madrid%2C%20Spain,"Atalaya, Madrid, Spain","Atalaya, Madrid, Spain",PASS,PASS,MANUAL_VERIFICATION_REQUIRED,NOT_ATTRIBUTED_BY_CURRENT_CODE,UNVERIFIED,
madrid/costillares,https://www.booking.com/searchresults.html?ss=Costillares%2C%20Madrid%2C%20Spain,"Costillares, Madrid, Spain","Costillares, Madrid, Spain",PASS,PASS,MANUAL_VERIFICATION_REQUIRED,NOT_ATTRIBUTED_BY_CURRENT_CODE,UNVERIFIED,
madrid/palomas,https://www.booking.com/searchresults.html?ss=Palomas%2C%20Madrid%2C%20Spain,"Palomas, Madrid, Spain","Palomas, Madrid, Spain",PASS,PASS,MANUAL_VERIFICATION_REQUIRED,NOT_ATTRIBUTED_BY_CURRENT_CODE,UNVERIFIED,
madrid/piovera,https://www.booking.com/searchresults.html?ss=Piovera%2C%20Madrid%2C%20Spain,"Piovera, Madrid, Spain","Piovera, Madrid, Spain",PASS,PASS,MANUAL_VERIFICATION_REQUIRED,NOT_ATTRIBUTED_BY_CURRENT_CODE,UNVERIFIED,
madrid/canillas,https://www.booking.com/searchresults.html?ss=Canillas%2C%20Madrid%2C%20Spain,"Canillas, Madrid, Spain","Canillas, Madrid, Spain",PASS,PASS,MANUAL_VERIFICATION_REQUIRED,NOT_ATTRIBUTED_BY_CURRENT_CODE,UNVERIFIED,
madrid/pinar-del-rey,https://www.booking.com/searchresults.html?ss=Pinar%20del%20Rey%2C%20Madrid%2C%20Spain,"Pinar del Rey, Madrid, Spain","Pinar del Rey, Madrid, Spain",PASS,PASS,MANUAL_VERIFICATION_REQUIRED,NOT_ATTRIBUTED_BY_CURRENT_CODE,UNVERIFIED,
madrid/apostol-santiago,https://www.booking.com/searchresults.html?ss=Ap%C3%B3stol%20Santiago%2C%20Madrid%2C%20Spain,"Apóstol Santiago, Madrid, Spain","Apóstol Santiago, Madrid, Spain",PASS,PASS,MANUAL_VERIFICATION_REQUIRED,NOT_ATTRIBUTED_BY_CURRENT_CODE,UNVERIFIED,
madrid/valdefuentes,https://www.booking.com/searchresults.html?ss=Valdefuentes%2C%20Madrid%2C%20Spain,"Valdefuentes, Madrid, Spain","Valdefuentes, Madrid, Spain",PASS,PASS,MANUAL_VERIFICATION_REQUIRED,NOT_ATTRIBUTED_BY_CURRENT_CODE,UNVERIFIED,
madrid/villaverde-alto-casco-historico-de-villaverde,https://www.booking.com/searchresults.html?ss=Villaverde%20Alto%2C%20Madrid%2C%20Spain,"Villaverde Alto, Madrid, Spain","Villaverde Alto, Madrid, Spain",PASS,PASS,MANUAL_VERIFICATION_REQUIRED,NOT_ATTRIBUTED_BY_CURRENT_CODE,UNVERIFIED,
madrid/san-cristobal,https://www.booking.com/searchresults.html?ss=San%20Crist%C3%B3bal%2C%20Madrid%2C%20Spain,"San Cristóbal, Madrid, Spain","San Cristóbal, Madrid, Spain",PASS,PASS,MANUAL_VERIFICATION_REQUIRED,NOT_ATTRIBUTED_BY_CURRENT_CODE,UNVERIFIED,
madrid/butarque,https://www.booking.com/searchresults.html?ss=Butarque%2C%20Madrid%2C%20Spain,"Butarque, Madrid, Spain","Butarque, Madrid, Spain",PASS,PASS,MANUAL_VERIFICATION_REQUIRED,NOT_ATTRIBUTED_BY_CURRENT_CODE,UNVERIFIED,
madrid/los-rosales,https://www.booking.com/searchresults.html?ss=Los%20Rosales%2C%20Madrid%2C%20Spain,"Los Rosales, Madrid, Spain","Los Rosales, Madrid, Spain",PASS,PASS,MANUAL_VERIFICATION_REQUIRED,NOT_ATTRIBUTED_BY_CURRENT_CODE,UNVERIFIED,
madrid/angeles,https://www.booking.com/searchresults.html?ss=%C3%81ngeles%2C%20Madrid%2C%20Spain,"Ángeles, Madrid, Spain","Ángeles, Madrid, Spain",PASS,PASS,MANUAL_VERIFICATION_REQUIRED,NOT_ATTRIBUTED_BY_CURRENT_CODE,UNVERIFIED,
madrid/casco-historico-de-vallecas,https://www.booking.com/searchresults.html?ss=Puente%20de%20Vallecas%2C%20Madrid%2C%20Spain,"Puente de Vallecas, Madrid, Spain","Puente de Vallecas, Madrid, Spain",PASS,PASS,MANUAL_VERIFICATION_REQUIRED,NOT_ATTRIBUTED_BY_CURRENT_CODE,UNVERIFIED,
madrid/santa-eugenia,https://www.booking.com/searchresults.html?ss=Santa%20Eugenia%2C%20Madrid%2C%20Spain,"Santa Eugenia, Madrid, Spain","Santa Eugenia, Madrid, Spain",PASS,PASS,MANUAL_VERIFICATION_REQUIRED,NOT_ATTRIBUTED_BY_CURRENT_CODE,UNVERIFIED,
madrid/ensanche-de-vallecas,https://www.booking.com/searchresults.html?ss=Ensanche%20de%20Vallecas%2C%20Madrid%2C%20Spain,"Ensanche de Vallecas, Madrid, Spain","Ensanche de Vallecas, Madrid, Spain",PASS,PASS,MANUAL_VERIFICATION_REQUIRED,NOT_ATTRIBUTED_BY_CURRENT_CODE,UNVERIFIED,
madrid/casco-historico-de-vicalvaro,https://www.booking.com/searchresults.html?ss=Vic%C3%A1lvaro%2C%20Madrid%2C%20Spain,"Vicálvaro, Madrid, Spain","Vicálvaro, Madrid, Spain",PASS,PASS,MANUAL_VERIFICATION_REQUIRED,NOT_ATTRIBUTED_BY_CURRENT_CODE,UNVERIFIED,
madrid/valdebernardo,https://www.booking.com/searchresults.html?ss=Valdebernardo%2C%20Madrid%2C%20Spain,"Valdebernardo, Madrid, Spain","Valdebernardo, Madrid, Spain",PASS,PASS,MANUAL_VERIFICATION_REQUIRED,NOT_ATTRIBUTED_BY_CURRENT_CODE,UNVERIFIED,
madrid/valderrivas,https://www.booking.com/searchresults.html?ss=Valderrivas%2C%20Madrid%2C%20Spain,"Valderrivas, Madrid, Spain","Valderrivas, Madrid, Spain",PASS,PASS,MANUAL_VERIFICATION_REQUIRED,NOT_ATTRIBUTED_BY_CURRENT_CODE,UNVERIFIED,
madrid/el-canaveral,https://www.booking.com/searchresults.html?ss=El%20Ca%C3%B1averal%2C%20Madrid%2C%20Spain,"El Cañaveral, Madrid, Spain","El Cañaveral, Madrid, Spain",PASS,PASS,MANUAL_VERIFICATION_REQUIRED,NOT_ATTRIBUTED_BY_CURRENT_CODE,UNVERIFIED,
madrid/simancas,https://www.booking.com/searchresults.html?ss=Simancas%2C%20Madrid%2C%20Spain,"Simancas, Madrid, Spain","Simancas, Madrid, Spain",PASS,PASS,MANUAL_VERIFICATION_REQUIRED,NOT_ATTRIBUTED_BY_CURRENT_CODE,UNVERIFIED,
madrid/hellin,https://www.booking.com/searchresults.html?ss=Hell%C3%ADn%2C%20Madrid%2C%20Spain,"Hellín, Madrid, Spain","Hellín, Madrid, Spain",PASS,PASS,MANUAL_VERIFICATION_REQUIRED,NOT_ATTRIBUTED_BY_CURRENT_CODE,UNVERIFIED,
madrid/amposta,https://www.booking.com/searchresults.html?ss=Amposta%2C%20Madrid%2C%20Spain,"Amposta, Madrid, Spain","Amposta, Madrid, Spain",PASS,PASS,MANUAL_VERIFICATION_REQUIRED,NOT_ATTRIBUTED_BY_CURRENT_CODE,UNVERIFIED,
madrid/arcos,https://www.booking.com/searchresults.html?ss=Arcos%2C%20Madrid%2C%20Spain,"Arcos, Madrid, Spain","Arcos, Madrid, Spain",PASS,PASS,MANUAL_VERIFICATION_REQUIRED,NOT_ATTRIBUTED_BY_CURRENT_CODE,UNVERIFIED,
madrid/rosas,https://www.booking.com/searchresults.html?ss=Rosas%2C%20Madrid%2C%20Spain,"Rosas, Madrid, Spain","Rosas, Madrid, Spain",PASS,PASS,MANUAL_VERIFICATION_REQUIRED,NOT_ATTRIBUTED_BY_CURRENT_CODE,UNVERIFIED,
madrid/rejas,https://www.booking.com/searchresults.html?ss=Rejas%2C%20Madrid%2C%20Spain,"Rejas, Madrid, Spain","Rejas, Madrid, Spain",PASS,PASS,MANUAL_VERIFICATION_REQUIRED,NOT_ATTRIBUTED_BY_CURRENT_CODE,UNVERIFIED,
madrid/canillejas,https://www.booking.com/searchresults.html?ss=Canillejas%2C%20Madrid%2C%20Spain,"Canillejas, Madrid, Spain","Canillejas, Madrid, Spain",PASS,PASS,MANUAL_VERIFICATION_REQUIRED,NOT_ATTRIBUTED_BY_CURRENT_CODE,UNVERIFIED,
madrid/el-salvador,https://www.booking.com/searchresults.html?ss=El%20Salvador%2C%20Madrid%2C%20Spain,"El Salvador, Madrid, Spain","El Salvador, Madrid, Spain",PASS,PASS,MANUAL_VERIFICATION_REQUIRED,NOT_ATTRIBUTED_BY_CURRENT_CODE,UNVERIFIED,
madrid/alameda-de-osuna,https://www.booking.com/searchresults.html?ss=Alameda%20de%20Osuna%2C%20Madrid%2C%20Spain,"Alameda de Osuna, Madrid, Spain","Alameda de Osuna, Madrid, Spain",PASS,PASS,MANUAL_VERIFICATION_REQUIRED,NOT_ATTRIBUTED_BY_CURRENT_CODE,UNVERIFIED,
madrid/aeropuerto,https://www.booking.com/searchresults.html?ss=Aeropuerto%2C%20Madrid%2C%20Spain,"Aeropuerto, Madrid, Spain","Aeropuerto, Madrid, Spain",PASS,PASS,MANUAL_VERIFICATION_REQUIRED,NOT_ATTRIBUTED_BY_CURRENT_CODE,UNVERIFIED,
madrid/casco-historico-de-barajas,https://www.booking.com/searchresults.html?ss=Barajas%2C%20Madrid%2C%20Spain,"Barajas, Madrid, Spain","Barajas, Madrid, Spain",PASS,PASS,MANUAL_VERIFICATION_REQUIRED,NOT_ATTRIBUTED_BY_CURRENT_CODE,UNVERIFIED,
madrid/timon,https://www.booking.com/searchresults.html?ss=Tim%C3%B3n%2C%20Madrid%2C%20Spain,"Timón, Madrid, Spain","Timón, Madrid, Spain",PASS,PASS,MANUAL_VERIFICATION_REQUIRED,NOT_ATTRIBUTED_BY_CURRENT_CODE,UNVERIFIED,
madrid/corralejos,https://www.booking.com/searchresults.html?ss=Corralejos%2C%20Madrid%2C%20Spain,"Corralejos, Madrid, Spain","Corralejos, Madrid, Spain",PASS,PASS,MANUAL_VERIFICATION_REQUIRED,NOT_ATTRIBUTED_BY_CURRENT_CODE,UNVERIFIED,
milano/duomo,https://www.booking.com/searchresults.html?ss=Duomo%2C%20Milan%2C%20Italy,"Duomo, Milan, Italy","Duomo, Milan, Italy",PASS,PASS,MANUAL_VERIFICATION_REQUIRED,NOT_ATTRIBUTED_BY_CURRENT_CODE,UNVERIFIED,
milano/brera,https://www.booking.com/searchresults.html?ss=Brera%2C%20Milan%2C%20Italy,"Brera, Milan, Italy","Brera, Milan, Italy",PASS,PASS,MANUAL_VERIFICATION_REQUIRED,NOT_ATTRIBUTED_BY_CURRENT_CODE,UNVERIFIED,
milano/giardini-porta-venezia,https://www.booking.com/searchresults.html?ss=Giardini%20Pubblici%20Indro%20Montanelli%2C%20Milan%2C%20Italy,"Giardini Pubblici Indro Montanelli, Milan, Italy","Giardini Pubblici Indro Montanelli, Milan, Italy",PASS,PASS,MANUAL_VERIFICATION_REQUIRED,NOT_ATTRIBUTED_BY_CURRENT_CODE,UNVERIFIED,
milano/navigli-porta-ticinese,https://www.booking.com/searchresults.html?ss=Navigli%2C%20Milan%2C%20Italy,"Navigli, Milan, Italy","Navigli, Milan, Italy",PASS,PASS,MANUAL_VERIFICATION_REQUIRED,NOT_ATTRIBUTED_BY_CURRENT_CODE,UNVERIFIED,
milano/magenta-sant-ambrogio,https://www.booking.com/searchresults.html?ss=Milan%2C%20Italy,"Milan, Italy","Milan, Italy",PASS,PASS,MANUAL_VERIFICATION_REQUIRED,NOT_ATTRIBUTED_BY_CURRENT_CODE,UNVERIFIED,
milano/parco-sempione,https://www.booking.com/searchresults.html?ss=Parco%20Sempione%2C%20Milan%2C%20Italy,"Parco Sempione, Milan, Italy","Parco Sempione, Milan, Italy",PASS,PASS,MANUAL_VERIFICATION_REQUIRED,NOT_ATTRIBUTED_BY_CURRENT_CODE,UNVERIFIED,
milano/porta-garibaldi-porta-nuova,https://www.booking.com/searchresults.html?ss=Porta%20Nuova%2C%20Milan%2C%20Italy,"Porta Nuova, Milan, Italy","Porta Nuova, Milan, Italy",PASS,PASS,MANUAL_VERIFICATION_REQUIRED,NOT_ATTRIBUTED_BY_CURRENT_CODE,UNVERIFIED,
milano/stazione-centrale,https://www.booking.com/searchresults.html?ss=Stazione%20Centrale%2C%20Milan%2C%20Italy,"Stazione Centrale, Milan, Italy","Stazione Centrale, Milan, Italy",PASS,PASS,MANUAL_VERIFICATION_REQUIRED,NOT_ATTRIBUTED_BY_CURRENT_CODE,UNVERIFIED,
milano/isola,https://www.booking.com/searchresults.html?ss=Isola%2C%20Milan%2C%20Italy,"Isola, Milan, Italy","Isola, Milan, Italy",PASS,PASS,MANUAL_VERIFICATION_REQUIRED,NOT_ATTRIBUTED_BY_CURRENT_CODE,UNVERIFIED,
milano/via-padova,https://www.booking.com/searchresults.html?ss=Via%20Padova%2C%20Milan%2C%20Italy,"Via Padova, Milan, Italy","Via Padova, Milan, Italy",PASS,PASS,MANUAL_VERIFICATION_REQUIRED,NOT_ATTRIBUTED_BY_CURRENT_CODE,UNVERIFIED,
milano/corso-buenos-aires-porta-venezia,https://www.booking.com/searchresults.html?ss=Corso%20Buenos%20Aires%2C%20Milan%2C%20Italy,"Corso Buenos Aires, Milan, Italy","Corso Buenos Aires, Milan, Italy",PASS,PASS,MANUAL_VERIFICATION_REQUIRED,NOT_ATTRIBUTED_BY_CURRENT_CODE,UNVERIFIED,
milano/citta-studi,https://www.booking.com/searchresults.html?ss=Citt%C3%A0%20Studi%2C%20Milan%2C%20Italy,"Città Studi, Milan, Italy","Città Studi, Milan, Italy",PASS,PASS,MANUAL_VERIFICATION_REQUIRED,NOT_ATTRIBUTED_BY_CURRENT_CODE,UNVERIFIED,
milano/lambrate-ortica,https://www.booking.com/searchresults.html?ss=Lambrate%2C%20Milan%2C%20Italy,"Lambrate, Milan, Italy","Lambrate, Milan, Italy",PASS,PASS,MANUAL_VERIFICATION_REQUIRED,NOT_ATTRIBUTED_BY_CURRENT_CODE,UNVERIFIED,
milano/porta-romana,https://www.booking.com/searchresults.html?ss=Porta%20Romana%2C%20Milan%2C%20Italy,"Porta Romana, Milan, Italy","Porta Romana, Milan, Italy",PASS,PASS,MANUAL_VERIFICATION_REQUIRED,NOT_ATTRIBUTED_BY_CURRENT_CODE,UNVERIFIED,
milano/rogoredo-santa-giulia,https://www.booking.com/searchresults.html?ss=Rogoredo%2C%20Milan%2C%20Italy,"Rogoredo, Milan, Italy","Rogoredo, Milan, Italy",PASS,PASS,MANUAL_VERIFICATION_REQUIRED,NOT_ATTRIBUTED_BY_CURRENT_CODE,UNVERIFIED,
milano/corvetto,https://www.booking.com/searchresults.html?ss=Corvetto%2C%20Milan%2C%20Italy,"Corvetto, Milan, Italy","Corvetto, Milan, Italy",PASS,PASS,MANUAL_VERIFICATION_REQUIRED,NOT_ATTRIBUTED_BY_CURRENT_CODE,UNVERIFIED,
milano/navigli-sud-conchetta,https://www.booking.com/searchresults.html?ss=Naviglio%20Pavese%2C%20Milan%2C%20Italy,"Naviglio Pavese, Milan, Italy","Naviglio Pavese, Milan, Italy",PASS,PASS,MANUAL_VERIFICATION_REQUIRED,NOT_ATTRIBUTED_BY_CURRENT_CODE,UNVERIFIED,
milano/giambellino,https://www.booking.com/searchresults.html?ss=Giambellino%2C%20Milan%2C%20Italy,"Giambellino, Milan, Italy","Giambellino, Milan, Italy",PASS,PASS,MANUAL_VERIFICATION_REQUIRED,NOT_ATTRIBUTED_BY_CURRENT_CODE,UNVERIFIED,
milano/san-siro,https://www.booking.com/searchresults.html?ss=San%20Siro%2C%20Milan%2C%20Italy,"San Siro, Milan, Italy","San Siro, Milan, Italy",PASS,PASS,MANUAL_VERIFICATION_REQUIRED,NOT_ATTRIBUTED_BY_CURRENT_CODE,UNVERIFIED,
milano/sarpi-chinatown,https://www.booking.com/searchresults.html?ss=Via%20Paolo%20Sarpi%2C%20Milan%2C%20Italy,"Via Paolo Sarpi, Milan, Italy","Via Paolo Sarpi, Milan, Italy",PASS,PASS,MANUAL_VERIFICATION_REQUIRED,NOT_ATTRIBUTED_BY_CURRENT_CODE,UNVERIFIED,
milano/guastalla,https://www.booking.com/searchresults.html?ss=Guastalla%2C%20Milan%2C%20Italy,"Guastalla, Milan, Italy","Guastalla, Milan, Italy",PASS,PASS,MANUAL_VERIFICATION_REQUIRED,NOT_ATTRIBUTED_BY_CURRENT_CODE,UNVERIFIED,
milano/porta-vigentina-porta-lodovica,https://www.booking.com/searchresults.html?ss=Porta%20Vigentina%20-%20Porta%20Lodovica%2C%20Milan%2C%20Italy,"Porta Vigentina - Porta Lodovica, Milan, Italy","Porta Vigentina - Porta Lodovica, Milan, Italy",PASS,PASS,MANUAL_VERIFICATION_REQUIRED,NOT_ATTRIBUTED_BY_CURRENT_CODE,UNVERIFIED,
milano/maciachini-maggiolina,https://www.booking.com/searchresults.html?ss=Maciachini%20-%20Maggiolina%2C%20Milan%2C%20Italy,"Maciachini - Maggiolina, Milan, Italy","Maciachini - Maggiolina, Milan, Italy",PASS,PASS,MANUAL_VERIFICATION_REQUIRED,NOT_ATTRIBUTED_BY_CURRENT_CODE,UNVERIFIED,
milano/greco-segnano,https://www.booking.com/searchresults.html?ss=Greco%20-%20Segnano%2C%20Milan%2C%20Italy,"Greco - Segnano, Milan, Italy","Greco - Segnano, Milan, Italy",PASS,PASS,MANUAL_VERIFICATION_REQUIRED,NOT_ATTRIBUTED_BY_CURRENT_CODE,UNVERIFIED,
milano/niguarda-ca-granda-prato-centenaro-q-re-fulvio-testi,https://www.booking.com/searchresults.html?ss=Niguarda%20-%20Ca%27%20Granda%20-%20Prato%20Centenaro%20-%20Q.re%20Fulvio%20Testi%2C%20Milan%2C%20Italy,"Niguarda - Ca' Granda - Prato Centenaro - Q.re Fulvio Testi, Milan, Italy","Niguarda - Ca' Granda - Prato Centenaro - Q.re Fulvio Testi, Milan, Italy",PASS,PASS,MANUAL_VERIFICATION_REQUIRED,NOT_ATTRIBUTED_BY_CURRENT_CODE,UNVERIFIED,
milano/bicocca,https://www.booking.com/searchresults.html?ss=Bicocca%2C%20Milan%2C%20Italy,"Bicocca, Milan, Italy","Bicocca, Milan, Italy",PASS,PASS,MANUAL_VERIFICATION_REQUIRED,NOT_ATTRIBUTED_BY_CURRENT_CODE,UNVERIFIED,
milano/gorla-precotto,https://www.booking.com/searchresults.html?ss=Gorla%20-%20Precotto%2C%20Milan%2C%20Italy,"Gorla - Precotto, Milan, Italy","Gorla - Precotto, Milan, Italy",PASS,PASS,MANUAL_VERIFICATION_REQUIRED,NOT_ATTRIBUTED_BY_CURRENT_CODE,UNVERIFIED,
milano/adriano,https://www.booking.com/searchresults.html?ss=Adriano%2C%20Milan%2C%20Italy,"Adriano, Milan, Italy","Adriano, Milan, Italy",PASS,PASS,MANUAL_VERIFICATION_REQUIRED,NOT_ATTRIBUTED_BY_CURRENT_CODE,UNVERIFIED,
milano/cimiano-rottole-q-re-feltre,https://www.booking.com/searchresults.html?ss=Cimiano%20-%20Rottole%20-%20Q.re%20Feltre%2C%20Milan%2C%20Italy,"Cimiano - Rottole - Q.re Feltre, Milan, Italy","Cimiano - Rottole - Q.re Feltre, Milan, Italy",PASS,PASS,MANUAL_VERIFICATION_REQUIRED,NOT_ATTRIBUTED_BY_CURRENT_CODE,UNVERIFIED,
milano/loreto-casoretto-nolo,https://www.booking.com/searchresults.html?ss=Loreto%20-%20Casoretto%20-%20Nolo%2C%20Milan%2C%20Italy,"Loreto - Casoretto - Nolo, Milan, Italy","Loreto - Casoretto - Nolo, Milan, Italy",PASS,PASS,MANUAL_VERIFICATION_REQUIRED,NOT_ATTRIBUTED_BY_CURRENT_CODE,UNVERIFIED,
milano/parco-forlanini-cavriano,https://www.booking.com/searchresults.html?ss=Parco%20Forlanini%20-%20Cavriano%2C%20Milan%2C%20Italy,"Parco Forlanini - Cavriano, Milan, Italy","Parco Forlanini - Cavriano, Milan, Italy",PASS,PASS,MANUAL_VERIFICATION_REQUIRED,NOT_ATTRIBUTED_BY_CURRENT_CODE,UNVERIFIED,
milano/corsica,https://www.booking.com/searchresults.html?ss=Corsica%2C%20Milan%2C%20Italy,"Corsica, Milan, Italy","Corsica, Milan, Italy",PASS,PASS,MANUAL_VERIFICATION_REQUIRED,NOT_ATTRIBUTED_BY_CURRENT_CODE,UNVERIFIED,
milano/xxii-marzo,https://www.booking.com/searchresults.html?ss=XXII%20Marzo%2C%20Milan%2C%20Italy,"XXII Marzo, Milan, Italy","XXII Marzo, Milan, Italy",PASS,PASS,MANUAL_VERIFICATION_REQUIRED,NOT_ATTRIBUTED_BY_CURRENT_CODE,UNVERIFIED,
milano/umbria-molise-calvairate,https://www.booking.com/searchresults.html?ss=Umbria%20-%20Molise%20-%20Calvairate%2C%20Milan%2C%20Italy,"Umbria - Molise - Calvairate, Milan, Italy","Umbria - Molise - Calvairate, Milan, Italy",PASS,PASS,MANUAL_VERIFICATION_REQUIRED,NOT_ATTRIBUTED_BY_CURRENT_CODE,UNVERIFIED,
milano/ortomercato,https://www.booking.com/searchresults.html?ss=Ortomercato%2C%20Milan%2C%20Italy,"Ortomercato, Milan, Italy","Ortomercato, Milan, Italy",PASS,PASS,MANUAL_VERIFICATION_REQUIRED,NOT_ATTRIBUTED_BY_CURRENT_CODE,UNVERIFIED,
milano/taliedo-morsenchio-q-re-forlanini,https://www.booking.com/searchresults.html?ss=Taliedo%20-%20Morsenchio%20-%20Q.re%20Forlanini%2C%20Milan%2C%20Italy,"Taliedo - Morsenchio - Q.re Forlanini, Milan, Italy","Taliedo - Morsenchio - Q.re Forlanini, Milan, Italy",PASS,PASS,MANUAL_VERIFICATION_REQUIRED,NOT_ATTRIBUTED_BY_CURRENT_CODE,UNVERIFIED,
milano/triulzo-superiore,https://www.booking.com/searchresults.html?ss=Triulzo%20Superiore%2C%20Milan%2C%20Italy,"Triulzo Superiore, Milan, Italy","Triulzo Superiore, Milan, Italy",PASS,PASS,MANUAL_VERIFICATION_REQUIRED,NOT_ATTRIBUTED_BY_CURRENT_CODE,UNVERIFIED,
milano/chiaravalle,https://www.booking.com/searchresults.html?ss=Chiaravalle%2C%20Milan%2C%20Italy,"Chiaravalle, Milan, Italy","Chiaravalle, Milan, Italy",PASS,PASS,MANUAL_VERIFICATION_REQUIRED,NOT_ATTRIBUTED_BY_CURRENT_CODE,UNVERIFIED,
milano/scalo-romana,https://www.booking.com/searchresults.html?ss=Scalo%20Romana%2C%20Milan%2C%20Italy,"Scalo Romana, Milan, Italy","Scalo Romana, Milan, Italy",PASS,PASS,MANUAL_VERIFICATION_REQUIRED,NOT_ATTRIBUTED_BY_CURRENT_CODE,UNVERIFIED,
milano/morivione,https://www.booking.com/searchresults.html?ss=Morivione%2C%20Milan%2C%20Italy,"Morivione, Milan, Italy","Morivione, Milan, Italy",PASS,PASS,MANUAL_VERIFICATION_REQUIRED,NOT_ATTRIBUTED_BY_CURRENT_CODE,UNVERIFIED,
milano/vigentino-q-re-fatima,https://www.booking.com/searchresults.html?ss=Vigentino%20-%20Q.re%20Fatima%2C%20Milan%2C%20Italy,"Vigentino - Q.re Fatima, Milan, Italy","Vigentino - Q.re Fatima, Milan, Italy",PASS,PASS,MANUAL_VERIFICATION_REQUIRED,NOT_ATTRIBUTED_BY_CURRENT_CODE,UNVERIFIED,
milano/quintosole,https://www.booking.com/searchresults.html?ss=Quintosole%2C%20Milan%2C%20Italy,"Quintosole, Milan, Italy","Quintosole, Milan, Italy",PASS,PASS,MANUAL_VERIFICATION_REQUIRED,NOT_ATTRIBUTED_BY_CURRENT_CODE,UNVERIFIED,
milano/ronchetto-delle-rane,https://www.booking.com/searchresults.html?ss=Ronchetto%20delle%20Rane%2C%20Milan%2C%20Italy,"Ronchetto delle Rane, Milan, Italy","Ronchetto delle Rane, Milan, Italy",PASS,PASS,MANUAL_VERIFICATION_REQUIRED,NOT_ATTRIBUTED_BY_CURRENT_CODE,UNVERIFIED,
milano/gratosoglio-q-re-missaglia-q-re-terrazze,https://www.booking.com/searchresults.html?ss=Gratosoglio%20-%20Q.re%20Missaglia%20-%20Q.re%20Terrazze%2C%20Milan%2C%20Italy,"Gratosoglio - Q.re Missaglia - Q.re Terrazze, Milan, Italy","Gratosoglio - Q.re Missaglia - Q.re Terrazze, Milan, Italy",PASS,PASS,MANUAL_VERIFICATION_REQUIRED,NOT_ATTRIBUTED_BY_CURRENT_CODE,UNVERIFIED,
milano/stadera-chiesa-rossa-q-re-torretta-conca-fallata,https://www.booking.com/searchresults.html?ss=Stadera%20-%20Chiesa%20Rossa%20-%20Q.re%20Torretta%20-%20Conca%20Fallata%2C%20Milan%2C%20Italy,"Stadera - Chiesa Rossa - Q.re Torretta - Conca Fallata, Milan, Italy","Stadera - Chiesa Rossa - Q.re Torretta - Conca Fallata, Milan, Italy",PASS,PASS,MANUAL_VERIFICATION_REQUIRED,NOT_ATTRIBUTED_BY_CURRENT_CODE,UNVERIFIED,
milano/tibaldi,https://www.booking.com/searchresults.html?ss=Tibaldi%2C%20Milan%2C%20Italy,"Tibaldi, Milan, Italy","Tibaldi, Milan, Italy",PASS,PASS,MANUAL_VERIFICATION_REQUIRED,NOT_ATTRIBUTED_BY_CURRENT_CODE,UNVERIFIED,
milano/moncucco-san-cristoforo,https://www.booking.com/searchresults.html?ss=Moncucco%20-%20San%20Cristoforo%2C%20Milan%2C%20Italy,"Moncucco - San Cristoforo, Milan, Italy","Moncucco - San Cristoforo, Milan, Italy",PASS,PASS,MANUAL_VERIFICATION_REQUIRED,NOT_ATTRIBUTED_BY_CURRENT_CODE,UNVERIFIED,
milano/barona,https://www.booking.com/searchresults.html?ss=Barona%2C%20Milan%2C%20Italy,"Barona, Milan, Italy","Barona, Milan, Italy",PASS,PASS,MANUAL_VERIFICATION_REQUIRED,NOT_ATTRIBUTED_BY_CURRENT_CODE,UNVERIFIED,
milano/cantalupa,https://www.booking.com/searchresults.html?ss=Cantalupa%2C%20Milan%2C%20Italy,"Cantalupa, Milan, Italy","Cantalupa, Milan, Italy",PASS,PASS,MANUAL_VERIFICATION_REQUIRED,NOT_ATTRIBUTED_BY_CURRENT_CODE,UNVERIFIED,
milano/ronchetto-sul-naviglio-q-re-lodovico-il-moro,https://www.booking.com/searchresults.html?ss=Ronchetto%20sul%20Naviglio%20-%20Q.re%20Lodovico%20il%20Moro%2C%20Milan%2C%20Italy,"Ronchetto sul Naviglio - Q.re Lodovico il Moro, Milan, Italy","Ronchetto sul Naviglio - Q.re Lodovico il Moro, Milan, Italy",PASS,PASS,MANUAL_VERIFICATION_REQUIRED,NOT_ATTRIBUTED_BY_CURRENT_CODE,UNVERIFIED,
milano/porta-genova,https://www.booking.com/searchresults.html?ss=Porta%20Genova%2C%20Milan%2C%20Italy,"Porta Genova, Milan, Italy","Porta Genova, Milan, Italy",PASS,PASS,MANUAL_VERIFICATION_REQUIRED,NOT_ATTRIBUTED_BY_CURRENT_CODE,UNVERIFIED,
milano/porta-magenta,https://www.booking.com/searchresults.html?ss=Porta%20Magenta%2C%20Milan%2C%20Italy,"Porta Magenta, Milan, Italy","Porta Magenta, Milan, Italy",PASS,PASS,MANUAL_VERIFICATION_REQUIRED,NOT_ATTRIBUTED_BY_CURRENT_CODE,UNVERIFIED,
milano/bande-nere,https://www.booking.com/searchresults.html?ss=Bande%20Nere%2C%20Milan%2C%20Italy,"Bande Nere, Milan, Italy","Bande Nere, Milan, Italy",PASS,PASS,MANUAL_VERIFICATION_REQUIRED,NOT_ATTRIBUTED_BY_CURRENT_CODE,UNVERIFIED,
milano/lorenteggio,https://www.booking.com/searchresults.html?ss=Lorenteggio%2C%20Milan%2C%20Italy,"Lorenteggio, Milan, Italy","Lorenteggio, Milan, Italy",PASS,PASS,MANUAL_VERIFICATION_REQUIRED,NOT_ATTRIBUTED_BY_CURRENT_CODE,UNVERIFIED,
milano/muggiano,https://www.booking.com/searchresults.html?ss=Muggiano%2C%20Milan%2C%20Italy,"Muggiano, Milan, Italy","Muggiano, Milan, Italy",PASS,PASS,MANUAL_VERIFICATION_REQUIRED,NOT_ATTRIBUTED_BY_CURRENT_CODE,UNVERIFIED,
milano/baggio-q-re-degli-olmi-q-re-valsesia,https://www.booking.com/searchresults.html?ss=Baggio%20-%20Q.re%20degli%20Olmi%20-%20Q.re%20Valsesia%2C%20Milan%2C%20Italy,"Baggio - Q.re degli Olmi - Q.re Valsesia, Milan, Italy","Baggio - Q.re degli Olmi - Q.re Valsesia, Milan, Italy",PASS,PASS,MANUAL_VERIFICATION_REQUIRED,NOT_ATTRIBUTED_BY_CURRENT_CODE,UNVERIFIED,
milano/forze-armate,https://www.booking.com/searchresults.html?ss=Forze%20Armate%2C%20Milan%2C%20Italy,"Forze Armate, Milan, Italy","Forze Armate, Milan, Italy",PASS,PASS,MANUAL_VERIFICATION_REQUIRED,NOT_ATTRIBUTED_BY_CURRENT_CODE,UNVERIFIED,
milano/de-angeli-monte-rosa,https://www.booking.com/searchresults.html?ss=De%20Angeli%20-%20Monte%20Rosa%2C%20Milan%2C%20Italy,"De Angeli - Monte Rosa, Milan, Italy","De Angeli - Monte Rosa, Milan, Italy",PASS,PASS,MANUAL_VERIFICATION_REQUIRED,NOT_ATTRIBUTED_BY_CURRENT_CODE,UNVERIFIED,
milano/tre-torri,https://www.booking.com/searchresults.html?ss=Tre%20Torri%2C%20Milan%2C%20Italy,"Tre Torri, Milan, Italy","Tre Torri, Milan, Italy",PASS,PASS,MANUAL_VERIFICATION_REQUIRED,NOT_ATTRIBUTED_BY_CURRENT_CODE,UNVERIFIED,
milano/stadio-ippodromi,https://www.booking.com/searchresults.html?ss=Stadio%20-%20Ippodromi%2C%20Milan%2C%20Italy,"Stadio - Ippodromi, Milan, Italy","Stadio - Ippodromi, Milan, Italy",PASS,PASS,MANUAL_VERIFICATION_REQUIRED,NOT_ATTRIBUTED_BY_CURRENT_CODE,UNVERIFIED,
milano/quarto-cagnino,https://www.booking.com/searchresults.html?ss=Quarto%20Cagnino%2C%20Milan%2C%20Italy,"Quarto Cagnino, Milan, Italy","Quarto Cagnino, Milan, Italy",PASS,PASS,MANUAL_VERIFICATION_REQUIRED,NOT_ATTRIBUTED_BY_CURRENT_CODE,UNVERIFIED,
milano/quinto-romano,https://www.booking.com/searchresults.html?ss=Quinto%20Romano%2C%20Milan%2C%20Italy,"Quinto Romano, Milan, Italy","Quinto Romano, Milan, Italy",PASS,PASS,MANUAL_VERIFICATION_REQUIRED,NOT_ATTRIBUTED_BY_CURRENT_CODE,UNVERIFIED,
milano/figino,https://www.booking.com/searchresults.html?ss=Figino%2C%20Milan%2C%20Italy,"Figino, Milan, Italy","Figino, Milan, Italy",PASS,PASS,MANUAL_VERIFICATION_REQUIRED,NOT_ATTRIBUTED_BY_CURRENT_CODE,UNVERIFIED,
milano/trenno,https://www.booking.com/searchresults.html?ss=Trenno%2C%20Milan%2C%20Italy,"Trenno, Milan, Italy","Trenno, Milan, Italy",PASS,PASS,MANUAL_VERIFICATION_REQUIRED,NOT_ATTRIBUTED_BY_CURRENT_CODE,UNVERIFIED,
milano/q-re-gallaratese-q-re-san-leonardo-lampugnano,https://www.booking.com/searchresults.html?ss=Q.re%20Gallaratese%20-%20Q.re%20San%20Leonardo%20-%20Lampugnano%2C%20Milan%2C%20Italy,"Q.re Gallaratese - Q.re San Leonardo - Lampugnano, Milan, Italy","Q.re Gallaratese - Q.re San Leonardo - Lampugnano, Milan, Italy",PASS,PASS,MANUAL_VERIFICATION_REQUIRED,NOT_ATTRIBUTED_BY_CURRENT_CODE,UNVERIFIED,
milano/qt-8,https://www.booking.com/searchresults.html?ss=QT%208%2C%20Milan%2C%20Italy,"QT 8, Milan, Italy","QT 8, Milan, Italy",PASS,PASS,MANUAL_VERIFICATION_REQUIRED,NOT_ATTRIBUTED_BY_CURRENT_CODE,UNVERIFIED,
milano/portello,https://www.booking.com/searchresults.html?ss=Portello%2C%20Milan%2C%20Italy,"Portello, Milan, Italy","Portello, Milan, Italy",PASS,PASS,MANUAL_VERIFICATION_REQUIRED,NOT_ATTRIBUTED_BY_CURRENT_CODE,UNVERIFIED,
milano/pagano,https://www.booking.com/searchresults.html?ss=Pagano%2C%20Milan%2C%20Italy,"Pagano, Milan, Italy","Pagano, Milan, Italy",PASS,PASS,MANUAL_VERIFICATION_REQUIRED,NOT_ATTRIBUTED_BY_CURRENT_CODE,UNVERIFIED,
milano/ghisolfa,https://www.booking.com/searchresults.html?ss=Ghisolfa%2C%20Milan%2C%20Italy,"Ghisolfa, Milan, Italy","Ghisolfa, Milan, Italy",PASS,PASS,MANUAL_VERIFICATION_REQUIRED,NOT_ATTRIBUTED_BY_CURRENT_CODE,UNVERIFIED,
milano/villapizzone-cagnola-boldinasco,https://www.booking.com/searchresults.html?ss=Villapizzone%20-%20Cagnola%20-%20Boldinasco%2C%20Milan%2C%20Italy,"Villapizzone - Cagnola - Boldinasco, Milan, Italy","Villapizzone - Cagnola - Boldinasco, Milan, Italy",PASS,PASS,MANUAL_VERIFICATION_REQUIRED,NOT_ATTRIBUTED_BY_CURRENT_CODE,UNVERIFIED,
milano/maggiore-musocco-certosa,https://www.booking.com/searchresults.html?ss=Maggiore%20-%20Musocco%20-%20Certosa%2C%20Milan%2C%20Italy,"Maggiore - Musocco - Certosa, Milan, Italy","Maggiore - Musocco - Certosa, Milan, Italy",PASS,PASS,MANUAL_VERIFICATION_REQUIRED,NOT_ATTRIBUTED_BY_CURRENT_CODE,UNVERIFIED,
milano/cascina-merlata,https://www.booking.com/searchresults.html?ss=Cascina%20Merlata%2C%20Milan%2C%20Italy,"Cascina Merlata, Milan, Italy","Cascina Merlata, Milan, Italy",PASS,PASS,MANUAL_VERIFICATION_REQUIRED,NOT_ATTRIBUTED_BY_CURRENT_CODE,UNVERIFIED,
milano/roserio,https://www.booking.com/searchresults.html?ss=Roserio%2C%20Milan%2C%20Italy,"Roserio, Milan, Italy","Roserio, Milan, Italy",PASS,PASS,MANUAL_VERIFICATION_REQUIRED,NOT_ATTRIBUTED_BY_CURRENT_CODE,UNVERIFIED,
milano/stephenson,https://www.booking.com/searchresults.html?ss=Stephenson%2C%20Milan%2C%20Italy,"Stephenson, Milan, Italy","Stephenson, Milan, Italy",PASS,PASS,MANUAL_VERIFICATION_REQUIRED,NOT_ATTRIBUTED_BY_CURRENT_CODE,UNVERIFIED,
milano/quarto-oggiaro-vialba-musocco,https://www.booking.com/searchresults.html?ss=Quarto%20Oggiaro%20-%20Vialba%20-%20Musocco%2C%20Milan%2C%20Italy,"Quarto Oggiaro - Vialba - Musocco, Milan, Italy","Quarto Oggiaro - Vialba - Musocco, Milan, Italy",PASS,PASS,MANUAL_VERIFICATION_REQUIRED,NOT_ATTRIBUTED_BY_CURRENT_CODE,UNVERIFIED,
milano/bovisa,https://www.booking.com/searchresults.html?ss=Bovisa%2C%20Milan%2C%20Italy,"Bovisa, Milan, Italy","Bovisa, Milan, Italy",PASS,PASS,MANUAL_VERIFICATION_REQUIRED,NOT_ATTRIBUTED_BY_CURRENT_CODE,UNVERIFIED,
milano/farini,https://www.booking.com/searchresults.html?ss=Farini%2C%20Milan%2C%20Italy,"Farini, Milan, Italy","Farini, Milan, Italy",PASS,PASS,MANUAL_VERIFICATION_REQUIRED,NOT_ATTRIBUTED_BY_CURRENT_CODE,UNVERIFIED,
milano/dergano,https://www.booking.com/searchresults.html?ss=Dergano%2C%20Milan%2C%20Italy,"Dergano, Milan, Italy","Dergano, Milan, Italy",PASS,PASS,MANUAL_VERIFICATION_REQUIRED,NOT_ATTRIBUTED_BY_CURRENT_CODE,UNVERIFIED,
milano/affori,https://www.booking.com/searchresults.html?ss=Affori%2C%20Milan%2C%20Italy,"Affori, Milan, Italy","Affori, Milan, Italy",PASS,PASS,MANUAL_VERIFICATION_REQUIRED,NOT_ATTRIBUTED_BY_CURRENT_CODE,UNVERIFIED,
milano/bovisasca,https://www.booking.com/searchresults.html?ss=Bovisasca%2C%20Milan%2C%20Italy,"Bovisasca, Milan, Italy","Bovisasca, Milan, Italy",PASS,PASS,MANUAL_VERIFICATION_REQUIRED,NOT_ATTRIBUTED_BY_CURRENT_CODE,UNVERIFIED,
milano/comasina,https://www.booking.com/searchresults.html?ss=Comasina%2C%20Milan%2C%20Italy,"Comasina, Milan, Italy","Comasina, Milan, Italy",PASS,PASS,MANUAL_VERIFICATION_REQUIRED,NOT_ATTRIBUTED_BY_CURRENT_CODE,UNVERIFIED,
milano/bruzzano,https://www.booking.com/searchresults.html?ss=Bruzzano%2C%20Milan%2C%20Italy,"Bruzzano, Milan, Italy","Bruzzano, Milan, Italy",PASS,PASS,MANUAL_VERIFICATION_REQUIRED,NOT_ATTRIBUTED_BY_CURRENT_CODE,UNVERIFIED,
milano/parco-nord,https://www.booking.com/searchresults.html?ss=Parco%20Nord%2C%20Milan%2C%20Italy,"Parco Nord, Milan, Italy","Parco Nord, Milan, Italy",PASS,PASS,MANUAL_VERIFICATION_REQUIRED,NOT_ATTRIBUTED_BY_CURRENT_CODE,UNVERIFIED,
milano/parco-delle-abbazie,https://www.booking.com/searchresults.html?ss=Parco%20delle%20Abbazie%2C%20Milan%2C%20Italy,"Parco delle Abbazie, Milan, Italy","Parco delle Abbazie, Milan, Italy",PASS,PASS,MANUAL_VERIFICATION_REQUIRED,NOT_ATTRIBUTED_BY_CURRENT_CODE,UNVERIFIED,
milano/parco-dei-navigli,https://www.booking.com/searchresults.html?ss=Parco%20dei%20Navigli%2C%20Milan%2C%20Italy,"Parco dei Navigli, Milan, Italy","Parco dei Navigli, Milan, Italy",PASS,PASS,MANUAL_VERIFICATION_REQUIRED,NOT_ATTRIBUTED_BY_CURRENT_CODE,UNVERIFIED,
milano/assiano,https://www.booking.com/searchresults.html?ss=Assiano%2C%20Milan%2C%20Italy,"Assiano, Milan, Italy","Assiano, Milan, Italy",PASS,PASS,MANUAL_VERIFICATION_REQUIRED,NOT_ATTRIBUTED_BY_CURRENT_CODE,UNVERIFIED,
milano/monlue-ponte-lambro,https://www.booking.com/searchresults.html?ss=Monlu%C3%A8%20-%20Ponte%20Lambro%2C%20Milan%2C%20Italy,"Monluè - Ponte Lambro, Milan, Italy","Monluè - Ponte Lambro, Milan, Italy",PASS,PASS,MANUAL_VERIFICATION_REQUIRED,NOT_ATTRIBUTED_BY_CURRENT_CODE,UNVERIFIED,
milano/parco-bosco-in-citta,https://www.booking.com/searchresults.html?ss=Parco%20Bosco%20in%20Citt%C3%A0%2C%20Milan%2C%20Italy,"Parco Bosco in Città, Milan, Italy","Parco Bosco in Città, Milan, Italy",PASS,PASS,MANUAL_VERIFICATION_REQUIRED,NOT_ATTRIBUTED_BY_CURRENT_CODE,UNVERIFIED,
monaco-di-baviera/allach-untermenzing,https://www.booking.com/searchresults.html?ss=Allach-Untermenzing%2C%20Munich%2C%20Germany,"Allach-Untermenzing, Munich, Germany","Allach-Untermenzing, Munich, Germany",PASS,PASS,MANUAL_VERIFICATION_REQUIRED,NOT_ATTRIBUTED_BY_CURRENT_CODE,UNVERIFIED,
monaco-di-baviera/altstadt-lehel,https://www.booking.com/searchresults.html?ss=Altstadt-Lehel%2C%20Munich%2C%20Germany,"Altstadt-Lehel, Munich, Germany","Altstadt-Lehel, Munich, Germany",PASS,PASS,MANUAL_VERIFICATION_REQUIRED,NOT_ATTRIBUTED_BY_CURRENT_CODE,UNVERIFIED,
monaco-di-baviera/au-haidhausen,https://www.booking.com/searchresults.html?ss=Au-Haidhausen%2C%20Munich%2C%20Germany,"Au-Haidhausen, Munich, Germany","Au-Haidhausen, Munich, Germany",PASS,PASS,MANUAL_VERIFICATION_REQUIRED,NOT_ATTRIBUTED_BY_CURRENT_CODE,UNVERIFIED,
monaco-di-baviera/aubing-lochhausen-langwied,https://www.booking.com/searchresults.html?ss=Aubing-Lochhausen-Langwied%2C%20Munich%2C%20Germany,"Aubing-Lochhausen-Langwied, Munich, Germany","Aubing-Lochhausen-Langwied, Munich, Germany",PASS,PASS,MANUAL_VERIFICATION_REQUIRED,NOT_ATTRIBUTED_BY_CURRENT_CODE,UNVERIFIED,
monaco-di-baviera/berg-am-laim,https://www.booking.com/searchresults.html?ss=Berg%20am%20Laim%2C%20Munich%2C%20Germany,"Berg am Laim, Munich, Germany","Berg am Laim, Munich, Germany",PASS,PASS,MANUAL_VERIFICATION_REQUIRED,NOT_ATTRIBUTED_BY_CURRENT_CODE,UNVERIFIED,
monaco-di-baviera/bogenhausen,https://www.booking.com/searchresults.html?ss=Bogenhausen%2C%20Munich%2C%20Germany,"Bogenhausen, Munich, Germany","Bogenhausen, Munich, Germany",PASS,PASS,MANUAL_VERIFICATION_REQUIRED,NOT_ATTRIBUTED_BY_CURRENT_CODE,UNVERIFIED,
monaco-di-baviera/feldmoching-hasenbergl,https://www.booking.com/searchresults.html?ss=Feldmoching-Hasenbergl%2C%20Munich%2C%20Germany,"Feldmoching-Hasenbergl, Munich, Germany","Feldmoching-Hasenbergl, Munich, Germany",PASS,PASS,MANUAL_VERIFICATION_REQUIRED,NOT_ATTRIBUTED_BY_CURRENT_CODE,UNVERIFIED,
monaco-di-baviera/hadern,https://www.booking.com/searchresults.html?ss=Hadern%2C%20Munich%2C%20Germany,"Hadern, Munich, Germany","Hadern, Munich, Germany",PASS,PASS,MANUAL_VERIFICATION_REQUIRED,NOT_ATTRIBUTED_BY_CURRENT_CODE,UNVERIFIED,
monaco-di-baviera/laim,https://www.booking.com/searchresults.html?ss=Laim%2C%20Munich%2C%20Germany,"Laim, Munich, Germany","Laim, Munich, Germany",PASS,PASS,MANUAL_VERIFICATION_REQUIRED,NOT_ATTRIBUTED_BY_CURRENT_CODE,UNVERIFIED,
monaco-di-baviera/ludwigsvorstadt-isarvorstadt,https://www.booking.com/searchresults.html?ss=Ludwigsvorstadt-Isarvorstadt%2C%20Munich%2C%20Germany,"Ludwigsvorstadt-Isarvorstadt, Munich, Germany","Ludwigsvorstadt-Isarvorstadt, Munich, Germany",PASS,PASS,MANUAL_VERIFICATION_REQUIRED,NOT_ATTRIBUTED_BY_CURRENT_CODE,UNVERIFIED,
monaco-di-baviera/maxvorstadt,https://www.booking.com/searchresults.html?ss=Maxvorstadt%2C%20Munich%2C%20Germany,"Maxvorstadt, Munich, Germany","Maxvorstadt, Munich, Germany",PASS,PASS,MANUAL_VERIFICATION_REQUIRED,NOT_ATTRIBUTED_BY_CURRENT_CODE,UNVERIFIED,
monaco-di-baviera/milbertshofen-am-hart,https://www.booking.com/searchresults.html?ss=Milbertshofen-Am%20Hart%2C%20Munich%2C%20Germany,"Milbertshofen-Am Hart, Munich, Germany","Milbertshofen-Am Hart, Munich, Germany",PASS,PASS,MANUAL_VERIFICATION_REQUIRED,NOT_ATTRIBUTED_BY_CURRENT_CODE,UNVERIFIED,
monaco-di-baviera/moosach,https://www.booking.com/searchresults.html?ss=Moosach%2C%20Munich%2C%20Germany,"Moosach, Munich, Germany","Moosach, Munich, Germany",PASS,PASS,MANUAL_VERIFICATION_REQUIRED,NOT_ATTRIBUTED_BY_CURRENT_CODE,UNVERIFIED,
monaco-di-baviera/neuhausen-nymphenburg,https://www.booking.com/searchresults.html?ss=Neuhausen-Nymphenburg%2C%20Munich%2C%20Germany,"Neuhausen-Nymphenburg, Munich, Germany","Neuhausen-Nymphenburg, Munich, Germany",PASS,PASS,MANUAL_VERIFICATION_REQUIRED,NOT_ATTRIBUTED_BY_CURRENT_CODE,UNVERIFIED,
monaco-di-baviera/obergiesing-fasangarten,https://www.booking.com/searchresults.html?ss=Obergiesing-Fasangarten%2C%20Munich%2C%20Germany,"Obergiesing-Fasangarten, Munich, Germany","Obergiesing-Fasangarten, Munich, Germany",PASS,PASS,MANUAL_VERIFICATION_REQUIRED,NOT_ATTRIBUTED_BY_CURRENT_CODE,UNVERIFIED,
monaco-di-baviera/pasing-obermenzing,https://www.booking.com/searchresults.html?ss=Pasing-Obermenzing%2C%20Munich%2C%20Germany,"Pasing-Obermenzing, Munich, Germany","Pasing-Obermenzing, Munich, Germany",PASS,PASS,MANUAL_VERIFICATION_REQUIRED,NOT_ATTRIBUTED_BY_CURRENT_CODE,UNVERIFIED,
monaco-di-baviera/ramersdorf-perlach,https://www.booking.com/searchresults.html?ss=Ramersdorf-Perlach%2C%20Munich%2C%20Germany,"Ramersdorf-Perlach, Munich, Germany","Ramersdorf-Perlach, Munich, Germany",PASS,PASS,MANUAL_VERIFICATION_REQUIRED,NOT_ATTRIBUTED_BY_CURRENT_CODE,UNVERIFIED,
monaco-di-baviera/schwabing-freimann,https://www.booking.com/searchresults.html?ss=Schwabing-Freimann%2C%20Munich%2C%20Germany,"Schwabing-Freimann, Munich, Germany","Schwabing-Freimann, Munich, Germany",PASS,PASS,MANUAL_VERIFICATION_REQUIRED,NOT_ATTRIBUTED_BY_CURRENT_CODE,UNVERIFIED,
monaco-di-baviera/schwabing-west,https://www.booking.com/searchresults.html?ss=Schwabing-West%2C%20Munich%2C%20Germany,"Schwabing-West, Munich, Germany","Schwabing-West, Munich, Germany",PASS,PASS,MANUAL_VERIFICATION_REQUIRED,NOT_ATTRIBUTED_BY_CURRENT_CODE,UNVERIFIED,
monaco-di-baviera/schwanthalerhoehe,https://www.booking.com/searchresults.html?ss=Schwanthalerhoehe%2C%20Munich%2C%20Germany,"Schwanthalerhoehe, Munich, Germany","Schwanthalerhoehe, Munich, Germany",PASS,PASS,MANUAL_VERIFICATION_REQUIRED,NOT_ATTRIBUTED_BY_CURRENT_CODE,UNVERIFIED,
monaco-di-baviera/sendling,https://www.booking.com/searchresults.html?ss=Sendling%2C%20Munich%2C%20Germany,"Sendling, Munich, Germany","Sendling, Munich, Germany",PASS,PASS,MANUAL_VERIFICATION_REQUIRED,NOT_ATTRIBUTED_BY_CURRENT_CODE,UNVERIFIED,
monaco-di-baviera/sendling-westpark,https://www.booking.com/searchresults.html?ss=Sendling-Westpark%2C%20Munich%2C%20Germany,"Sendling-Westpark, Munich, Germany","Sendling-Westpark, Munich, Germany",PASS,PASS,MANUAL_VERIFICATION_REQUIRED,NOT_ATTRIBUTED_BY_CURRENT_CODE,UNVERIFIED,
monaco-di-baviera/thalkirchen-obersendling-forstenried-fuerstenried-solln,https://www.booking.com/searchresults.html?ss=Thalkirchen-Obersendling-Forstenried-Fuerstenried-Solln%2C%20Munich%2C%20Germany,"Thalkirchen-Obersendling-Forstenried-Fuerstenried-Solln, Munich, Germany","Thalkirchen-Obersendling-Forstenried-Fuerstenried-Solln, Munich, Germany",PASS,PASS,MANUAL_VERIFICATION_REQUIRED,NOT_ATTRIBUTED_BY_CURRENT_CODE,UNVERIFIED,
monaco-di-baviera/trudering-riem,https://www.booking.com/searchresults.html?ss=Trudering-Riem%2C%20Munich%2C%20Germany,"Trudering-Riem, Munich, Germany","Trudering-Riem, Munich, Germany",PASS,PASS,MANUAL_VERIFICATION_REQUIRED,NOT_ATTRIBUTED_BY_CURRENT_CODE,UNVERIFIED,
monaco-di-baviera/untergiesing-harlaching,https://www.booking.com/searchresults.html?ss=Untergiesing-Harlaching%2C%20Munich%2C%20Germany,"Untergiesing-Harlaching, Munich, Germany","Untergiesing-Harlaching, Munich, Germany",PASS,PASS,MANUAL_VERIFICATION_REQUIRED,NOT_ATTRIBUTED_BY_CURRENT_CODE,UNVERIFIED,
napoli/municipalita-1,https://www.booking.com/searchresults.html?ss=Chiaia%2C%20Napoli%2C%20Italy,"Chiaia, Napoli, Italy","Chiaia, Napoli, Italy",PASS,PASS,MANUAL_VERIFICATION_REQUIRED,NOT_ATTRIBUTED_BY_CURRENT_CODE,UNVERIFIED,
napoli/municipalita-2,https://www.booking.com/searchresults.html?ss=Quartieri%20Spagnoli%2C%20Napoli%2C%20Italy,"Quartieri Spagnoli, Napoli, Italy","Quartieri Spagnoli, Napoli, Italy",PASS,PASS,MANUAL_VERIFICATION_REQUIRED,NOT_ATTRIBUTED_BY_CURRENT_CODE,UNVERIFIED,
napoli/municipalita-3,https://www.booking.com/searchresults.html?ss=Sanita%2C%20Napoli%2C%20Italy,"Sanita, Napoli, Italy","Sanita, Napoli, Italy",PASS,PASS,MANUAL_VERIFICATION_REQUIRED,NOT_ATTRIBUTED_BY_CURRENT_CODE,UNVERIFIED,
napoli/municipalita-4,https://www.booking.com/searchresults.html?ss=Piazza%20Garibaldi%2C%20Napoli%2C%20Italy,"Piazza Garibaldi, Napoli, Italy","Piazza Garibaldi, Napoli, Italy",PASS,PASS,MANUAL_VERIFICATION_REQUIRED,NOT_ATTRIBUTED_BY_CURRENT_CODE,UNVERIFIED,
napoli/municipalita-5,https://www.booking.com/searchresults.html?ss=Vomero%2C%20Napoli%2C%20Italy,"Vomero, Napoli, Italy","Vomero, Napoli, Italy",PASS,PASS,MANUAL_VERIFICATION_REQUIRED,NOT_ATTRIBUTED_BY_CURRENT_CODE,UNVERIFIED,
napoli/municipalita-6,https://www.booking.com/searchresults.html?ss=Ponticelli%2C%20Napoli%2C%20Italy,"Ponticelli, Napoli, Italy","Ponticelli, Napoli, Italy",PASS,PASS,MANUAL_VERIFICATION_REQUIRED,NOT_ATTRIBUTED_BY_CURRENT_CODE,UNVERIFIED,
napoli/municipalita-7,https://www.booking.com/searchresults.html?ss=Secondigliano%2C%20Napoli%2C%20Italy,"Secondigliano, Napoli, Italy","Secondigliano, Napoli, Italy",PASS,PASS,MANUAL_VERIFICATION_REQUIRED,NOT_ATTRIBUTED_BY_CURRENT_CODE,UNVERIFIED,
napoli/municipalita-8,https://www.booking.com/searchresults.html?ss=Scampia%2C%20Napoli%2C%20Italy,"Scampia, Napoli, Italy","Scampia, Napoli, Italy",PASS,PASS,MANUAL_VERIFICATION_REQUIRED,NOT_ATTRIBUTED_BY_CURRENT_CODE,UNVERIFIED,
napoli/municipalita-9,https://www.booking.com/searchresults.html?ss=Pianura%2C%20Napoli%2C%20Italy,"Pianura, Napoli, Italy","Pianura, Napoli, Italy",PASS,PASS,MANUAL_VERIFICATION_REQUIRED,NOT_ATTRIBUTED_BY_CURRENT_CODE,UNVERIFIED,
napoli/municipalita-10,https://www.booking.com/searchresults.html?ss=Fuorigrotta%2C%20Napoli%2C%20Italy,"Fuorigrotta, Napoli, Italy","Fuorigrotta, Napoli, Italy",PASS,PASS,MANUAL_VERIFICATION_REQUIRED,NOT_ATTRIBUTED_BY_CURRENT_CODE,UNVERIFIED,
oslo/alna,https://www.booking.com/searchresults.html?ss=Alna%2C%20Oslo%2C%20Norway,"Alna, Oslo, Norway","Alna, Oslo, Norway",PASS,PASS,MANUAL_VERIFICATION_REQUIRED,NOT_ATTRIBUTED_BY_CURRENT_CODE,UNVERIFIED,
oslo/bjerke,https://www.booking.com/searchresults.html?ss=Bjerke%2C%20Oslo%2C%20Norway,"Bjerke, Oslo, Norway","Bjerke, Oslo, Norway",PASS,PASS,MANUAL_VERIFICATION_REQUIRED,NOT_ATTRIBUTED_BY_CURRENT_CODE,UNVERIFIED,
oslo/frogner,https://www.booking.com/searchresults.html?ss=Frogner%2C%20Oslo%2C%20Norway,"Frogner, Oslo, Norway","Frogner, Oslo, Norway",PASS,PASS,MANUAL_VERIFICATION_REQUIRED,NOT_ATTRIBUTED_BY_CURRENT_CODE,UNVERIFIED,
oslo/gamle-oslo,https://www.booking.com/searchresults.html?ss=Gamle%20Oslo%2C%20Oslo%2C%20Norway,"Gamle Oslo, Oslo, Norway","Gamle Oslo, Oslo, Norway",PASS,PASS,MANUAL_VERIFICATION_REQUIRED,NOT_ATTRIBUTED_BY_CURRENT_CODE,UNVERIFIED,
oslo/grorud,https://www.booking.com/searchresults.html?ss=Grorud%2C%20Oslo%2C%20Norway,"Grorud, Oslo, Norway","Grorud, Oslo, Norway",PASS,PASS,MANUAL_VERIFICATION_REQUIRED,NOT_ATTRIBUTED_BY_CURRENT_CODE,UNVERIFIED,
oslo/grunerlokka,https://www.booking.com/searchresults.html?ss=Gr%C3%BCnerl%C3%B8kka%2C%20Oslo%2C%20Norway,"Grünerløkka, Oslo, Norway","Grünerløkka, Oslo, Norway",PASS,PASS,MANUAL_VERIFICATION_REQUIRED,NOT_ATTRIBUTED_BY_CURRENT_CODE,UNVERIFIED,
oslo/nordre-aker,https://www.booking.com/searchresults.html?ss=Nordre%20Aker%2C%20Oslo%2C%20Norway,"Nordre Aker, Oslo, Norway","Nordre Aker, Oslo, Norway",PASS,PASS,MANUAL_VERIFICATION_REQUIRED,NOT_ATTRIBUTED_BY_CURRENT_CODE,UNVERIFIED,
oslo/nordstrand,https://www.booking.com/searchresults.html?ss=Nordstrand%2C%20Oslo%2C%20Norway,"Nordstrand, Oslo, Norway","Nordstrand, Oslo, Norway",PASS,PASS,MANUAL_VERIFICATION_REQUIRED,NOT_ATTRIBUTED_BY_CURRENT_CODE,UNVERIFIED,
oslo/sagene,https://www.booking.com/searchresults.html?ss=Sagene%2C%20Oslo%2C%20Norway,"Sagene, Oslo, Norway","Sagene, Oslo, Norway",PASS,PASS,MANUAL_VERIFICATION_REQUIRED,NOT_ATTRIBUTED_BY_CURRENT_CODE,UNVERIFIED,
oslo/sentrum,https://www.booking.com/searchresults.html?ss=Sentrum%2C%20Oslo%2C%20Norway,"Sentrum, Oslo, Norway","Sentrum, Oslo, Norway",PASS,PASS,MANUAL_VERIFICATION_REQUIRED,NOT_ATTRIBUTED_BY_CURRENT_CODE,UNVERIFIED,
oslo/st-hanshaugen,https://www.booking.com/searchresults.html?ss=St.%20Hanshaugen%2C%20Oslo%2C%20Norway,"St. Hanshaugen, Oslo, Norway","St. Hanshaugen, Oslo, Norway",PASS,PASS,MANUAL_VERIFICATION_REQUIRED,NOT_ATTRIBUTED_BY_CURRENT_CODE,UNVERIFIED,
oslo/stovner,https://www.booking.com/searchresults.html?ss=Stovner%2C%20Oslo%2C%20Norway,"Stovner, Oslo, Norway","Stovner, Oslo, Norway",PASS,PASS,MANUAL_VERIFICATION_REQUIRED,NOT_ATTRIBUTED_BY_CURRENT_CODE,UNVERIFIED,
oslo/sondre-nordstrand,https://www.booking.com/searchresults.html?ss=S%C3%B8ndre%20Nordstrand%2C%20Oslo%2C%20Norway,"Søndre Nordstrand, Oslo, Norway","Søndre Nordstrand, Oslo, Norway",PASS,PASS,MANUAL_VERIFICATION_REQUIRED,NOT_ATTRIBUTED_BY_CURRENT_CODE,UNVERIFIED,
oslo/ullern,https://www.booking.com/searchresults.html?ss=Ullern%2C%20Oslo%2C%20Norway,"Ullern, Oslo, Norway","Ullern, Oslo, Norway",PASS,PASS,MANUAL_VERIFICATION_REQUIRED,NOT_ATTRIBUTED_BY_CURRENT_CODE,UNVERIFIED,
oslo/vestre-aker,https://www.booking.com/searchresults.html?ss=Vestre%20Aker%2C%20Oslo%2C%20Norway,"Vestre Aker, Oslo, Norway","Vestre Aker, Oslo, Norway",PASS,PASS,MANUAL_VERIFICATION_REQUIRED,NOT_ATTRIBUTED_BY_CURRENT_CODE,UNVERIFIED,
oslo/ostensjo,https://www.booking.com/searchresults.html?ss=%C3%98stensj%C3%B8%2C%20Oslo%2C%20Norway,"Østensjø, Oslo, Norway","Østensjø, Oslo, Norway",PASS,PASS,MANUAL_VERIFICATION_REQUIRED,NOT_ATTRIBUTED_BY_CURRENT_CODE,UNVERIFIED,
paris/saint-germain-l-auxerrois,https://www.booking.com/searchresults.html?ss=Saint-Germain-l%27Auxerrois%2C%20Paris%2C%20France,"Saint-Germain-l'Auxerrois, Paris, France","Saint-Germain-l'Auxerrois, Paris, France",PASS,PASS,MANUAL_VERIFICATION_REQUIRED,NOT_ATTRIBUTED_BY_CURRENT_CODE,UNVERIFIED,
paris/halles,https://www.booking.com/searchresults.html?ss=Halles%2C%20Paris%2C%20France,"Halles, Paris, France","Halles, Paris, France",PASS,PASS,MANUAL_VERIFICATION_REQUIRED,NOT_ATTRIBUTED_BY_CURRENT_CODE,UNVERIFIED,
paris/palais-royal,https://www.booking.com/searchresults.html?ss=Palais-Royal%2C%20Paris%2C%20France,"Palais-Royal, Paris, France","Palais-Royal, Paris, France",PASS,PASS,MANUAL_VERIFICATION_REQUIRED,NOT_ATTRIBUTED_BY_CURRENT_CODE,UNVERIFIED,
paris/place-vendome,https://www.booking.com/searchresults.html?ss=Place-Vend%C3%B4me%2C%20Paris%2C%20France,"Place-Vendôme, Paris, France","Place-Vendôme, Paris, France",PASS,PASS,MANUAL_VERIFICATION_REQUIRED,NOT_ATTRIBUTED_BY_CURRENT_CODE,UNVERIFIED,
paris/gaillon,https://www.booking.com/searchresults.html?ss=Gaillon%2C%20Paris%2C%20France,"Gaillon, Paris, France","Gaillon, Paris, France",PASS,PASS,MANUAL_VERIFICATION_REQUIRED,NOT_ATTRIBUTED_BY_CURRENT_CODE,UNVERIFIED,
paris/vivienne,https://www.booking.com/searchresults.html?ss=Quartier%20Vivienne%2C%20Paris%202e%2C%20France,"Quartier Vivienne, Paris 2e, France","Quartier Vivienne, Paris 2e, France",PASS,PASS,MANUAL_VERIFICATION_REQUIRED,NOT_ATTRIBUTED_BY_CURRENT_CODE,UNVERIFIED,
paris/mail,https://www.booking.com/searchresults.html?ss=Quartier%20du%20Mail%2C%20Paris%202e%2C%20France,"Quartier du Mail, Paris 2e, France","Quartier du Mail, Paris 2e, France",PASS,PASS,MANUAL_VERIFICATION_REQUIRED,NOT_ATTRIBUTED_BY_CURRENT_CODE,UNVERIFIED,
paris/bonne-nouvelle,https://www.booking.com/searchresults.html?ss=Bonne-Nouvelle%2C%20Paris%2C%20France,"Bonne-Nouvelle, Paris, France","Bonne-Nouvelle, Paris, France",PASS,PASS,MANUAL_VERIFICATION_REQUIRED,NOT_ATTRIBUTED_BY_CURRENT_CODE,UNVERIFIED,
paris/arts-et-metiers,https://www.booking.com/searchresults.html?ss=Arts-et-M%C3%A9tiers%2C%20Paris%2C%20France,"Arts-et-Métiers, Paris, France","Arts-et-Métiers, Paris, France",PASS,PASS,MANUAL_VERIFICATION_REQUIRED,NOT_ATTRIBUTED_BY_CURRENT_CODE,UNVERIFIED,
paris/enfants-rouges,https://www.booking.com/searchresults.html?ss=Enfants-Rouges%2C%20Paris%2C%20France,"Enfants-Rouges, Paris, France","Enfants-Rouges, Paris, France",PASS,PASS,MANUAL_VERIFICATION_REQUIRED,NOT_ATTRIBUTED_BY_CURRENT_CODE,UNVERIFIED,
paris/archives,https://www.booking.com/searchresults.html?ss=Quartier%20des%20Archives%2C%20Paris%203e%2C%20France,"Quartier des Archives, Paris 3e, France","Quartier des Archives, Paris 3e, France",PASS,PASS,MANUAL_VERIFICATION_REQUIRED,NOT_ATTRIBUTED_BY_CURRENT_CODE,UNVERIFIED,
paris/sainte-avoie,https://www.booking.com/searchresults.html?ss=Sainte-Avoie%2C%20Paris%2C%20France,"Sainte-Avoie, Paris, France","Sainte-Avoie, Paris, France",PASS,PASS,MANUAL_VERIFICATION_REQUIRED,NOT_ATTRIBUTED_BY_CURRENT_CODE,UNVERIFIED,
paris/saint-merri,https://www.booking.com/searchresults.html?ss=Saint-Merri%2C%20Paris%2C%20France,"Saint-Merri, Paris, France","Saint-Merri, Paris, France",PASS,PASS,MANUAL_VERIFICATION_REQUIRED,NOT_ATTRIBUTED_BY_CURRENT_CODE,UNVERIFIED,
paris/saint-gervais,https://www.booking.com/searchresults.html?ss=Quartier%20Saint-Gervais%2C%20Paris%204e%2C%20France,"Quartier Saint-Gervais, Paris 4e, France","Quartier Saint-Gervais, Paris 4e, France",PASS,PASS,MANUAL_VERIFICATION_REQUIRED,NOT_ATTRIBUTED_BY_CURRENT_CODE,UNVERIFIED,
paris/arsenal,https://www.booking.com/searchresults.html?ss=Quartier%20de%20l%27Arsenal%2C%20Paris%204e%2C%20France,"Quartier de l'Arsenal, Paris 4e, France","Quartier de l'Arsenal, Paris 4e, France",PASS,PASS,MANUAL_VERIFICATION_REQUIRED,NOT_ATTRIBUTED_BY_CURRENT_CODE,UNVERIFIED,
paris/notre-dame,https://www.booking.com/searchresults.html?ss=Notre-Dame%2C%20Paris%2C%20France,"Notre-Dame, Paris, France","Notre-Dame, Paris, France",PASS,PASS,MANUAL_VERIFICATION_REQUIRED,NOT_ATTRIBUTED_BY_CURRENT_CODE,UNVERIFIED,
paris/saint-victor,https://www.booking.com/searchresults.html?ss=Quartier%20Saint-Victor%2C%20Paris%205e%2C%20France,"Quartier Saint-Victor, Paris 5e, France","Quartier Saint-Victor, Paris 5e, France",PASS,PASS,MANUAL_VERIFICATION_REQUIRED,NOT_ATTRIBUTED_BY_CURRENT_CODE,UNVERIFIED,
paris/jardin-des-plantes,https://www.booking.com/searchresults.html?ss=Jardin-des-Plantes%2C%20Paris%2C%20France,"Jardin-des-Plantes, Paris, France","Jardin-des-Plantes, Paris, France",PASS,PASS,MANUAL_VERIFICATION_REQUIRED,NOT_ATTRIBUTED_BY_CURRENT_CODE,UNVERIFIED,
paris/val-de-grace,https://www.booking.com/searchresults.html?ss=Val-de-Grace%2C%20Paris%2C%20France,"Val-de-Grace, Paris, France","Val-de-Grace, Paris, France",PASS,PASS,MANUAL_VERIFICATION_REQUIRED,NOT_ATTRIBUTED_BY_CURRENT_CODE,UNVERIFIED,
paris/sorbonne,https://www.booking.com/searchresults.html?ss=Sorbonne%2C%20Paris%2C%20France,"Sorbonne, Paris, France","Sorbonne, Paris, France",PASS,PASS,MANUAL_VERIFICATION_REQUIRED,NOT_ATTRIBUTED_BY_CURRENT_CODE,UNVERIFIED,
paris/monnaie,https://www.booking.com/searchresults.html?ss=Quartier%20de%20la%20Monnaie%2C%20Paris%206e%2C%20France,"Quartier de la Monnaie, Paris 6e, France","Quartier de la Monnaie, Paris 6e, France",PASS,PASS,MANUAL_VERIFICATION_REQUIRED,NOT_ATTRIBUTED_BY_CURRENT_CODE,UNVERIFIED,
paris/odeon,https://www.booking.com/searchresults.html?ss=Od%C3%A9on%2C%20Paris%2C%20France,"Odéon, Paris, France","Odéon, Paris, France",PASS,PASS,MANUAL_VERIFICATION_REQUIRED,NOT_ATTRIBUTED_BY_CURRENT_CODE,UNVERIFIED,
paris/notre-dame-des-champs,https://www.booking.com/searchresults.html?ss=Notre-Dame-des-Champs%2C%20Paris%2C%20France,"Notre-Dame-des-Champs, Paris, France","Notre-Dame-des-Champs, Paris, France",PASS,PASS,MANUAL_VERIFICATION_REQUIRED,NOT_ATTRIBUTED_BY_CURRENT_CODE,UNVERIFIED,
paris/saint-germain-des-pres,https://www.booking.com/searchresults.html?ss=Saint-Germain-des-Pr%C3%A9s%2C%20Paris%2C%20France,"Saint-Germain-des-Prés, Paris, France","Saint-Germain-des-Prés, Paris, France",PASS,PASS,MANUAL_VERIFICATION_REQUIRED,NOT_ATTRIBUTED_BY_CURRENT_CODE,UNVERIFIED,
paris/saint-thomas-d-aquin,https://www.booking.com/searchresults.html?ss=Saint-Thomas-d%27Aquin%2C%20Paris%2C%20France,"Saint-Thomas-d'Aquin, Paris, France","Saint-Thomas-d'Aquin, Paris, France",PASS,PASS,MANUAL_VERIFICATION_REQUIRED,NOT_ATTRIBUTED_BY_CURRENT_CODE,UNVERIFIED,
paris/invalides,https://www.booking.com/searchresults.html?ss=Invalides%2C%20Paris%2C%20France,"Invalides, Paris, France","Invalides, Paris, France",PASS,PASS,MANUAL_VERIFICATION_REQUIRED,NOT_ATTRIBUTED_BY_CURRENT_CODE,UNVERIFIED,
paris/ecole-militaire,https://www.booking.com/searchresults.html?ss=Ecole-Militaire%2C%20Paris%2C%20France,"Ecole-Militaire, Paris, France","Ecole-Militaire, Paris, France",PASS,PASS,MANUAL_VERIFICATION_REQUIRED,NOT_ATTRIBUTED_BY_CURRENT_CODE,UNVERIFIED,
paris/gros-caillou,https://www.booking.com/searchresults.html?ss=Gros-Caillou%2C%20Paris%2C%20France,"Gros-Caillou, Paris, France","Gros-Caillou, Paris, France",PASS,PASS,MANUAL_VERIFICATION_REQUIRED,NOT_ATTRIBUTED_BY_CURRENT_CODE,UNVERIFIED,
paris/champs-elysees,https://www.booking.com/searchresults.html?ss=Champs-Elys%C3%A9es%2C%20Paris%2C%20France,"Champs-Elysées, Paris, France","Champs-Elysées, Paris, France",PASS,PASS,MANUAL_VERIFICATION_REQUIRED,NOT_ATTRIBUTED_BY_CURRENT_CODE,UNVERIFIED,
paris/faubourg-du-roule,https://www.booking.com/searchresults.html?ss=Faubourg-du-Roule%2C%20Paris%2C%20France,"Faubourg-du-Roule, Paris, France","Faubourg-du-Roule, Paris, France",PASS,PASS,MANUAL_VERIFICATION_REQUIRED,NOT_ATTRIBUTED_BY_CURRENT_CODE,UNVERIFIED,
paris/madeleine,https://www.booking.com/searchresults.html?ss=Madeleine%2C%20Paris%2C%20France,"Madeleine, Paris, France","Madeleine, Paris, France",PASS,PASS,MANUAL_VERIFICATION_REQUIRED,NOT_ATTRIBUTED_BY_CURRENT_CODE,UNVERIFIED,
paris/europe,https://www.booking.com/searchresults.html?ss=Quartier%20de%20l%27Europe%2C%20Paris%208e%2C%20France,"Quartier de l'Europe, Paris 8e, France","Quartier de l'Europe, Paris 8e, France",PASS,PASS,MANUAL_VERIFICATION_REQUIRED,NOT_ATTRIBUTED_BY_CURRENT_CODE,UNVERIFIED,
paris/saint-georges,https://www.booking.com/searchresults.html?ss=Quartier%20Saint-Georges%2C%20Paris%209e%2C%20France,"Quartier Saint-Georges, Paris 9e, France","Quartier Saint-Georges, Paris 9e, France",PASS,PASS,MANUAL_VERIFICATION_REQUIRED,NOT_ATTRIBUTED_BY_CURRENT_CODE,UNVERIFIED,
paris/chaussee-d-antin,https://www.booking.com/searchresults.html?ss=Chauss%C3%A9e-d%27Antin%2C%20Paris%2C%20France,"Chaussée-d'Antin, Paris, France","Chaussée-d'Antin, Paris, France",PASS,PASS,MANUAL_VERIFICATION_REQUIRED,NOT_ATTRIBUTED_BY_CURRENT_CODE,UNVERIFIED,
paris/faubourg-montmartre,https://www.booking.com/searchresults.html?ss=Faubourg-Montmartre%2C%20Paris%2C%20France,"Faubourg-Montmartre, Paris, France","Faubourg-Montmartre, Paris, France",PASS,PASS,MANUAL_VERIFICATION_REQUIRED,NOT_ATTRIBUTED_BY_CURRENT_CODE,UNVERIFIED,
paris/rochechouart,https://www.booking.com/searchresults.html?ss=Rochechouart%2C%20Paris%2C%20France,"Rochechouart, Paris, France","Rochechouart, Paris, France",PASS,PASS,MANUAL_VERIFICATION_REQUIRED,NOT_ATTRIBUTED_BY_CURRENT_CODE,UNVERIFIED,
paris/saint-vincent-de-paul,https://www.booking.com/searchresults.html?ss=Quartier%20Saint-Vincent-de-Paul%2C%20Paris%2010e%2C%20France,"Quartier Saint-Vincent-de-Paul, Paris 10e, France","Quartier Saint-Vincent-de-Paul, Paris 10e, France",PASS,PASS,MANUAL_VERIFICATION_REQUIRED,NOT_ATTRIBUTED_BY_CURRENT_CODE,UNVERIFIED,
paris/porte-saint-denis,https://www.booking.com/searchresults.html?ss=Porte-Saint-Denis%2C%20Paris%2C%20France,"Porte-Saint-Denis, Paris, France","Porte-Saint-Denis, Paris, France",PASS,PASS,MANUAL_VERIFICATION_REQUIRED,NOT_ATTRIBUTED_BY_CURRENT_CODE,UNVERIFIED,
paris/porte-saint-martin,https://www.booking.com/searchresults.html?ss=Porte-Saint-Martin%2C%20Paris%2C%20France,"Porte-Saint-Martin, Paris, France","Porte-Saint-Martin, Paris, France",PASS,PASS,MANUAL_VERIFICATION_REQUIRED,NOT_ATTRIBUTED_BY_CURRENT_CODE,UNVERIFIED,
paris/hopital-saint-louis,https://www.booking.com/searchresults.html?ss=Quartier%20de%20l%27H%C3%B4pital-Saint-Louis%2C%20Paris%2010e%2C%20France,"Quartier de l'Hôpital-Saint-Louis, Paris 10e, France","Quartier de l'Hôpital-Saint-Louis, Paris 10e, France",PASS,PASS,MANUAL_VERIFICATION_REQUIRED,NOT_ATTRIBUTED_BY_CURRENT_CODE,UNVERIFIED,
paris/folie-mericourt,https://www.booking.com/searchresults.html?ss=Folie-M%C3%A9ricourt%2C%20Paris%2C%20France,"Folie-Méricourt, Paris, France","Folie-Méricourt, Paris, France",PASS,PASS,MANUAL_VERIFICATION_REQUIRED,NOT_ATTRIBUTED_BY_CURRENT_CODE,UNVERIFIED,
paris/saint-ambroise,https://www.booking.com/searchresults.html?ss=Saint-Ambroise%2C%20Paris%2C%20France,"Saint-Ambroise, Paris, France","Saint-Ambroise, Paris, France",PASS,PASS,MANUAL_VERIFICATION_REQUIRED,NOT_ATTRIBUTED_BY_CURRENT_CODE,UNVERIFIED,
paris/roquette,https://www.booking.com/searchresults.html?ss=Roquette%2C%20Paris%2C%20France,"Roquette, Paris, France","Roquette, Paris, France",PASS,PASS,MANUAL_VERIFICATION_REQUIRED,NOT_ATTRIBUTED_BY_CURRENT_CODE,UNVERIFIED,
paris/sainte-marguerite,https://www.booking.com/searchresults.html?ss=Quartier%20Sainte-Marguerite%2C%20Paris%2011e%2C%20France,"Quartier Sainte-Marguerite, Paris 11e, France","Quartier Sainte-Marguerite, Paris 11e, France",PASS,PASS,MANUAL_VERIFICATION_REQUIRED,NOT_ATTRIBUTED_BY_CURRENT_CODE,UNVERIFIED,
paris/bel-air,https://www.booking.com/searchresults.html?ss=Quartier%20du%20Bel-Air%2C%20Paris%2012e%2C%20France,"Quartier du Bel-Air, Paris 12e, France","Quartier du Bel-Air, Paris 12e, France",PASS,PASS,MANUAL_VERIFICATION_REQUIRED,NOT_ATTRIBUTED_BY_CURRENT_CODE,UNVERIFIED,
paris/picpus,https://www.booking.com/searchresults.html?ss=Picpus%2C%20Paris%2C%20France,"Picpus, Paris, France","Picpus, Paris, France",PASS,PASS,MANUAL_VERIFICATION_REQUIRED,NOT_ATTRIBUTED_BY_CURRENT_CODE,UNVERIFIED,
paris/bercy,https://www.booking.com/searchresults.html?ss=Bercy%2C%20Paris%2C%20France,"Bercy, Paris, France","Bercy, Paris, France",PASS,PASS,MANUAL_VERIFICATION_REQUIRED,NOT_ATTRIBUTED_BY_CURRENT_CODE,UNVERIFIED,
paris/quinze-vingts,https://www.booking.com/searchresults.html?ss=Quinze-Vingts%2C%20Paris%2C%20France,"Quinze-Vingts, Paris, France","Quinze-Vingts, Paris, France",PASS,PASS,MANUAL_VERIFICATION_REQUIRED,NOT_ATTRIBUTED_BY_CURRENT_CODE,UNVERIFIED,
paris/salpetriere,https://www.booking.com/searchresults.html?ss=Quartier%20de%20la%20Salp%C3%AAtri%C3%A8re%2C%20Paris%2013e%2C%20France,"Quartier de la Salpêtrière, Paris 13e, France","Quartier de la Salpêtrière, Paris 13e, France",PASS,PASS,MANUAL_VERIFICATION_REQUIRED,NOT_ATTRIBUTED_BY_CURRENT_CODE,UNVERIFIED,
paris/gare,https://www.booking.com/searchresults.html?ss=Quartier%20de%20la%20Gare%2C%20Paris%2013e%2C%20France,"Quartier de la Gare, Paris 13e, France","Quartier de la Gare, Paris 13e, France",PASS,PASS,MANUAL_VERIFICATION_REQUIRED,NOT_ATTRIBUTED_BY_CURRENT_CODE,UNVERIFIED,
paris/maison-blanche,https://www.booking.com/searchresults.html?ss=Maison-Blanche%2C%20Paris%2C%20France,"Maison-Blanche, Paris, France","Maison-Blanche, Paris, France",PASS,PASS,MANUAL_VERIFICATION_REQUIRED,NOT_ATTRIBUTED_BY_CURRENT_CODE,UNVERIFIED,
paris/croulebarbe,https://www.booking.com/searchresults.html?ss=Quartier%20de%20la%20Croulebarbe%2C%20Paris%2013e%2C%20France,"Quartier de la Croulebarbe, Paris 13e, France","Quartier de la Croulebarbe, Paris 13e, France",PASS,PASS,MANUAL_VERIFICATION_REQUIRED,NOT_ATTRIBUTED_BY_CURRENT_CODE,UNVERIFIED,
paris/montparnasse,https://www.booking.com/searchresults.html?ss=Montparnasse%2C%20Paris%2C%20France,"Montparnasse, Paris, France","Montparnasse, Paris, France",PASS,PASS,MANUAL_VERIFICATION_REQUIRED,NOT_ATTRIBUTED_BY_CURRENT_CODE,UNVERIFIED,
paris/parc-de-montsouris,https://www.booking.com/searchresults.html?ss=Parc-de-Montsouris%2C%20Paris%2C%20France,"Parc-de-Montsouris, Paris, France","Parc-de-Montsouris, Paris, France",PASS,PASS,MANUAL_VERIFICATION_REQUIRED,NOT_ATTRIBUTED_BY_CURRENT_CODE,UNVERIFIED,
paris/petit-montrouge,https://www.booking.com/searchresults.html?ss=Petit-Montrouge%2C%20Paris%2C%20France,"Petit-Montrouge, Paris, France","Petit-Montrouge, Paris, France",PASS,PASS,MANUAL_VERIFICATION_REQUIRED,NOT_ATTRIBUTED_BY_CURRENT_CODE,UNVERIFIED,
paris/plaisance,https://www.booking.com/searchresults.html?ss=Plaisance%2C%20Paris%2C%20France,"Plaisance, Paris, France","Plaisance, Paris, France",PASS,PASS,MANUAL_VERIFICATION_REQUIRED,NOT_ATTRIBUTED_BY_CURRENT_CODE,UNVERIFIED,
paris/saint-lambert,https://www.booking.com/searchresults.html?ss=Quartier%20Saint-Lambert%2C%20Paris%2015e%2C%20France,"Quartier Saint-Lambert, Paris 15e, France","Quartier Saint-Lambert, Paris 15e, France",PASS,PASS,MANUAL_VERIFICATION_REQUIRED,NOT_ATTRIBUTED_BY_CURRENT_CODE,UNVERIFIED,
paris/necker,https://www.booking.com/searchresults.html?ss=Quartier%20Necker%2C%20Paris%2015e%2C%20France,"Quartier Necker, Paris 15e, France","Quartier Necker, Paris 15e, France",PASS,PASS,MANUAL_VERIFICATION_REQUIRED,NOT_ATTRIBUTED_BY_CURRENT_CODE,UNVERIFIED,
paris/grenelle,https://www.booking.com/searchresults.html?ss=Grenelle%2C%20Paris%2C%20France,"Grenelle, Paris, France","Grenelle, Paris, France",PASS,PASS,MANUAL_VERIFICATION_REQUIRED,NOT_ATTRIBUTED_BY_CURRENT_CODE,UNVERIFIED,
paris/javel,https://www.booking.com/searchresults.html?ss=Javel%2C%20Paris%2C%20France,"Javel, Paris, France","Javel, Paris, France",PASS,PASS,MANUAL_VERIFICATION_REQUIRED,NOT_ATTRIBUTED_BY_CURRENT_CODE,UNVERIFIED,
paris/auteuil,https://www.booking.com/searchresults.html?ss=Auteuil%2C%20Paris%2C%20France,"Auteuil, Paris, France","Auteuil, Paris, France",PASS,PASS,MANUAL_VERIFICATION_REQUIRED,NOT_ATTRIBUTED_BY_CURRENT_CODE,UNVERIFIED,
paris/muette,https://www.booking.com/searchresults.html?ss=Muette%2C%20Paris%2C%20France,"Muette, Paris, France","Muette, Paris, France",PASS,PASS,MANUAL_VERIFICATION_REQUIRED,NOT_ATTRIBUTED_BY_CURRENT_CODE,UNVERIFIED,
paris/porte-dauphine,https://www.booking.com/searchresults.html?ss=Porte-Dauphine%2C%20Paris%2C%20France,"Porte-Dauphine, Paris, France","Porte-Dauphine, Paris, France",PASS,PASS,MANUAL_VERIFICATION_REQUIRED,NOT_ATTRIBUTED_BY_CURRENT_CODE,UNVERIFIED,
paris/chaillot,https://www.booking.com/searchresults.html?ss=Chaillot%2C%20Paris%2C%20France,"Chaillot, Paris, France","Chaillot, Paris, France",PASS,PASS,MANUAL_VERIFICATION_REQUIRED,NOT_ATTRIBUTED_BY_CURRENT_CODE,UNVERIFIED,
paris/ternes,https://www.booking.com/searchresults.html?ss=Ternes%2C%20Paris%2C%20France,"Ternes, Paris, France","Ternes, Paris, France",PASS,PASS,MANUAL_VERIFICATION_REQUIRED,NOT_ATTRIBUTED_BY_CURRENT_CODE,UNVERIFIED,
paris/plaine-de-monceaux,https://www.booking.com/searchresults.html?ss=Plaine%20de%20Monceaux%2C%20Paris%2C%20France,"Plaine de Monceaux, Paris, France","Plaine de Monceaux, Paris, France",PASS,PASS,MANUAL_VERIFICATION_REQUIRED,NOT_ATTRIBUTED_BY_CURRENT_CODE,UNVERIFIED,
paris/batignolles,https://www.booking.com/searchresults.html?ss=Batignolles%2C%20Paris%2C%20France,"Batignolles, Paris, France","Batignolles, Paris, France",PASS,PASS,MANUAL_VERIFICATION_REQUIRED,NOT_ATTRIBUTED_BY_CURRENT_CODE,UNVERIFIED,
paris/epinettes,https://www.booking.com/searchresults.html?ss=Quartier%20des%20%C3%89pinettes%2C%20Paris%2017e%2C%20France,"Quartier des Épinettes, Paris 17e, France","Quartier des Épinettes, Paris 17e, France",PASS,PASS,MANUAL_VERIFICATION_REQUIRED,NOT_ATTRIBUTED_BY_CURRENT_CODE,UNVERIFIED,
paris/grandes-carrieres,https://www.booking.com/searchresults.html?ss=Quartier%20des%20Grandes-Carri%C3%A8res%2C%20Paris%2018e%2C%20France,"Quartier des Grandes-Carrières, Paris 18e, France","Quartier des Grandes-Carrières, Paris 18e, France",PASS,PASS,MANUAL_VERIFICATION_REQUIRED,NOT_ATTRIBUTED_BY_CURRENT_CODE,UNVERIFIED,
paris/clignancourt,https://www.booking.com/searchresults.html?ss=Clignancourt%2C%20Paris%2C%20France,"Clignancourt, Paris, France","Clignancourt, Paris, France",PASS,PASS,MANUAL_VERIFICATION_REQUIRED,NOT_ATTRIBUTED_BY_CURRENT_CODE,UNVERIFIED,
paris/goutte-d-or,https://www.booking.com/searchresults.html?ss=Goutte-d%27Or%2C%20Paris%2C%20France,"Goutte-d'Or, Paris, France","Goutte-d'Or, Paris, France",PASS,PASS,MANUAL_VERIFICATION_REQUIRED,NOT_ATTRIBUTED_BY_CURRENT_CODE,UNVERIFIED,
paris/la-chapelle,https://www.booking.com/searchresults.html?ss=La%20Chapelle%2C%20Paris%2C%20France,"La Chapelle, Paris, France","La Chapelle, Paris, France",PASS,PASS,MANUAL_VERIFICATION_REQUIRED,NOT_ATTRIBUTED_BY_CURRENT_CODE,UNVERIFIED,
paris/villette,https://www.booking.com/searchresults.html?ss=La%20Villette%2C%20Paris%2019e%2C%20France,"La Villette, Paris 19e, France","La Villette, Paris 19e, France",PASS,PASS,MANUAL_VERIFICATION_REQUIRED,NOT_ATTRIBUTED_BY_CURRENT_CODE,UNVERIFIED,
paris/pont-de-flandre,https://www.booking.com/searchresults.html?ss=Quartier%20de%20Pont-de-Flandre%2C%20Paris%2019e%2C%20France,"Quartier de Pont-de-Flandre, Paris 19e, France","Quartier de Pont-de-Flandre, Paris 19e, France",PASS,PASS,MANUAL_VERIFICATION_REQUIRED,NOT_ATTRIBUTED_BY_CURRENT_CODE,UNVERIFIED,
paris/amerique,https://www.booking.com/searchresults.html?ss=Quartier%20d%27Am%C3%A9rique%2C%20Paris%2019e%2C%20France,"Quartier d'Amérique, Paris 19e, France","Quartier d'Amérique, Paris 19e, France",PASS,PASS,MANUAL_VERIFICATION_REQUIRED,NOT_ATTRIBUTED_BY_CURRENT_CODE,UNVERIFIED,
paris/combat,https://www.booking.com/searchresults.html?ss=Quartier%20du%20Combat%2C%20Paris%2019e%2C%20France,"Quartier du Combat, Paris 19e, France","Quartier du Combat, Paris 19e, France",PASS,PASS,MANUAL_VERIFICATION_REQUIRED,NOT_ATTRIBUTED_BY_CURRENT_CODE,UNVERIFIED,
paris/belleville,https://www.booking.com/searchresults.html?ss=Belleville%2C%20Paris%2C%20France,"Belleville, Paris, France","Belleville, Paris, France",PASS,PASS,MANUAL_VERIFICATION_REQUIRED,NOT_ATTRIBUTED_BY_CURRENT_CODE,UNVERIFIED,
paris/saint-fargeau,https://www.booking.com/searchresults.html?ss=Quartier%20Saint-Fargeau%2C%20Paris%2020e%2C%20France,"Quartier Saint-Fargeau, Paris 20e, France","Quartier Saint-Fargeau, Paris 20e, France",PASS,PASS,MANUAL_VERIFICATION_REQUIRED,NOT_ATTRIBUTED_BY_CURRENT_CODE,UNVERIFIED,
paris/pere-lachaise,https://www.booking.com/searchresults.html?ss=P%C3%A8re-Lachaise%2C%20Paris%2C%20France,"Père-Lachaise, Paris, France","Père-Lachaise, Paris, France",PASS,PASS,MANUAL_VERIFICATION_REQUIRED,NOT_ATTRIBUTED_BY_CURRENT_CODE,UNVERIFIED,
paris/charonne,https://www.booking.com/searchresults.html?ss=Charonne%2C%20Paris%2C%20France,"Charonne, Paris, France","Charonne, Paris, France",PASS,PASS,MANUAL_VERIFICATION_REQUIRED,NOT_ATTRIBUTED_BY_CURRENT_CODE,UNVERIFIED,
praha/praha-1,https://www.booking.com/searchresults.html?ss=Praha%201%2C%20Prague%2C%20Czechia,"Praha 1, Prague, Czechia","Praha 1, Prague, Czechia",PASS,PASS,MANUAL_VERIFICATION_REQUIRED,NOT_ATTRIBUTED_BY_CURRENT_CODE,UNVERIFIED,
praha/praha-10,https://www.booking.com/searchresults.html?ss=Praha%2010%2C%20Prague%2C%20Czechia,"Praha 10, Prague, Czechia","Praha 10, Prague, Czechia",PASS,PASS,MANUAL_VERIFICATION_REQUIRED,NOT_ATTRIBUTED_BY_CURRENT_CODE,UNVERIFIED,
praha/praha-11,https://www.booking.com/searchresults.html?ss=Praha%2011%2C%20Prague%2C%20Czechia,"Praha 11, Prague, Czechia","Praha 11, Prague, Czechia",PASS,PASS,MANUAL_VERIFICATION_REQUIRED,NOT_ATTRIBUTED_BY_CURRENT_CODE,UNVERIFIED,
praha/praha-12,https://www.booking.com/searchresults.html?ss=Praha%2012%2C%20Prague%2C%20Czechia,"Praha 12, Prague, Czechia","Praha 12, Prague, Czechia",PASS,PASS,MANUAL_VERIFICATION_REQUIRED,NOT_ATTRIBUTED_BY_CURRENT_CODE,UNVERIFIED,
praha/praha-13,https://www.booking.com/searchresults.html?ss=Praha%2013%2C%20Prague%2C%20Czechia,"Praha 13, Prague, Czechia","Praha 13, Prague, Czechia",PASS,PASS,MANUAL_VERIFICATION_REQUIRED,NOT_ATTRIBUTED_BY_CURRENT_CODE,UNVERIFIED,
praha/praha-14,https://www.booking.com/searchresults.html?ss=Praha%2014%2C%20Prague%2C%20Czechia,"Praha 14, Prague, Czechia","Praha 14, Prague, Czechia",PASS,PASS,MANUAL_VERIFICATION_REQUIRED,NOT_ATTRIBUTED_BY_CURRENT_CODE,UNVERIFIED,
praha/praha-15,https://www.booking.com/searchresults.html?ss=Praha%2015%2C%20Prague%2C%20Czechia,"Praha 15, Prague, Czechia","Praha 15, Prague, Czechia",PASS,PASS,MANUAL_VERIFICATION_REQUIRED,NOT_ATTRIBUTED_BY_CURRENT_CODE,UNVERIFIED,
praha/praha-16,https://www.booking.com/searchresults.html?ss=Praha%2016%2C%20Prague%2C%20Czechia,"Praha 16, Prague, Czechia","Praha 16, Prague, Czechia",PASS,PASS,MANUAL_VERIFICATION_REQUIRED,NOT_ATTRIBUTED_BY_CURRENT_CODE,UNVERIFIED,
praha/praha-17,https://www.booking.com/searchresults.html?ss=Praha%2017%2C%20Prague%2C%20Czechia,"Praha 17, Prague, Czechia","Praha 17, Prague, Czechia",PASS,PASS,MANUAL_VERIFICATION_REQUIRED,NOT_ATTRIBUTED_BY_CURRENT_CODE,UNVERIFIED,
praha/praha-18,https://www.booking.com/searchresults.html?ss=Praha%2018%2C%20Prague%2C%20Czechia,"Praha 18, Prague, Czechia","Praha 18, Prague, Czechia",PASS,PASS,MANUAL_VERIFICATION_REQUIRED,NOT_ATTRIBUTED_BY_CURRENT_CODE,UNVERIFIED,
praha/praha-19,https://www.booking.com/searchresults.html?ss=Praha%2019%2C%20Prague%2C%20Czechia,"Praha 19, Prague, Czechia","Praha 19, Prague, Czechia",PASS,PASS,MANUAL_VERIFICATION_REQUIRED,NOT_ATTRIBUTED_BY_CURRENT_CODE,UNVERIFIED,
praha/praha-2,https://www.booking.com/searchresults.html?ss=Praha%202%2C%20Prague%2C%20Czechia,"Praha 2, Prague, Czechia","Praha 2, Prague, Czechia",PASS,PASS,MANUAL_VERIFICATION_REQUIRED,NOT_ATTRIBUTED_BY_CURRENT_CODE,UNVERIFIED,
praha/praha-20,https://www.booking.com/searchresults.html?ss=Praha%2020%2C%20Prague%2C%20Czechia,"Praha 20, Prague, Czechia","Praha 20, Prague, Czechia",PASS,PASS,MANUAL_VERIFICATION_REQUIRED,NOT_ATTRIBUTED_BY_CURRENT_CODE,UNVERIFIED,
praha/praha-21,https://www.booking.com/searchresults.html?ss=Praha%2021%2C%20Prague%2C%20Czechia,"Praha 21, Prague, Czechia","Praha 21, Prague, Czechia",PASS,PASS,MANUAL_VERIFICATION_REQUIRED,NOT_ATTRIBUTED_BY_CURRENT_CODE,UNVERIFIED,
praha/praha-22,https://www.booking.com/searchresults.html?ss=Praha%2022%2C%20Prague%2C%20Czechia,"Praha 22, Prague, Czechia","Praha 22, Prague, Czechia",PASS,PASS,MANUAL_VERIFICATION_REQUIRED,NOT_ATTRIBUTED_BY_CURRENT_CODE,UNVERIFIED,
praha/praha-3,https://www.booking.com/searchresults.html?ss=Praha%203%2C%20Prague%2C%20Czechia,"Praha 3, Prague, Czechia","Praha 3, Prague, Czechia",PASS,PASS,MANUAL_VERIFICATION_REQUIRED,NOT_ATTRIBUTED_BY_CURRENT_CODE,UNVERIFIED,
praha/praha-4,https://www.booking.com/searchresults.html?ss=Praha%204%2C%20Prague%2C%20Czechia,"Praha 4, Prague, Czechia","Praha 4, Prague, Czechia",PASS,PASS,MANUAL_VERIFICATION_REQUIRED,NOT_ATTRIBUTED_BY_CURRENT_CODE,UNVERIFIED,
praha/praha-5,https://www.booking.com/searchresults.html?ss=Praha%205%2C%20Prague%2C%20Czechia,"Praha 5, Prague, Czechia","Praha 5, Prague, Czechia",PASS,PASS,MANUAL_VERIFICATION_REQUIRED,NOT_ATTRIBUTED_BY_CURRENT_CODE,UNVERIFIED,
praha/praha-6,https://www.booking.com/searchresults.html?ss=Praha%206%2C%20Prague%2C%20Czechia,"Praha 6, Prague, Czechia","Praha 6, Prague, Czechia",PASS,PASS,MANUAL_VERIFICATION_REQUIRED,NOT_ATTRIBUTED_BY_CURRENT_CODE,UNVERIFIED,
praha/praha-7,https://www.booking.com/searchresults.html?ss=Praha%207%2C%20Prague%2C%20Czechia,"Praha 7, Prague, Czechia","Praha 7, Prague, Czechia",PASS,PASS,MANUAL_VERIFICATION_REQUIRED,NOT_ATTRIBUTED_BY_CURRENT_CODE,UNVERIFIED,
praha/praha-8,https://www.booking.com/searchresults.html?ss=Praha%208%2C%20Prague%2C%20Czechia,"Praha 8, Prague, Czechia","Praha 8, Prague, Czechia",PASS,PASS,MANUAL_VERIFICATION_REQUIRED,NOT_ATTRIBUTED_BY_CURRENT_CODE,UNVERIFIED,
praha/praha-9,https://www.booking.com/searchresults.html?ss=Praha%209%2C%20Prague%2C%20Czechia,"Praha 9, Prague, Czechia","Praha 9, Prague, Czechia",PASS,PASS,MANUAL_VERIFICATION_REQUIRED,NOT_ATTRIBUTED_BY_CURRENT_CODE,UNVERIFIED,
praha/praha-benice,https://www.booking.com/searchresults.html?ss=Praha-Benice%2C%20Prague%2C%20Czechia,"Praha-Benice, Prague, Czechia","Praha-Benice, Prague, Czechia",PASS,PASS,MANUAL_VERIFICATION_REQUIRED,NOT_ATTRIBUTED_BY_CURRENT_CODE,UNVERIFIED,
praha/praha-bechovice,https://www.booking.com/searchresults.html?ss=Praha-B%C4%9Bchovice%2C%20Prague%2C%20Czechia,"Praha-Běchovice, Prague, Czechia","Praha-Běchovice, Prague, Czechia",PASS,PASS,MANUAL_VERIFICATION_REQUIRED,NOT_ATTRIBUTED_BY_CURRENT_CODE,UNVERIFIED,
praha/praha-brezineves,https://www.booking.com/searchresults.html?ss=Praha-B%C5%99ezin%C4%9Bves%2C%20Prague%2C%20Czechia,"Praha-Březiněves, Prague, Czechia","Praha-Březiněves, Prague, Czechia",PASS,PASS,MANUAL_VERIFICATION_REQUIRED,NOT_ATTRIBUTED_BY_CURRENT_CODE,UNVERIFIED,
praha/praha-dolni-chabry,https://www.booking.com/searchresults.html?ss=Praha-Doln%C3%AD%20Chabry%2C%20Prague%2C%20Czechia,"Praha-Dolní Chabry, Prague, Czechia","Praha-Dolní Chabry, Prague, Czechia",PASS,PASS,MANUAL_VERIFICATION_REQUIRED,NOT_ATTRIBUTED_BY_CURRENT_CODE,UNVERIFIED,
praha/praha-dolni-mecholupy,https://www.booking.com/searchresults.html?ss=Praha-Doln%C3%AD%20M%C4%9Bcholupy%2C%20Prague%2C%20Czechia,"Praha-Dolní Měcholupy, Prague, Czechia","Praha-Dolní Měcholupy, Prague, Czechia",PASS,PASS,MANUAL_VERIFICATION_REQUIRED,NOT_ATTRIBUTED_BY_CURRENT_CODE,UNVERIFIED,
praha/praha-dolni-pocernice,https://www.booking.com/searchresults.html?ss=Praha-Doln%C3%AD%20Po%C4%8Dernice%2C%20Prague%2C%20Czechia,"Praha-Dolní Počernice, Prague, Czechia","Praha-Dolní Počernice, Prague, Czechia",PASS,PASS,MANUAL_VERIFICATION_REQUIRED,NOT_ATTRIBUTED_BY_CURRENT_CODE,UNVERIFIED,
praha/praha-dubec,https://www.booking.com/searchresults.html?ss=Praha-Dube%C4%8D%2C%20Prague%2C%20Czechia,"Praha-Dubeč, Prague, Czechia","Praha-Dubeč, Prague, Czechia",PASS,PASS,MANUAL_VERIFICATION_REQUIRED,NOT_ATTRIBUTED_BY_CURRENT_CODE,UNVERIFIED,
praha/praha-klanovice,https://www.booking.com/searchresults.html?ss=Praha-Kl%C3%A1novice%2C%20Prague%2C%20Czechia,"Praha-Klánovice, Prague, Czechia","Praha-Klánovice, Prague, Czechia",PASS,PASS,MANUAL_VERIFICATION_REQUIRED,NOT_ATTRIBUTED_BY_CURRENT_CODE,UNVERIFIED,
praha/praha-kolodeje,https://www.booking.com/searchresults.html?ss=Praha-Kolod%C4%9Bje%2C%20Prague%2C%20Czechia,"Praha-Koloděje, Prague, Czechia","Praha-Koloděje, Prague, Czechia",PASS,PASS,MANUAL_VERIFICATION_REQUIRED,NOT_ATTRIBUTED_BY_CURRENT_CODE,UNVERIFIED,
praha/praha-kolovraty,https://www.booking.com/searchresults.html?ss=Praha-Kolovraty%2C%20Prague%2C%20Czechia,"Praha-Kolovraty, Prague, Czechia","Praha-Kolovraty, Prague, Czechia",PASS,PASS,MANUAL_VERIFICATION_REQUIRED,NOT_ATTRIBUTED_BY_CURRENT_CODE,UNVERIFIED,
praha/praha-kralovice,https://www.booking.com/searchresults.html?ss=Praha-Kr%C3%A1lovice%2C%20Prague%2C%20Czechia,"Praha-Královice, Prague, Czechia","Praha-Královice, Prague, Czechia",PASS,PASS,MANUAL_VERIFICATION_REQUIRED,NOT_ATTRIBUTED_BY_CURRENT_CODE,UNVERIFIED,
praha/praha-kunratice,https://www.booking.com/searchresults.html?ss=Praha-Kunratice%2C%20Prague%2C%20Czechia,"Praha-Kunratice, Prague, Czechia","Praha-Kunratice, Prague, Czechia",PASS,PASS,MANUAL_VERIFICATION_REQUIRED,NOT_ATTRIBUTED_BY_CURRENT_CODE,UNVERIFIED,
praha/praha-kreslice,https://www.booking.com/searchresults.html?ss=Praha-K%C5%99eslice%2C%20Prague%2C%20Czechia,"Praha-Křeslice, Prague, Czechia","Praha-Křeslice, Prague, Czechia",PASS,PASS,MANUAL_VERIFICATION_REQUIRED,NOT_ATTRIBUTED_BY_CURRENT_CODE,UNVERIFIED,
praha/praha-libus,https://www.booking.com/searchresults.html?ss=Praha-Libu%C5%A1%2C%20Prague%2C%20Czechia,"Praha-Libuš, Prague, Czechia","Praha-Libuš, Prague, Czechia",PASS,PASS,MANUAL_VERIFICATION_REQUIRED,NOT_ATTRIBUTED_BY_CURRENT_CODE,UNVERIFIED,
praha/praha-lipence,https://www.booking.com/searchresults.html?ss=Praha-Lipence%2C%20Prague%2C%20Czechia,"Praha-Lipence, Prague, Czechia","Praha-Lipence, Prague, Czechia",PASS,PASS,MANUAL_VERIFICATION_REQUIRED,NOT_ATTRIBUTED_BY_CURRENT_CODE,UNVERIFIED,
praha/praha-lochkov,https://www.booking.com/searchresults.html?ss=Praha-Lochkov%2C%20Prague%2C%20Czechia,"Praha-Lochkov, Prague, Czechia","Praha-Lochkov, Prague, Czechia",PASS,PASS,MANUAL_VERIFICATION_REQUIRED,NOT_ATTRIBUTED_BY_CURRENT_CODE,UNVERIFIED,
praha/praha-lysolaje,https://www.booking.com/searchresults.html?ss=Praha-Lysolaje%2C%20Prague%2C%20Czechia,"Praha-Lysolaje, Prague, Czechia","Praha-Lysolaje, Prague, Czechia",PASS,PASS,MANUAL_VERIFICATION_REQUIRED,NOT_ATTRIBUTED_BY_CURRENT_CODE,UNVERIFIED,
praha/praha-nebusice,https://www.booking.com/searchresults.html?ss=Praha-Nebu%C5%A1ice%2C%20Prague%2C%20Czechia,"Praha-Nebušice, Prague, Czechia","Praha-Nebušice, Prague, Czechia",PASS,PASS,MANUAL_VERIFICATION_REQUIRED,NOT_ATTRIBUTED_BY_CURRENT_CODE,UNVERIFIED,
praha/praha-nedvezi,https://www.booking.com/searchresults.html?ss=Praha-Nedv%C4%9Bz%C3%AD%2C%20Prague%2C%20Czechia,"Praha-Nedvězí, Prague, Czechia","Praha-Nedvězí, Prague, Czechia",PASS,PASS,MANUAL_VERIFICATION_REQUIRED,NOT_ATTRIBUTED_BY_CURRENT_CODE,UNVERIFIED,
praha/praha-petrovice,https://www.booking.com/searchresults.html?ss=Praha-Petrovice%2C%20Prague%2C%20Czechia,"Praha-Petrovice, Prague, Czechia","Praha-Petrovice, Prague, Czechia",PASS,PASS,MANUAL_VERIFICATION_REQUIRED,NOT_ATTRIBUTED_BY_CURRENT_CODE,UNVERIFIED,
praha/praha-predni-kopanina,https://www.booking.com/searchresults.html?ss=Praha-P%C5%99edn%C3%AD%20Kopanina%2C%20Prague%2C%20Czechia,"Praha-Přední Kopanina, Prague, Czechia","Praha-Přední Kopanina, Prague, Czechia",PASS,PASS,MANUAL_VERIFICATION_REQUIRED,NOT_ATTRIBUTED_BY_CURRENT_CODE,UNVERIFIED,
praha/praha-satalice,https://www.booking.com/searchresults.html?ss=Praha-Satalice%2C%20Prague%2C%20Czechia,"Praha-Satalice, Prague, Czechia","Praha-Satalice, Prague, Czechia",PASS,PASS,MANUAL_VERIFICATION_REQUIRED,NOT_ATTRIBUTED_BY_CURRENT_CODE,UNVERIFIED,
praha/praha-slivenec,https://www.booking.com/searchresults.html?ss=Praha-Slivenec%2C%20Prague%2C%20Czechia,"Praha-Slivenec, Prague, Czechia","Praha-Slivenec, Prague, Czechia",PASS,PASS,MANUAL_VERIFICATION_REQUIRED,NOT_ATTRIBUTED_BY_CURRENT_CODE,UNVERIFIED,
praha/praha-suchdol,https://www.booking.com/searchresults.html?ss=Praha-Suchdol%2C%20Prague%2C%20Czechia,"Praha-Suchdol, Prague, Czechia","Praha-Suchdol, Prague, Czechia",PASS,PASS,MANUAL_VERIFICATION_REQUIRED,NOT_ATTRIBUTED_BY_CURRENT_CODE,UNVERIFIED,
praha/praha-troja,https://www.booking.com/searchresults.html?ss=Praha-Troja%2C%20Prague%2C%20Czechia,"Praha-Troja, Prague, Czechia","Praha-Troja, Prague, Czechia",PASS,PASS,MANUAL_VERIFICATION_REQUIRED,NOT_ATTRIBUTED_BY_CURRENT_CODE,UNVERIFIED,
praha/praha-velka-chuchle,https://www.booking.com/searchresults.html?ss=Praha-Velk%C3%A1%20Chuchle%2C%20Prague%2C%20Czechia,"Praha-Velká Chuchle, Prague, Czechia","Praha-Velká Chuchle, Prague, Czechia",PASS,PASS,MANUAL_VERIFICATION_REQUIRED,NOT_ATTRIBUTED_BY_CURRENT_CODE,UNVERIFIED,
praha/praha-vinor,https://www.booking.com/searchresults.html?ss=Praha-Vino%C5%99%2C%20Prague%2C%20Czechia,"Praha-Vinoř, Prague, Czechia","Praha-Vinoř, Prague, Czechia",PASS,PASS,MANUAL_VERIFICATION_REQUIRED,NOT_ATTRIBUTED_BY_CURRENT_CODE,UNVERIFIED,
praha/praha-zbraslav,https://www.booking.com/searchresults.html?ss=Praha-Zbraslav%2C%20Prague%2C%20Czechia,"Praha-Zbraslav, Prague, Czechia","Praha-Zbraslav, Prague, Czechia",PASS,PASS,MANUAL_VERIFICATION_REQUIRED,NOT_ATTRIBUTED_BY_CURRENT_CODE,UNVERIFIED,
praha/praha-zlicin,https://www.booking.com/searchresults.html?ss=Praha-Zli%C4%8D%C3%ADn%2C%20Prague%2C%20Czechia,"Praha-Zličín, Prague, Czechia","Praha-Zličín, Prague, Czechia",PASS,PASS,MANUAL_VERIFICATION_REQUIRED,NOT_ATTRIBUTED_BY_CURRENT_CODE,UNVERIFIED,
praha/praha-ujezd,https://www.booking.com/searchresults.html?ss=Praha-%C3%9Ajezd%2C%20Prague%2C%20Czechia,"Praha-Újezd, Prague, Czechia","Praha-Újezd, Prague, Czechia",PASS,PASS,MANUAL_VERIFICATION_REQUIRED,NOT_ATTRIBUTED_BY_CURRENT_CODE,UNVERIFIED,
praha/praha-cakovice,https://www.booking.com/searchresults.html?ss=Praha-%C4%8Cakovice%2C%20Prague%2C%20Czechia,"Praha-Čakovice, Prague, Czechia","Praha-Čakovice, Prague, Czechia",PASS,PASS,MANUAL_VERIFICATION_REQUIRED,NOT_ATTRIBUTED_BY_CURRENT_CODE,UNVERIFIED,
praha/praha-dablice,https://www.booking.com/searchresults.html?ss=Praha-%C4%8E%C3%A1blice%2C%20Prague%2C%20Czechia,"Praha-Ďáblice, Prague, Czechia","Praha-Ďáblice, Prague, Czechia",PASS,PASS,MANUAL_VERIFICATION_REQUIRED,NOT_ATTRIBUTED_BY_CURRENT_CODE,UNVERIFIED,
praha/praha-reporyje,https://www.booking.com/searchresults.html?ss=Praha-%C5%98eporyje%2C%20Prague%2C%20Czechia,"Praha-Řeporyje, Prague, Czechia","Praha-Řeporyje, Prague, Czechia",PASS,PASS,MANUAL_VERIFICATION_REQUIRED,NOT_ATTRIBUTED_BY_CURRENT_CODE,UNVERIFIED,
praha/praha-seberov,https://www.booking.com/searchresults.html?ss=Praha-%C5%A0eberov%2C%20Prague%2C%20Czechia,"Praha-Šeberov, Prague, Czechia","Praha-Šeberov, Prague, Czechia",PASS,PASS,MANUAL_VERIFICATION_REQUIRED,NOT_ATTRIBUTED_BY_CURRENT_CODE,UNVERIFIED,
praha/praha-sterboholy,https://www.booking.com/searchresults.html?ss=Praha-%C5%A0t%C4%9Brboholy%2C%20Prague%2C%20Czechia,"Praha-Štěrboholy, Prague, Czechia","Praha-Štěrboholy, Prague, Czechia",PASS,PASS,MANUAL_VERIFICATION_REQUIRED,NOT_ATTRIBUTED_BY_CURRENT_CODE,UNVERIFIED,
roma/acilia-nord,https://www.booking.com/searchresults.html?ss=Acilia%2C%20Italy,"Acilia, Italy","Acilia, Italy",PASS,PASS,MANUAL_VERIFICATION_REQUIRED,NOT_ATTRIBUTED_BY_CURRENT_CODE,UNVERIFIED,destination shared with 1 other zone(s)
roma/acilia-sud,https://www.booking.com/searchresults.html?ss=Acilia%2C%20Italy,"Acilia, Italy","Acilia, Italy",PASS,PASS,MANUAL_VERIFICATION_REQUIRED,NOT_ATTRIBUTED_BY_CURRENT_CODE,UNVERIFIED,destination shared with 1 other zone(s)
roma/acqua-vergine,https://www.booking.com/searchresults.html?ss=Acqua%20Vergine%2C%20Rome%2C%20Italy,"Acqua Vergine, Rome, Italy","Acqua Vergine, Rome, Italy",PASS,PASS,MANUAL_VERIFICATION_REQUIRED,NOT_ATTRIBUTED_BY_CURRENT_CODE,UNVERIFIED,
roma/acquatraversa,https://www.booking.com/searchresults.html?ss=Acquatraversa%2C%20Rome%2C%20Italy,"Acquatraversa, Rome, Italy","Acquatraversa, Rome, Italy",PASS,PASS,MANUAL_VERIFICATION_REQUIRED,NOT_ATTRIBUTED_BY_CURRENT_CODE,UNVERIFIED,
roma/aeropoprto-dell-urbe,https://www.booking.com/searchresults.html?ss=Aeroporto%20dell%27Urbe%2C%20Rome%2C%20Italy,"Aeroporto dell'Urbe, Rome, Italy","Aeroporto dell'Urbe, Rome, Italy",PASS,PASS,MANUAL_VERIFICATION_REQUIRED,NOT_ATTRIBUTED_BY_CURRENT_CODE,UNVERIFIED,
roma/alessandrina,https://www.booking.com/searchresults.html?ss=Alessandrina%2C%20Rome%2C%20Italy,"Alessandrina, Rome, Italy","Alessandrina, Rome, Italy",PASS,PASS,MANUAL_VERIFICATION_REQUIRED,NOT_ATTRIBUTED_BY_CURRENT_CODE,UNVERIFIED,
roma/appia-antica-nord,https://www.booking.com/searchresults.html?ss=Appia%20Antica%20Nord%2C%20Rome%2C%20Italy,"Appia Antica Nord, Rome, Italy","Appia Antica Nord, Rome, Italy",PASS,PASS,MANUAL_VERIFICATION_REQUIRED,NOT_ATTRIBUTED_BY_CURRENT_CODE,UNVERIFIED,
roma/appia-antica-sud,https://www.booking.com/searchresults.html?ss=Appia%20Antica%20Sud%2C%20Rome%2C%20Italy,"Appia Antica Sud, Rome, Italy","Appia Antica Sud, Rome, Italy",PASS,PASS,MANUAL_VERIFICATION_REQUIRED,NOT_ATTRIBUTED_BY_CURRENT_CODE,UNVERIFIED,
roma/appio,https://www.booking.com/searchresults.html?ss=Appio%20Latino%2C%20Rome%2C%20Italy,"Appio Latino, Rome, Italy","Appio Latino, Rome, Italy",PASS,PASS,MANUAL_VERIFICATION_REQUIRED,NOT_ATTRIBUTED_BY_CURRENT_CODE,UNVERIFIED,
roma/appio-claudio,https://www.booking.com/searchresults.html?ss=Appio-Claudio%2C%20Rome%2C%20Italy,"Appio-Claudio, Rome, Italy","Appio-Claudio, Rome, Italy",PASS,PASS,MANUAL_VERIFICATION_REQUIRED,NOT_ATTRIBUTED_BY_CURRENT_CODE,UNVERIFIED,
roma/aurelio-nord,https://www.booking.com/searchresults.html?ss=Aurelio%20Nord%2C%20Rome%2C%20Italy,"Aurelio Nord, Rome, Italy","Aurelio Nord, Rome, Italy",PASS,PASS,MANUAL_VERIFICATION_REQUIRED,NOT_ATTRIBUTED_BY_CURRENT_CODE,UNVERIFIED,
roma/aurelio-sud,https://www.booking.com/searchresults.html?ss=Aurelio%20Sud%2C%20Rome%2C%20Italy,"Aurelio Sud, Rome, Italy","Aurelio Sud, Rome, Italy",PASS,PASS,MANUAL_VERIFICATION_REQUIRED,NOT_ATTRIBUTED_BY_CURRENT_CODE,UNVERIFIED,
roma/aventino,https://www.booking.com/searchresults.html?ss=Aventino%2C%20Rome%2C%20Italy,"Aventino, Rome, Italy","Aventino, Rome, Italy",PASS,PASS,MANUAL_VERIFICATION_REQUIRED,NOT_ATTRIBUTED_BY_CURRENT_CODE,UNVERIFIED,
roma/barcaccia,https://www.booking.com/searchresults.html?ss=Barcaccia%2C%20Rome%2C%20Italy,"Barcaccia, Rome, Italy","Barcaccia, Rome, Italy",PASS,PASS,MANUAL_VERIFICATION_REQUIRED,NOT_ATTRIBUTED_BY_CURRENT_CODE,UNVERIFIED,
roma/boccea,https://www.booking.com/searchresults.html?ss=Boccea%2C%20Rome%2C%20Italy,"Boccea, Rome, Italy","Boccea, Rome, Italy",PASS,PASS,MANUAL_VERIFICATION_REQUIRED,NOT_ATTRIBUTED_BY_CURRENT_CODE,UNVERIFIED,
roma/borghesiana,https://www.booking.com/searchresults.html?ss=Borghesiana%2C%20Rome%2C%20Italy,"Borghesiana, Rome, Italy","Borghesiana, Rome, Italy",PASS,PASS,MANUAL_VERIFICATION_REQUIRED,NOT_ATTRIBUTED_BY_CURRENT_CODE,UNVERIFIED,
roma/bufalotta,https://www.booking.com/searchresults.html?ss=Bufalotta%2C%20Rome%2C%20Italy,"Bufalotta, Rome, Italy","Bufalotta, Rome, Italy",PASS,PASS,MANUAL_VERIFICATION_REQUIRED,NOT_ATTRIBUTED_BY_CURRENT_CODE,UNVERIFIED,
roma/buon-pastore,https://www.booking.com/searchresults.html?ss=Buon%20Pastore%2C%20Gianicolense%2C%20Rome%2C%20Italy,"Buon Pastore, Gianicolense, Rome, Italy","Buon Pastore, Gianicolense, Rome, Italy",PASS,PASS,MANUAL_VERIFICATION_REQUIRED,NOT_ATTRIBUTED_BY_CURRENT_CODE,UNVERIFIED,
roma/casal-bertone,https://www.booking.com/searchresults.html?ss=Casal%20Bertone%2C%20Rome%2C%20Italy,"Casal Bertone, Rome, Italy","Casal Bertone, Rome, Italy",PASS,PASS,MANUAL_VERIFICATION_REQUIRED,NOT_ATTRIBUTED_BY_CURRENT_CODE,UNVERIFIED,
roma/casal-boccone,https://www.booking.com/searchresults.html?ss=Casal%20Boccone%2C%20Rome%2C%20Italy,"Casal Boccone, Rome, Italy","Casal Boccone, Rome, Italy",PASS,PASS,MANUAL_VERIFICATION_REQUIRED,NOT_ATTRIBUTED_BY_CURRENT_CODE,UNVERIFIED,
roma/casal-bruciato,https://www.booking.com/searchresults.html?ss=Casal%20Bruciato%2C%20Rome%2C%20Italy,"Casal Bruciato, Rome, Italy","Casal Bruciato, Rome, Italy",PASS,PASS,MANUAL_VERIFICATION_REQUIRED,NOT_ATTRIBUTED_BY_CURRENT_CODE,UNVERIFIED,
roma/casal-de-pazzi,https://www.booking.com/searchresults.html?ss=Casal%20de%27%20Pazzi%2C%20Rome%2C%20Italy,"Casal de' Pazzi, Rome, Italy","Casal de' Pazzi, Rome, Italy",PASS,PASS,MANUAL_VERIFICATION_REQUIRED,NOT_ATTRIBUTED_BY_CURRENT_CODE,UNVERIFIED,
roma/casalotti-di-boccea,https://www.booking.com/searchresults.html?ss=Casalotti%2C%20Rome%2C%20Italy,"Casalotti, Rome, Italy","Casalotti, Rome, Italy",PASS,PASS,MANUAL_VERIFICATION_REQUIRED,NOT_ATTRIBUTED_BY_CURRENT_CODE,UNVERIFIED,
roma/casetta-mistica,https://www.booking.com/searchresults.html?ss=Casetta%20Mistica%2C%20Rome%2C%20Italy,"Casetta Mistica, Rome, Italy","Casetta Mistica, Rome, Italy",PASS,PASS,MANUAL_VERIFICATION_REQUIRED,NOT_ATTRIBUTED_BY_CURRENT_CODE,UNVERIFIED,
roma/casilino,https://www.booking.com/searchresults.html?ss=Casilino%2C%20Rome%2C%20Italy,"Casilino, Rome, Italy","Casilino, Rome, Italy",PASS,PASS,MANUAL_VERIFICATION_REQUIRED,NOT_ATTRIBUTED_BY_CURRENT_CODE,UNVERIFIED,
roma/castel-fusano,https://www.booking.com/searchresults.html?ss=Castel%20Fusano%2C%20Rome%2C%20Italy,"Castel Fusano, Rome, Italy","Castel Fusano, Rome, Italy",PASS,PASS,MANUAL_VERIFICATION_REQUIRED,NOT_ATTRIBUTED_BY_CURRENT_CODE,UNVERIFIED,
roma/castel-porziano,https://www.booking.com/searchresults.html?ss=Castel%20Porziano%2C%20Rome%2C%20Italy,"Castel Porziano, Rome, Italy","Castel Porziano, Rome, Italy",PASS,PASS,MANUAL_VERIFICATION_REQUIRED,NOT_ATTRIBUTED_BY_CURRENT_CODE,UNVERIFIED,
roma/castel-romano,https://www.booking.com/searchresults.html?ss=Castel%20Romano%2C%20Rome%2C%20Italy,"Castel Romano, Rome, Italy","Castel Romano, Rome, Italy",PASS,PASS,MANUAL_VERIFICATION_REQUIRED,NOT_ATTRIBUTED_BY_CURRENT_CODE,UNVERIFIED,
roma/castelluccia,https://www.booking.com/searchresults.html?ss=Castelluccia%2C%20Rome%2C%20Italy,"Castelluccia, Rome, Italy","Castelluccia, Rome, Italy",PASS,PASS,MANUAL_VERIFICATION_REQUIRED,NOT_ATTRIBUTED_BY_CURRENT_CODE,UNVERIFIED,
roma/cecchignola,https://www.booking.com/searchresults.html?ss=Cecchignola%2C%20Rome%2C%20Italy,"Cecchignola, Rome, Italy","Cecchignola, Rome, Italy",PASS,PASS,MANUAL_VERIFICATION_REQUIRED,NOT_ATTRIBUTED_BY_CURRENT_CODE,UNVERIFIED,
roma/celio,https://www.booking.com/searchresults.html?ss=Celio%2C%20Rome%2C%20Italy,"Celio, Rome, Italy","Celio, Rome, Italy",PASS,PASS,MANUAL_VERIFICATION_REQUIRED,NOT_ATTRIBUTED_BY_CURRENT_CODE,UNVERIFIED,
roma/centocelle,https://www.booking.com/searchresults.html?ss=Centocelle%2C%20Rome%2C%20Italy,"Centocelle, Rome, Italy","Centocelle, Rome, Italy",PASS,PASS,MANUAL_VERIFICATION_REQUIRED,NOT_ATTRIBUTED_BY_CURRENT_CODE,UNVERIFIED,
roma/centro-direzionale-centocelle,https://www.booking.com/searchresults.html?ss=Centro%20Direzionale%20Centocelle%2C%20Rome%2C%20Italy,"Centro Direzionale Centocelle, Rome, Italy","Centro Direzionale Centocelle, Rome, Italy",PASS,PASS,MANUAL_VERIFICATION_REQUIRED,NOT_ATTRIBUTED_BY_CURRENT_CODE,UNVERIFIED,
roma/centro-storico,https://www.booking.com/searchresults.html?ss=Centro%20Storico%2C%20Rome%2C%20Italy,"Centro Storico, Rome, Italy","Centro Storico, Rome, Italy",PASS,PASS,MANUAL_VERIFICATION_REQUIRED,NOT_ATTRIBUTED_BY_CURRENT_CODE,UNVERIFIED,
roma/cesano,https://www.booking.com/searchresults.html?ss=Cesano%2C%20Rome%2C%20Italy,"Cesano, Rome, Italy","Cesano, Rome, Italy",PASS,PASS,MANUAL_VERIFICATION_REQUIRED,NOT_ATTRIBUTED_BY_CURRENT_CODE,UNVERIFIED,
roma/ciampino,https://www.booking.com/searchresults.html?ss=Ciampino%2C%20Italy,"Ciampino, Italy","Ciampino, Italy",PASS,PASS,MANUAL_VERIFICATION_REQUIRED,NOT_ATTRIBUTED_BY_CURRENT_CODE,UNVERIFIED,
roma/colli-portuensi,https://www.booking.com/searchresults.html?ss=Colli%20Portuensi%2C%20Rome%2C%20Italy,"Colli Portuensi, Rome, Italy","Colli Portuensi, Rome, Italy",PASS,PASS,MANUAL_VERIFICATION_REQUIRED,NOT_ATTRIBUTED_BY_CURRENT_CODE,UNVERIFIED,
roma/conca-d-oro,https://www.booking.com/searchresults.html?ss=Conca%20d%27Oro%2C%20Rome%2C%20Italy,"Conca d'Oro, Rome, Italy","Conca d'Oro, Rome, Italy",PASS,PASS,MANUAL_VERIFICATION_REQUIRED,NOT_ATTRIBUTED_BY_CURRENT_CODE,UNVERIFIED,
roma/corviale,https://www.booking.com/searchresults.html?ss=Corviale%2C%20Rome%2C%20Italy,"Corviale, Rome, Italy","Corviale, Rome, Italy",PASS,PASS,MANUAL_VERIFICATION_REQUIRED,NOT_ATTRIBUTED_BY_CURRENT_CODE,UNVERIFIED,
roma/decima,https://www.booking.com/searchresults.html?ss=Decima%2C%20Rome%2C%20Italy,"Decima, Rome, Italy","Decima, Rome, Italy",PASS,PASS,MANUAL_VERIFICATION_REQUIRED,NOT_ATTRIBUTED_BY_CURRENT_CODE,UNVERIFIED,
roma/della-vittoria,https://www.booking.com/searchresults.html?ss=Della%20Vittoria%2C%20Rome%2C%20Italy,"Della Vittoria, Rome, Italy","Della Vittoria, Rome, Italy",PASS,PASS,MANUAL_VERIFICATION_REQUIRED,NOT_ATTRIBUTED_BY_CURRENT_CODE,UNVERIFIED,
roma/don-bosco,https://www.booking.com/searchresults.html?ss=Don%20Bosco%2C%20Rome%2C%20Italy,"Don Bosco, Rome, Italy","Don Bosco, Rome, Italy",PASS,PASS,MANUAL_VERIFICATION_REQUIRED,NOT_ATTRIBUTED_BY_CURRENT_CODE,UNVERIFIED,
roma/eroi,https://www.booking.com/searchresults.html?ss=Eroi%2C%20Rome%2C%20Italy,"Eroi, Rome, Italy","Eroi, Rome, Italy",PASS,PASS,MANUAL_VERIFICATION_REQUIRED,NOT_ATTRIBUTED_BY_CURRENT_CODE,UNVERIFIED,
roma/esquilino,https://www.booking.com/searchresults.html?ss=Esquilino%2C%20Rome%2C%20Italy,"Esquilino, Rome, Italy","Esquilino, Rome, Italy",PASS,PASS,MANUAL_VERIFICATION_REQUIRED,NOT_ATTRIBUTED_BY_CURRENT_CODE,UNVERIFIED,
roma/eur,https://www.booking.com/searchresults.html?ss=EUR%2C%20Rome%2C%20Italy,"EUR, Rome, Italy","EUR, Rome, Italy",PASS,PASS,MANUAL_VERIFICATION_REQUIRED,NOT_ATTRIBUTED_BY_CURRENT_CODE,UNVERIFIED,
roma/farnesina,https://www.booking.com/searchresults.html?ss=Farnesina%2C%20Rome%2C%20Italy,"Farnesina, Rome, Italy","Farnesina, Rome, Italy",PASS,PASS,MANUAL_VERIFICATION_REQUIRED,NOT_ATTRIBUTED_BY_CURRENT_CODE,UNVERIFIED,
roma/fidene,https://www.booking.com/searchresults.html?ss=Fidene%2C%20Rome%2C%20Italy,"Fidene, Rome, Italy","Fidene, Rome, Italy",PASS,PASS,MANUAL_VERIFICATION_REQUIRED,NOT_ATTRIBUTED_BY_CURRENT_CODE,UNVERIFIED,
roma/flaminio,https://www.booking.com/searchresults.html?ss=Flaminio%2C%20Rome%2C%20Italy,"Flaminio, Rome, Italy","Flaminio, Rome, Italy",PASS,PASS,MANUAL_VERIFICATION_REQUIRED,NOT_ATTRIBUTED_BY_CURRENT_CODE,UNVERIFIED,
roma/fogaccia,https://www.booking.com/searchresults.html?ss=Fogaccia%2C%20Rome%2C%20Italy,"Fogaccia, Rome, Italy","Fogaccia, Rome, Italy",PASS,PASS,MANUAL_VERIFICATION_REQUIRED,NOT_ATTRIBUTED_BY_CURRENT_CODE,UNVERIFIED,
roma/foro-italico,https://www.booking.com/searchresults.html?ss=Foro%20Italico%2C%20Rome%2C%20Italy,"Foro Italico, Rome, Italy","Foro Italico, Rome, Italy",PASS,PASS,MANUAL_VERIFICATION_REQUIRED,NOT_ATTRIBUTED_BY_CURRENT_CODE,UNVERIFIED,
roma/garbatella,https://www.booking.com/searchresults.html?ss=Garbatella%2C%20Rome%2C%20Italy,"Garbatella, Rome, Italy","Garbatella, Rome, Italy",PASS,PASS,MANUAL_VERIFICATION_REQUIRED,NOT_ATTRIBUTED_BY_CURRENT_CODE,UNVERIFIED,
roma/gianicolense,https://www.booking.com/searchresults.html?ss=Circonvallazione%20Gianicolense%2C%20Rome%2C%20Italy,"Circonvallazione Gianicolense, Rome, Italy","Circonvallazione Gianicolense, Rome, Italy",PASS,PASS,MANUAL_VERIFICATION_REQUIRED,NOT_ATTRIBUTED_BY_CURRENT_CODE,UNVERIFIED,
roma/giardinetti-tor-vergata,https://www.booking.com/searchresults.html?ss=Tor%20Vergata%2C%20Rome%2C%20Italy,"Tor Vergata, Rome, Italy","Tor Vergata, Rome, Italy",PASS,PASS,MANUAL_VERIFICATION_REQUIRED,NOT_ATTRIBUTED_BY_CURRENT_CODE,UNVERIFIED,
roma/giustiniana,https://www.booking.com/searchresults.html?ss=Giustiniana%2C%20Rome%2C%20Italy,"Giustiniana, Rome, Italy","Giustiniana, Rome, Italy",PASS,PASS,MANUAL_VERIFICATION_REQUIRED,NOT_ATTRIBUTED_BY_CURRENT_CODE,UNVERIFIED,
roma/gordiani,https://www.booking.com/searchresults.html?ss=Gordiani%2C%20Rome%2C%20Italy,"Gordiani, Rome, Italy","Gordiani, Rome, Italy",PASS,PASS,MANUAL_VERIFICATION_REQUIRED,NOT_ATTRIBUTED_BY_CURRENT_CODE,UNVERIFIED,
roma/gregna,https://www.booking.com/searchresults.html?ss=Torre%20Gaia%2C%20Rome%2C%20Italy,"Torre Gaia, Rome, Italy","Torre Gaia, Rome, Italy",PASS,PASS,MANUAL_VERIFICATION_REQUIRED,NOT_ATTRIBUTED_BY_CURRENT_CODE,UNVERIFIED,
roma/grottaperfetta,https://www.booking.com/searchresults.html?ss=Grottaperfetta%2C%20Rome%2C%20Italy,"Grottaperfetta, Rome, Italy","Grottaperfetta, Rome, Italy",PASS,PASS,MANUAL_VERIFICATION_REQUIRED,NOT_ATTRIBUTED_BY_CURRENT_CODE,UNVERIFIED,
roma/grottarossa-est,https://www.booking.com/searchresults.html?ss=Grottarossa%20Est%2C%20Rome%2C%20Italy,"Grottarossa Est, Rome, Italy","Grottarossa Est, Rome, Italy",PASS,PASS,MANUAL_VERIFICATION_REQUIRED,NOT_ATTRIBUTED_BY_CURRENT_CODE,UNVERIFIED,
roma/grottarossa-ovest,https://www.booking.com/searchresults.html?ss=Grottarossa%20Ovest%2C%20Rome%2C%20Italy,"Grottarossa Ovest, Rome, Italy","Grottarossa Ovest, Rome, Italy",PASS,PASS,MANUAL_VERIFICATION_REQUIRED,NOT_ATTRIBUTED_BY_CURRENT_CODE,UNVERIFIED,
roma/infernetto,https://www.booking.com/searchresults.html?ss=Infernetto%2C%20Rome%2C%20Italy,"Infernetto, Rome, Italy","Infernetto, Rome, Italy",PASS,PASS,MANUAL_VERIFICATION_REQUIRED,NOT_ATTRIBUTED_BY_CURRENT_CODE,UNVERIFIED,
roma/la-rustica,https://www.booking.com/searchresults.html?ss=La%20Rustica%2C%20Rome%2C%20Italy,"La Rustica, Rome, Italy","La Rustica, Rome, Italy",PASS,PASS,MANUAL_VERIFICATION_REQUIRED,NOT_ATTRIBUTED_BY_CURRENT_CODE,UNVERIFIED,
roma/la-storta,https://www.booking.com/searchresults.html?ss=La%20Storta%2C%20Rome%2C%20Italy,"La Storta, Rome, Italy","La Storta, Rome, Italy",PASS,PASS,MANUAL_VERIFICATION_REQUIRED,NOT_ATTRIBUTED_BY_CURRENT_CODE,UNVERIFIED,
roma/labaro,https://www.booking.com/searchresults.html?ss=Labaro%2C%20Rome%2C%20Italy,"Labaro, Rome, Italy","Labaro, Rome, Italy",PASS,PASS,MANUAL_VERIFICATION_REQUIRED,NOT_ATTRIBUTED_BY_CURRENT_CODE,UNVERIFIED,
roma/latino,https://www.booking.com/searchresults.html?ss=Via%20Latina%2C%20Rome%2C%20Italy,"Via Latina, Rome, Italy","Via Latina, Rome, Italy",PASS,PASS,MANUAL_VERIFICATION_REQUIRED,NOT_ATTRIBUTED_BY_CURRENT_CODE,UNVERIFIED,
roma/laurentino,https://www.booking.com/searchresults.html?ss=Laurentino%2C%20Rome%2C%20Italy,"Laurentino, Rome, Italy","Laurentino, Rome, Italy",PASS,PASS,MANUAL_VERIFICATION_REQUIRED,NOT_ATTRIBUTED_BY_CURRENT_CODE,UNVERIFIED,
roma/lucrezia-romana,https://www.booking.com/searchresults.html?ss=Lucrezia%20Romana%2C%20Rome%2C%20Italy,"Lucrezia Romana, Rome, Italy","Lucrezia Romana, Rome, Italy",PASS,PASS,MANUAL_VERIFICATION_REQUIRED,NOT_ATTRIBUTED_BY_CURRENT_CODE,UNVERIFIED,
roma/lunghezza,https://www.booking.com/searchresults.html?ss=Lunghezza%2C%20Rome%2C%20Italy,"Lunghezza, Rome, Italy","Lunghezza, Rome, Italy",PASS,PASS,MANUAL_VERIFICATION_REQUIRED,NOT_ATTRIBUTED_BY_CURRENT_CODE,UNVERIFIED,
roma/magliana,https://www.booking.com/searchresults.html?ss=Magliana%2C%20Rome%2C%20Italy,"Magliana, Rome, Italy","Magliana, Rome, Italy",PASS,PASS,MANUAL_VERIFICATION_REQUIRED,NOT_ATTRIBUTED_BY_CURRENT_CODE,UNVERIFIED,
roma/malafede,https://www.booking.com/searchresults.html?ss=Malafede%2C%20Rome%2C%20Italy,"Malafede, Rome, Italy","Malafede, Rome, Italy",PASS,PASS,MANUAL_VERIFICATION_REQUIRED,NOT_ATTRIBUTED_BY_CURRENT_CODE,UNVERIFIED,
roma/marconi,https://www.booking.com/searchresults.html?ss=Marconi%2C%20Rome%2C%20Italy,"Marconi, Rome, Italy","Marconi, Rome, Italy",PASS,PASS,MANUAL_VERIFICATION_REQUIRED,NOT_ATTRIBUTED_BY_CURRENT_CODE,UNVERIFIED,
roma/martignano,https://www.booking.com/searchresults.html?ss=Martignano%2C%20Rome%2C%20Italy,"Martignano, Rome, Italy","Martignano, Rome, Italy",PASS,PASS,MANUAL_VERIFICATION_REQUIRED,NOT_ATTRIBUTED_BY_CURRENT_CODE,UNVERIFIED,
roma/massimina,https://www.booking.com/searchresults.html?ss=Massimina%2C%20Rome%2C%20Italy,"Massimina, Rome, Italy","Massimina, Rome, Italy",PASS,PASS,MANUAL_VERIFICATION_REQUIRED,NOT_ATTRIBUTED_BY_CURRENT_CODE,UNVERIFIED,
roma/medaglie-d-oro,https://www.booking.com/searchresults.html?ss=Medaglie%20d%27Oro%2C%20Rome%2C%20Italy,"Medaglie d'Oro, Rome, Italy","Medaglie d'Oro, Rome, Italy",PASS,PASS,MANUAL_VERIFICATION_REQUIRED,NOT_ATTRIBUTED_BY_CURRENT_CODE,UNVERIFIED,
roma/mezzocammino,https://www.booking.com/searchresults.html?ss=Mezzocammino%2C%20Rome%2C%20Italy,"Mezzocammino, Rome, Italy","Mezzocammino, Rome, Italy",PASS,PASS,MANUAL_VERIFICATION_REQUIRED,NOT_ATTRIBUTED_BY_CURRENT_CODE,UNVERIFIED,
roma/monte-sacro,https://www.booking.com/searchresults.html?ss=Monte%20Sacro%2C%20Rome%2C%20Italy,"Monte Sacro, Rome, Italy","Monte Sacro, Rome, Italy",PASS,PASS,MANUAL_VERIFICATION_REQUIRED,NOT_ATTRIBUTED_BY_CURRENT_CODE,UNVERIFIED,
roma/monte-sacro-alto,https://www.booking.com/searchresults.html?ss=Monte%20Sacro%20Alto%2C%20Rome%2C%20Italy,"Monte Sacro Alto, Rome, Italy","Monte Sacro Alto, Rome, Italy",PASS,PASS,MANUAL_VERIFICATION_REQUIRED,NOT_ATTRIBUTED_BY_CURRENT_CODE,UNVERIFIED,
roma/morena,https://www.booking.com/searchresults.html?ss=Morena%2C%20Rome%2C%20Italy,"Morena, Rome, Italy","Morena, Rome, Italy",PASS,PASS,MANUAL_VERIFICATION_REQUIRED,NOT_ATTRIBUTED_BY_CURRENT_CODE,UNVERIFIED,
roma/navigatori,https://www.booking.com/searchresults.html?ss=Navigatori%2C%20Rome%2C%20Italy,"Navigatori, Rome, Italy","Navigatori, Rome, Italy",PASS,PASS,MANUAL_VERIFICATION_REQUIRED,NOT_ATTRIBUTED_BY_CURRENT_CODE,UNVERIFIED,
roma/nomentano,https://www.booking.com/searchresults.html?ss=Nomentano%2C%20Rome%2C%20Italy,"Nomentano, Rome, Italy","Nomentano, Rome, Italy",PASS,PASS,MANUAL_VERIFICATION_REQUIRED,NOT_ATTRIBUTED_BY_CURRENT_CODE,UNVERIFIED,
roma/omo,https://www.booking.com/searchresults.html?ss=Omo%2C%20Rome%2C%20Italy,"Omo, Rome, Italy","Omo, Rome, Italy",PASS,PASS,MANUAL_VERIFICATION_REQUIRED,NOT_ATTRIBUTED_BY_CURRENT_CODE,UNVERIFIED,
roma/osteria-del-curato,https://www.booking.com/searchresults.html?ss=Osteria%20del%20Curato%2C%20Rome%2C%20Italy,"Osteria del Curato, Rome, Italy","Osteria del Curato, Rome, Italy",PASS,PASS,MANUAL_VERIFICATION_REQUIRED,NOT_ATTRIBUTED_BY_CURRENT_CODE,UNVERIFIED,
roma/ostia-antica,https://www.booking.com/searchresults.html?ss=Ostia%20Antica%2C%20Rome%2C%20Italy,"Ostia Antica, Rome, Italy","Ostia Antica, Rome, Italy",PASS,PASS,MANUAL_VERIFICATION_REQUIRED,NOT_ATTRIBUTED_BY_CURRENT_CODE,UNVERIFIED,
roma/ostia-nord,https://www.booking.com/searchresults.html?ss=Lido%20di%20Ostia%2C%20Italy,"Lido di Ostia, Italy","Lido di Ostia, Italy",PASS,PASS,MANUAL_VERIFICATION_REQUIRED,NOT_ATTRIBUTED_BY_CURRENT_CODE,UNVERIFIED,destination shared with 1 other zone(s)
roma/ostia-sud,https://www.booking.com/searchresults.html?ss=Lido%20di%20Ostia%2C%20Italy,"Lido di Ostia, Italy","Lido di Ostia, Italy",PASS,PASS,MANUAL_VERIFICATION_REQUIRED,NOT_ATTRIBUTED_BY_CURRENT_CODE,UNVERIFIED,destination shared with 1 other zone(s)
roma/ostiense,https://www.booking.com/searchresults.html?ss=Ostiense%2C%20Rome%2C%20Italy,"Ostiense, Rome, Italy","Ostiense, Rome, Italy",PASS,PASS,MANUAL_VERIFICATION_REQUIRED,NOT_ATTRIBUTED_BY_CURRENT_CODE,UNVERIFIED,
roma/ottavia,https://www.booking.com/searchresults.html?ss=Ottavia%2C%20Rome%2C%20Italy,"Ottavia, Rome, Italy","Ottavia, Rome, Italy",PASS,PASS,MANUAL_VERIFICATION_REQUIRED,NOT_ATTRIBUTED_BY_CURRENT_CODE,UNVERIFIED,
roma/palocco,https://www.booking.com/searchresults.html?ss=Casal%20Palocco%2C%20Rome%2C%20Italy,"Casal Palocco, Rome, Italy","Casal Palocco, Rome, Italy",PASS,PASS,MANUAL_VERIFICATION_REQUIRED,NOT_ATTRIBUTED_BY_CURRENT_CODE,UNVERIFIED,
roma/pantano-di-grano,https://www.booking.com/searchresults.html?ss=Pantano%20di%20Grano%2C%20Rome%2C%20Italy,"Pantano di Grano, Rome, Italy","Pantano di Grano, Rome, Italy",PASS,PASS,MANUAL_VERIFICATION_REQUIRED,NOT_ATTRIBUTED_BY_CURRENT_CODE,UNVERIFIED,
roma/parioli,https://www.booking.com/searchresults.html?ss=Parioli%2C%20Rome%2C%20Italy,"Parioli, Rome, Italy","Parioli, Rome, Italy",PASS,PASS,MANUAL_VERIFICATION_REQUIRED,NOT_ATTRIBUTED_BY_CURRENT_CODE,UNVERIFIED,
roma/pian-due-torri,https://www.booking.com/searchresults.html?ss=Pian%20Due%20Torri%2C%20Rome%2C%20Italy,"Pian Due Torri, Rome, Italy","Pian Due Torri, Rome, Italy",PASS,PASS,MANUAL_VERIFICATION_REQUIRED,NOT_ATTRIBUTED_BY_CURRENT_CODE,UNVERIFIED,
roma/pietralata,https://www.booking.com/searchresults.html?ss=Pietralata%2C%20Rome%2C%20Italy,"Pietralata, Rome, Italy","Pietralata, Rome, Italy",PASS,PASS,MANUAL_VERIFICATION_REQUIRED,NOT_ATTRIBUTED_BY_CURRENT_CODE,UNVERIFIED,
roma/pignatelli,https://www.booking.com/searchresults.html?ss=Appio-Pignatelli%2C%20Rome%2C%20Italy,"Appio-Pignatelli, Rome, Italy","Appio-Pignatelli, Rome, Italy",PASS,PASS,MANUAL_VERIFICATION_REQUIRED,NOT_ATTRIBUTED_BY_CURRENT_CODE,UNVERIFIED,
roma/pineto,https://www.booking.com/searchresults.html?ss=Parco%20di%20Pineto%2C%20Rome%2C%20Italy,"Parco di Pineto, Rome, Italy","Parco di Pineto, Rome, Italy",PASS,PASS,MANUAL_VERIFICATION_REQUIRED,NOT_ATTRIBUTED_BY_CURRENT_CODE,UNVERIFIED,
roma/pisana,https://www.booking.com/searchresults.html?ss=La%20Pisana%2C%20Rome%2C%20Italy,"La Pisana, Rome, Italy","La Pisana, Rome, Italy",PASS,PASS,MANUAL_VERIFICATION_REQUIRED,NOT_ATTRIBUTED_BY_CURRENT_CODE,UNVERIFIED,
roma/ponte-galeria,https://www.booking.com/searchresults.html?ss=Ponte%20Galeria%2C%20Rome%2C%20Italy,"Ponte Galeria, Rome, Italy","Ponte Galeria, Rome, Italy",PASS,PASS,MANUAL_VERIFICATION_REQUIRED,NOT_ATTRIBUTED_BY_CURRENT_CODE,UNVERIFIED,
roma/porta-medaglia,https://www.booking.com/searchresults.html?ss=Porta%20Medaglia%2C%20Rome%2C%20Italy,"Porta Medaglia, Rome, Italy","Porta Medaglia, Rome, Italy",PASS,PASS,MANUAL_VERIFICATION_REQUIRED,NOT_ATTRIBUTED_BY_CURRENT_CODE,UNVERIFIED,
roma/portuense,https://www.booking.com/searchresults.html?ss=Portuense%2C%20Rome%2C%20Italy,"Portuense, Rome, Italy","Portuense, Rome, Italy",PASS,PASS,MANUAL_VERIFICATION_REQUIRED,NOT_ATTRIBUTED_BY_CURRENT_CODE,UNVERIFIED,
roma/prati,https://www.booking.com/searchresults.html?ss=Prati%2C%20Rome%2C%20Italy,"Prati, Rome, Italy","Prati, Rome, Italy",PASS,PASS,MANUAL_VERIFICATION_REQUIRED,NOT_ATTRIBUTED_BY_CURRENT_CODE,UNVERIFIED,
roma/prima-porta,https://www.booking.com/searchresults.html?ss=Prima%20Porta%2C%20Rome%2C%20Italy,"Prima Porta, Rome, Italy","Prima Porta, Rome, Italy",PASS,PASS,MANUAL_VERIFICATION_REQUIRED,NOT_ATTRIBUTED_BY_CURRENT_CODE,UNVERIFIED,
roma/primavalle,https://www.booking.com/searchresults.html?ss=Primavalle%2C%20Rome%2C%20Italy,"Primavalle, Rome, Italy","Primavalle, Rome, Italy",PASS,PASS,MANUAL_VERIFICATION_REQUIRED,NOT_ATTRIBUTED_BY_CURRENT_CODE,UNVERIFIED,
roma/quadraro,https://www.booking.com/searchresults.html?ss=Quadraro%2C%20Rome%2C%20Italy,"Quadraro, Rome, Italy","Quadraro, Rome, Italy",PASS,PASS,MANUAL_VERIFICATION_REQUIRED,NOT_ATTRIBUTED_BY_CURRENT_CODE,UNVERIFIED,
roma/quarto-miglio,https://www.booking.com/searchresults.html?ss=Quarto%20Miglio%2C%20Rome%2C%20Italy,"Quarto Miglio, Rome, Italy","Quarto Miglio, Rome, Italy",PASS,PASS,MANUAL_VERIFICATION_REQUIRED,NOT_ATTRIBUTED_BY_CURRENT_CODE,UNVERIFIED,
roma/romanina,https://www.booking.com/searchresults.html?ss=Romanina%2C%20Rome%2C%20Italy,"Romanina, Rome, Italy","Romanina, Rome, Italy",PASS,PASS,MANUAL_VERIFICATION_REQUIRED,NOT_ATTRIBUTED_BY_CURRENT_CODE,UNVERIFIED,
roma/s-alessandro,https://www.booking.com/searchresults.html?ss=Sant%27Alessandro%2C%20Rome%2C%20Italy,"Sant'Alessandro, Rome, Italy","Sant'Alessandro, Rome, Italy",PASS,PASS,MANUAL_VERIFICATION_REQUIRED,NOT_ATTRIBUTED_BY_CURRENT_CODE,UNVERIFIED,
roma/s-basilio,https://www.booking.com/searchresults.html?ss=San%20Basilio%2C%20Rome%2C%20Italy,"San Basilio, Rome, Italy","San Basilio, Rome, Italy",PASS,PASS,MANUAL_VERIFICATION_REQUIRED,NOT_ATTRIBUTED_BY_CURRENT_CODE,UNVERIFIED,
roma/s-cornelia,https://www.booking.com/searchresults.html?ss=Santa%20Cornelia%2C%20Rome%2C%20Italy,"Santa Cornelia, Rome, Italy","Santa Cornelia, Rome, Italy",PASS,PASS,MANUAL_VERIFICATION_REQUIRED,NOT_ATTRIBUTED_BY_CURRENT_CODE,UNVERIFIED,
roma/s-lorenzo,https://www.booking.com/searchresults.html?ss=San%20Lorenzo%2C%20Rome%2C%20Italy,"San Lorenzo, Rome, Italy","San Lorenzo, Rome, Italy",PASS,PASS,MANUAL_VERIFICATION_REQUIRED,NOT_ATTRIBUTED_BY_CURRENT_CODE,UNVERIFIED,
roma/s-maria-della-pieta,https://www.booking.com/searchresults.html?ss=Santa%20Maria%20della%20Piet%C3%A0%2C%20Rome%2C%20Italy,"Santa Maria della Pietà, Rome, Italy","Santa Maria della Pietà, Rome, Italy",PASS,PASS,MANUAL_VERIFICATION_REQUIRED,NOT_ATTRIBUTED_BY_CURRENT_CODE,UNVERIFIED,
roma/s-maria-di-galeria,https://www.booking.com/searchresults.html?ss=Santa%20Maria%20di%20Galeria%2C%20Rome%2C%20Italy,"Santa Maria di Galeria, Rome, Italy","Santa Maria di Galeria, Rome, Italy",PASS,PASS,MANUAL_VERIFICATION_REQUIRED,NOT_ATTRIBUTED_BY_CURRENT_CODE,UNVERIFIED,
roma/s-vittorino,https://www.booking.com/searchresults.html?ss=San%20Vittorino%2C%20Rome%2C%20Italy,"San Vittorino, Rome, Italy","San Vittorino, Rome, Italy",PASS,PASS,MANUAL_VERIFICATION_REQUIRED,NOT_ATTRIBUTED_BY_CURRENT_CODE,UNVERIFIED,
roma/sacco-pastore,https://www.booking.com/searchresults.html?ss=Sacco%20Pastore%2C%20Rome%2C%20Italy,"Sacco Pastore, Rome, Italy","Sacco Pastore, Rome, Italy",PASS,PASS,MANUAL_VERIFICATION_REQUIRED,NOT_ATTRIBUTED_BY_CURRENT_CODE,UNVERIFIED,
roma/salario,https://www.booking.com/searchresults.html?ss=Salario%2C%20Rome%2C%20Italy,"Salario, Rome, Italy","Salario, Rome, Italy",PASS,PASS,MANUAL_VERIFICATION_REQUIRED,NOT_ATTRIBUTED_BY_CURRENT_CODE,UNVERIFIED,
roma/santa-palomba,https://www.booking.com/searchresults.html?ss=Santa%20Palomba%2C%20Rome%2C%20Italy,"Santa Palomba, Rome, Italy","Santa Palomba, Rome, Italy",PASS,PASS,MANUAL_VERIFICATION_REQUIRED,NOT_ATTRIBUTED_BY_CURRENT_CODE,UNVERIFIED,
roma/serpentara,https://www.booking.com/searchresults.html?ss=Serpentara%2C%20Rome%2C%20Italy,"Serpentara, Rome, Italy","Serpentara, Rome, Italy",PASS,PASS,MANUAL_VERIFICATION_REQUIRED,NOT_ATTRIBUTED_BY_CURRENT_CODE,UNVERIFIED,
roma/settebagni,https://www.booking.com/searchresults.html?ss=Settebagni%2C%20Rome%2C%20Italy,"Settebagni, Rome, Italy","Settebagni, Rome, Italy",PASS,PASS,MANUAL_VERIFICATION_REQUIRED,NOT_ATTRIBUTED_BY_CURRENT_CODE,UNVERIFIED,
roma/settecamini,https://www.booking.com/searchresults.html?ss=Settecamini%2C%20Rome%2C%20Italy,"Settecamini, Rome, Italy","Settecamini, Rome, Italy",PASS,PASS,MANUAL_VERIFICATION_REQUIRED,NOT_ATTRIBUTED_BY_CURRENT_CODE,UNVERIFIED,
roma/spinaceto,https://www.booking.com/searchresults.html?ss=Spinaceto%2C%20Rome%2C%20Italy,"Spinaceto, Rome, Italy","Spinaceto, Rome, Italy",PASS,PASS,MANUAL_VERIFICATION_REQUIRED,NOT_ATTRIBUTED_BY_CURRENT_CODE,UNVERIFIED,
roma/testaccio,https://www.booking.com/searchresults.html?ss=Testaccio%2C%20Rome%2C%20Italy,"Testaccio, Rome, Italy","Testaccio, Rome, Italy",PASS,PASS,MANUAL_VERIFICATION_REQUIRED,NOT_ATTRIBUTED_BY_CURRENT_CODE,UNVERIFIED,
roma/tiburtino-nord,https://www.booking.com/searchresults.html?ss=Tiburtino%20Nord%2C%20Rome%2C%20Italy,"Tiburtino Nord, Rome, Italy","Tiburtino Nord, Rome, Italy",PASS,PASS,MANUAL_VERIFICATION_REQUIRED,NOT_ATTRIBUTED_BY_CURRENT_CODE,UNVERIFIED,
roma/tiburtino-sud,https://www.booking.com/searchresults.html?ss=Tiburtino%20Sud%2C%20Rome%2C%20Italy,"Tiburtino Sud, Rome, Italy","Tiburtino Sud, Rome, Italy",PASS,PASS,MANUAL_VERIFICATION_REQUIRED,NOT_ATTRIBUTED_BY_CURRENT_CODE,UNVERIFIED,
roma/tomba-di-nerone,https://www.booking.com/searchresults.html?ss=Tomba%20di%20Nerone%2C%20Rome%2C%20Italy,"Tomba di Nerone, Rome, Italy","Tomba di Nerone, Rome, Italy",PASS,PASS,MANUAL_VERIFICATION_REQUIRED,NOT_ATTRIBUTED_BY_CURRENT_CODE,UNVERIFIED,
roma/tor-cervara,https://www.booking.com/searchresults.html?ss=Tor%20Cervara%2C%20Rome%2C%20Italy,"Tor Cervara, Rome, Italy","Tor Cervara, Rome, Italy",PASS,PASS,MANUAL_VERIFICATION_REQUIRED,NOT_ATTRIBUTED_BY_CURRENT_CODE,UNVERIFIED,
roma/tor-fiscale,https://www.booking.com/searchresults.html?ss=Tor%20Fiscale%2C%20Rome%2C%20Italy,"Tor Fiscale, Rome, Italy","Tor Fiscale, Rome, Italy",PASS,PASS,MANUAL_VERIFICATION_REQUIRED,NOT_ATTRIBUTED_BY_CURRENT_CODE,UNVERIFIED,
roma/tor-s-giovanni,https://www.booking.com/searchresults.html?ss=Tor%20San%20Giovanni%2C%20Rome%2C%20Italy,"Tor San Giovanni, Rome, Italy","Tor San Giovanni, Rome, Italy",PASS,PASS,MANUAL_VERIFICATION_REQUIRED,NOT_ATTRIBUTED_BY_CURRENT_CODE,UNVERIFIED,
roma/tor-sapienza,https://www.booking.com/searchresults.html?ss=Tor%20Sapienza%2C%20Rome%2C%20Italy,"Tor Sapienza, Rome, Italy","Tor Sapienza, Rome, Italy",PASS,PASS,MANUAL_VERIFICATION_REQUIRED,NOT_ATTRIBUTED_BY_CURRENT_CODE,UNVERIFIED,
roma/tor-tre-teste,https://www.booking.com/searchresults.html?ss=Tor%20Tre%20Teste%2C%20Rome%2C%20Italy,"Tor Tre Teste, Rome, Italy","Tor Tre Teste, Rome, Italy",PASS,PASS,MANUAL_VERIFICATION_REQUIRED,NOT_ATTRIBUTED_BY_CURRENT_CODE,UNVERIFIED,
roma/tor-di-quinto,https://www.booking.com/searchresults.html?ss=Tor%20di%20Quinto%2C%20Rome%2C%20Italy,"Tor di Quinto, Rome, Italy","Tor di Quinto, Rome, Italy",PASS,PASS,MANUAL_VERIFICATION_REQUIRED,NOT_ATTRIBUTED_BY_CURRENT_CODE,UNVERIFIED,
roma/tor-di-valle,https://www.booking.com/searchresults.html?ss=Tor%20di%20Valle%2C%20Rome%2C%20Italy,"Tor di Valle, Rome, Italy","Tor di Valle, Rome, Italy",PASS,PASS,MANUAL_VERIFICATION_REQUIRED,NOT_ATTRIBUTED_BY_CURRENT_CODE,UNVERIFIED,
roma/tormarancia,https://www.booking.com/searchresults.html?ss=Tormarancia%2C%20Rome%2C%20Italy,"Tormarancia, Rome, Italy","Tormarancia, Rome, Italy",PASS,PASS,MANUAL_VERIFICATION_REQUIRED,NOT_ATTRIBUTED_BY_CURRENT_CODE,UNVERIFIED,
roma/torpignattara,https://www.booking.com/searchresults.html?ss=Torpignattara%2C%20Rome%2C%20Italy,"Torpignattara, Rome, Italy","Torpignattara, Rome, Italy",PASS,PASS,MANUAL_VERIFICATION_REQUIRED,NOT_ATTRIBUTED_BY_CURRENT_CODE,UNVERIFIED,
roma/torre-angela,https://www.booking.com/searchresults.html?ss=Torre%20Angela%2C%20Rome%2C%20Italy,"Torre Angela, Rome, Italy","Torre Angela, Rome, Italy",PASS,PASS,MANUAL_VERIFICATION_REQUIRED,NOT_ATTRIBUTED_BY_CURRENT_CODE,UNVERIFIED,
roma/torre-maura,https://www.booking.com/searchresults.html?ss=Torre%20Maura%2C%20Rome%2C%20Italy,"Torre Maura, Rome, Italy","Torre Maura, Rome, Italy",PASS,PASS,MANUAL_VERIFICATION_REQUIRED,NOT_ATTRIBUTED_BY_CURRENT_CODE,UNVERIFIED,
roma/torrespaccata,https://www.booking.com/searchresults.html?ss=Torrespaccata%2C%20Rome%2C%20Italy,"Torrespaccata, Rome, Italy","Torrespaccata, Rome, Italy",PASS,PASS,MANUAL_VERIFICATION_REQUIRED,NOT_ATTRIBUTED_BY_CURRENT_CODE,UNVERIFIED,
roma/torrino,https://www.booking.com/searchresults.html?ss=Torrino%2C%20Rome%2C%20Italy,"Torrino, Rome, Italy","Torrino, Rome, Italy",PASS,PASS,MANUAL_VERIFICATION_REQUIRED,NOT_ATTRIBUTED_BY_CURRENT_CODE,UNVERIFIED,
roma/trastevere,https://www.booking.com/searchresults.html?ss=Trastevere%2C%20Rome%2C%20Italy,"Trastevere, Rome, Italy","Trastevere, Rome, Italy",PASS,PASS,MANUAL_VERIFICATION_REQUIRED,NOT_ATTRIBUTED_BY_CURRENT_CODE,UNVERIFIED,
roma/tre-fontane,https://www.booking.com/searchresults.html?ss=Tre%20Fontane%2C%20Rome%2C%20Italy,"Tre Fontane, Rome, Italy","Tre Fontane, Rome, Italy",PASS,PASS,MANUAL_VERIFICATION_REQUIRED,NOT_ATTRIBUTED_BY_CURRENT_CODE,UNVERIFIED,
roma/trieste,https://www.booking.com/searchresults.html?ss=Trieste%2C%20Rome%2C%20Italy,"Trieste, Rome, Italy","Trieste, Rome, Italy",PASS,PASS,MANUAL_VERIFICATION_REQUIRED,NOT_ATTRIBUTED_BY_CURRENT_CODE,UNVERIFIED,
roma/trionfale,https://www.booking.com/searchresults.html?ss=Trionfale%2C%20Rome%2C%20Italy,"Trionfale, Rome, Italy","Trionfale, Rome, Italy",PASS,PASS,MANUAL_VERIFICATION_REQUIRED,NOT_ATTRIBUTED_BY_CURRENT_CODE,UNVERIFIED,
roma/trullo,https://www.booking.com/searchresults.html?ss=Trullo%2C%20Rome%2C%20Italy,"Trullo, Rome, Italy","Trullo, Rome, Italy",PASS,PASS,MANUAL_VERIFICATION_REQUIRED,NOT_ATTRIBUTED_BY_CURRENT_CODE,UNVERIFIED,
roma/tufello,https://www.booking.com/searchresults.html?ss=Tufello%2C%20Rome%2C%20Italy,"Tufello, Rome, Italy","Tufello, Rome, Italy",PASS,PASS,MANUAL_VERIFICATION_REQUIRED,NOT_ATTRIBUTED_BY_CURRENT_CODE,UNVERIFIED,
roma/tuscolano-nord,https://www.booking.com/searchresults.html?ss=Tuscolano%20Nord%2C%20Rome%2C%20Italy,"Tuscolano Nord, Rome, Italy","Tuscolano Nord, Rome, Italy",PASS,PASS,MANUAL_VERIFICATION_REQUIRED,NOT_ATTRIBUTED_BY_CURRENT_CODE,UNVERIFIED,
roma/tuscolano-sud,https://www.booking.com/searchresults.html?ss=Cinecitt%C3%A0%2C%20Rome%2C%20Italy,"Cinecittà, Rome, Italy","Cinecittà, Rome, Italy",PASS,PASS,MANUAL_VERIFICATION_REQUIRED,NOT_ATTRIBUTED_BY_CURRENT_CODE,UNVERIFIED,
roma/universita,https://www.booking.com/searchresults.html?ss=Sapienza%20University%2C%20Rome%2C%20Italy,"Sapienza University, Rome, Italy","Sapienza University, Rome, Italy",PASS,PASS,MANUAL_VERIFICATION_REQUIRED,NOT_ATTRIBUTED_BY_CURRENT_CODE,UNVERIFIED,
roma/val-cannuta,https://www.booking.com/searchresults.html?ss=Val%20Cannuta%2C%20Rome%2C%20Italy,"Val Cannuta, Rome, Italy","Val Cannuta, Rome, Italy",PASS,PASS,MANUAL_VERIFICATION_REQUIRED,NOT_ATTRIBUTED_BY_CURRENT_CODE,UNVERIFIED,
roma/val-melaina,https://www.booking.com/searchresults.html?ss=Val%20Melaina%2C%20Rome%2C%20Italy,"Val Melaina, Rome, Italy","Val Melaina, Rome, Italy",PASS,PASS,MANUAL_VERIFICATION_REQUIRED,NOT_ATTRIBUTED_BY_CURRENT_CODE,UNVERIFIED,
roma/valco-s-paolo,https://www.booking.com/searchresults.html?ss=Valco%20San%20Paolo%2C%20Rome%2C%20Italy,"Valco San Paolo, Rome, Italy","Valco San Paolo, Rome, Italy",PASS,PASS,MANUAL_VERIFICATION_REQUIRED,NOT_ATTRIBUTED_BY_CURRENT_CODE,UNVERIFIED,
roma/vallerano-castel-di-leva,https://www.booking.com/searchresults.html?ss=Vallerano%20Castel%20di%20Leva%2C%20Rome%2C%20Italy,"Vallerano Castel di Leva, Rome, Italy","Vallerano Castel di Leva, Rome, Italy",PASS,PASS,MANUAL_VERIFICATION_REQUIRED,NOT_ATTRIBUTED_BY_CURRENT_CODE,UNVERIFIED,
roma/verano,https://www.booking.com/searchresults.html?ss=Verano%2C%20Rome%2C%20Italy,"Verano, Rome, Italy","Verano, Rome, Italy",PASS,PASS,MANUAL_VERIFICATION_REQUIRED,NOT_ATTRIBUTED_BY_CURRENT_CODE,UNVERIFIED,
roma/villa-ada,https://www.booking.com/searchresults.html?ss=Villa%20Ada%2C%20Rome%2C%20Italy,"Villa Ada, Rome, Italy","Villa Ada, Rome, Italy",PASS,PASS,MANUAL_VERIFICATION_REQUIRED,NOT_ATTRIBUTED_BY_CURRENT_CODE,UNVERIFIED,
roma/villa-borghese,https://www.booking.com/searchresults.html?ss=Villa%20Borghese%2C%20Rome%2C%20Italy,"Villa Borghese, Rome, Italy","Villa Borghese, Rome, Italy",PASS,PASS,MANUAL_VERIFICATION_REQUIRED,NOT_ATTRIBUTED_BY_CURRENT_CODE,UNVERIFIED,
roma/villa-pamphili,https://www.booking.com/searchresults.html?ss=Villa%20Doria%20Pamphilj%2C%20Rome%2C%20Italy,"Villa Doria Pamphilj, Rome, Italy","Villa Doria Pamphilj, Rome, Italy",PASS,PASS,MANUAL_VERIFICATION_REQUIRED,NOT_ATTRIBUTED_BY_CURRENT_CODE,UNVERIFIED,
roma/villaggio-giuliano,https://www.booking.com/searchresults.html?ss=Villaggio%20Giuliano%2C%20Rome%2C%20Italy,"Villaggio Giuliano, Rome, Italy","Villaggio Giuliano, Rome, Italy",PASS,PASS,MANUAL_VERIFICATION_REQUIRED,NOT_ATTRIBUTED_BY_CURRENT_CODE,UNVERIFIED,
roma/villaggio-olimpico,https://www.booking.com/searchresults.html?ss=Villaggio%20Olimpico%2C%20Rome%2C%20Italy,"Villaggio Olimpico, Rome, Italy","Villaggio Olimpico, Rome, Italy",PASS,PASS,MANUAL_VERIFICATION_REQUIRED,NOT_ATTRIBUTED_BY_CURRENT_CODE,UNVERIFIED,
roma/xx-settembre,https://www.booking.com/searchresults.html?ss=XX%20Settembre%2C%20Rome%2C%20Italy,"XX Settembre, Rome, Italy","XX Settembre, Rome, Italy",PASS,PASS,MANUAL_VERIFICATION_REQUIRED,NOT_ATTRIBUTED_BY_CURRENT_CODE,UNVERIFIED,
roma/zona-archeologica,https://www.booking.com/searchresults.html?ss=Zona%20Archeologica%2C%20Rome%2C%20Italy,"Zona Archeologica, Rome, Italy","Zona Archeologica, Rome, Italy",PASS,PASS,MANUAL_VERIFICATION_REQUIRED,NOT_ATTRIBUTED_BY_CURRENT_CODE,UNVERIFIED,
stockholm/bromma,https://www.booking.com/searchresults.html?ss=Bromma%2C%20Stockholm%2C%20Sweden,"Bromma, Stockholm, Sweden","Bromma, Stockholm, Sweden",PASS,PASS,MANUAL_VERIFICATION_REQUIRED,NOT_ATTRIBUTED_BY_CURRENT_CODE,UNVERIFIED,
stockholm/enskede-arsta-vantor,https://www.booking.com/searchresults.html?ss=Enskede-%C3%85rsta-Vant%C3%B6r%2C%20Stockholm%2C%20Sweden,"Enskede-Årsta-Vantör, Stockholm, Sweden","Enskede-Årsta-Vantör, Stockholm, Sweden",PASS,PASS,MANUAL_VERIFICATION_REQUIRED,NOT_ATTRIBUTED_BY_CURRENT_CODE,UNVERIFIED,
stockholm/farsta,https://www.booking.com/searchresults.html?ss=Farsta%2C%20Stockholm%2C%20Sweden,"Farsta, Stockholm, Sweden","Farsta, Stockholm, Sweden",PASS,PASS,MANUAL_VERIFICATION_REQUIRED,NOT_ATTRIBUTED_BY_CURRENT_CODE,UNVERIFIED,
stockholm/hagersten-alvsjo,https://www.booking.com/searchresults.html?ss=H%C3%A4gersten-%C3%84lvsj%C3%B6%2C%20Stockholm%2C%20Sweden,"Hägersten-Älvsjö, Stockholm, Sweden","Hägersten-Älvsjö, Stockholm, Sweden",PASS,PASS,MANUAL_VERIFICATION_REQUIRED,NOT_ATTRIBUTED_BY_CURRENT_CODE,UNVERIFIED,
stockholm/hasselby-vallingby,https://www.booking.com/searchresults.html?ss=H%C3%A4sselby-V%C3%A4llingby%2C%20Stockholm%2C%20Sweden,"Hässelby-Vällingby, Stockholm, Sweden","Hässelby-Vällingby, Stockholm, Sweden",PASS,PASS,MANUAL_VERIFICATION_REQUIRED,NOT_ATTRIBUTED_BY_CURRENT_CODE,UNVERIFIED,
stockholm/jarva,https://www.booking.com/searchresults.html?ss=J%C3%A4rva%2C%20Stockholm%2C%20Sweden,"Järva, Stockholm, Sweden","Järva, Stockholm, Sweden",PASS,PASS,MANUAL_VERIFICATION_REQUIRED,NOT_ATTRIBUTED_BY_CURRENT_CODE,UNVERIFIED,
stockholm/kungsholmen,https://www.booking.com/searchresults.html?ss=Kungsholmen%2C%20Stockholm%2C%20Sweden,"Kungsholmen, Stockholm, Sweden","Kungsholmen, Stockholm, Sweden",PASS,PASS,MANUAL_VERIFICATION_REQUIRED,NOT_ATTRIBUTED_BY_CURRENT_CODE,UNVERIFIED,
stockholm/norra-innerstaden,https://www.booking.com/searchresults.html?ss=Norra%20innerstaden%2C%20Stockholm%2C%20Sweden,"Norra innerstaden, Stockholm, Sweden","Norra innerstaden, Stockholm, Sweden",PASS,PASS,MANUAL_VERIFICATION_REQUIRED,NOT_ATTRIBUTED_BY_CURRENT_CODE,UNVERIFIED,
stockholm/skarpnack,https://www.booking.com/searchresults.html?ss=Skarpn%C3%A4ck%2C%20Stockholm%2C%20Sweden,"Skarpnäck, Stockholm, Sweden","Skarpnäck, Stockholm, Sweden",PASS,PASS,MANUAL_VERIFICATION_REQUIRED,NOT_ATTRIBUTED_BY_CURRENT_CODE,UNVERIFIED,
stockholm/skarholmen,https://www.booking.com/searchresults.html?ss=Sk%C3%A4rholmen%2C%20Stockholm%2C%20Sweden,"Skärholmen, Stockholm, Sweden","Skärholmen, Stockholm, Sweden",PASS,PASS,MANUAL_VERIFICATION_REQUIRED,NOT_ATTRIBUTED_BY_CURRENT_CODE,UNVERIFIED,
stockholm/sodermalm,https://www.booking.com/searchresults.html?ss=S%C3%B6dermalm%2C%20Stockholm%2C%20Sweden,"Södermalm, Stockholm, Sweden","Södermalm, Stockholm, Sweden",PASS,PASS,MANUAL_VERIFICATION_REQUIRED,NOT_ATTRIBUTED_BY_CURRENT_CODE,UNVERIFIED,
torino/centro,https://www.booking.com/searchresults.html?ss=Centro%2C%20Turin%2C%20Italy,"Centro, Turin, Italy","Centro, Turin, Italy",PASS,PASS,MANUAL_VERIFICATION_REQUIRED,NOT_ATTRIBUTED_BY_CURRENT_CODE,UNVERIFIED,
torino/san-salvario,https://www.booking.com/searchresults.html?ss=San%20Salvario%2C%20Turin%2C%20Italy,"San Salvario, Turin, Italy","San Salvario, Turin, Italy",PASS,PASS,MANUAL_VERIFICATION_REQUIRED,NOT_ATTRIBUTED_BY_CURRENT_CODE,UNVERIFIED,
torino/crocetta,https://www.booking.com/searchresults.html?ss=Crocetta%2C%20Turin%2C%20Italy,"Crocetta, Turin, Italy","Crocetta, Turin, Italy",PASS,PASS,MANUAL_VERIFICATION_REQUIRED,NOT_ATTRIBUTED_BY_CURRENT_CODE,UNVERIFIED,
torino/vanchiglia,https://www.booking.com/searchresults.html?ss=Vanchiglia%2C%20Turin%2C%20Italy,"Vanchiglia, Turin, Italy","Vanchiglia, Turin, Italy",PASS,PASS,MANUAL_VERIFICATION_REQUIRED,NOT_ATTRIBUTED_BY_CURRENT_CODE,UNVERIFIED,
torino/aurora,https://www.booking.com/searchresults.html?ss=Aurora%2C%20Turin%2C%20Italy,"Aurora, Turin, Italy","Aurora, Turin, Italy",PASS,PASS,MANUAL_VERIFICATION_REQUIRED,NOT_ATTRIBUTED_BY_CURRENT_CODE,UNVERIFIED,
torino/borgo-po-e-cavoretto,https://www.booking.com/searchresults.html?ss=Borgo%20Po%20e%20Cavoretto%2C%20Turin%2C%20Italy,"Borgo Po e Cavoretto, Turin, Italy","Borgo Po e Cavoretto, Turin, Italy",PASS,PASS,MANUAL_VERIFICATION_REQUIRED,NOT_ATTRIBUTED_BY_CURRENT_CODE,UNVERIFIED,
torino/madonna-del-pilone,https://www.booking.com/searchresults.html?ss=Madonna%20del%20Pilone%2C%20Turin%2C%20Italy,"Madonna del Pilone, Turin, Italy","Madonna del Pilone, Turin, Italy",PASS,PASS,MANUAL_VERIFICATION_REQUIRED,NOT_ATTRIBUTED_BY_CURRENT_CODE,UNVERIFIED,
torino/san-donato,https://www.booking.com/searchresults.html?ss=San%20Donato%2C%20Turin%2C%20Italy,"San Donato, Turin, Italy","San Donato, Turin, Italy",PASS,PASS,MANUAL_VERIFICATION_REQUIRED,NOT_ATTRIBUTED_BY_CURRENT_CODE,UNVERIFIED,
torino/cenisia,https://www.booking.com/searchresults.html?ss=Cenisia%2C%20Turin%2C%20Italy,"Cenisia, Turin, Italy","Cenisia, Turin, Italy",PASS,PASS,MANUAL_VERIFICATION_REQUIRED,NOT_ATTRIBUTED_BY_CURRENT_CODE,UNVERIFIED,
torino/madonna-di-campagna,https://www.booking.com/searchresults.html?ss=Madonna%20di%20Campagna%2C%20Turin%2C%20Italy,"Madonna di Campagna, Turin, Italy","Madonna di Campagna, Turin, Italy",PASS,PASS,MANUAL_VERIFICATION_REQUIRED,NOT_ATTRIBUTED_BY_CURRENT_CODE,UNVERIFIED,
torino/borgata-vittoria,https://www.booking.com/searchresults.html?ss=Borgata%20Vittoria%2C%20Turin%2C%20Italy,"Borgata Vittoria, Turin, Italy","Borgata Vittoria, Turin, Italy",PASS,PASS,MANUAL_VERIFICATION_REQUIRED,NOT_ATTRIBUTED_BY_CURRENT_CODE,UNVERIFIED,
torino/pozzo-strada,https://www.booking.com/searchresults.html?ss=Pozzo%20Strada%2C%20Turin%2C%20Italy,"Pozzo Strada, Turin, Italy","Pozzo Strada, Turin, Italy",PASS,PASS,MANUAL_VERIFICATION_REQUIRED,NOT_ATTRIBUTED_BY_CURRENT_CODE,UNVERIFIED,
torino/barriera-di-milano,https://www.booking.com/searchresults.html?ss=Barriera%20di%20Milano%2C%20Turin%2C%20Italy,"Barriera di Milano, Turin, Italy","Barriera di Milano, Turin, Italy",PASS,PASS,MANUAL_VERIFICATION_REQUIRED,NOT_ATTRIBUTED_BY_CURRENT_CODE,UNVERIFIED,
torino/regio-parco,https://www.booking.com/searchresults.html?ss=Regio%20Parco%2C%20Turin%2C%20Italy,"Regio Parco, Turin, Italy","Regio Parco, Turin, Italy",PASS,PASS,MANUAL_VERIFICATION_REQUIRED,NOT_ATTRIBUTED_BY_CURRENT_CODE,UNVERIFIED,
torino/falchera,https://www.booking.com/searchresults.html?ss=Falchera%2C%20Turin%2C%20Italy,"Falchera, Turin, Italy","Falchera, Turin, Italy",PASS,PASS,MANUAL_VERIFICATION_REQUIRED,NOT_ATTRIBUTED_BY_CURRENT_CODE,UNVERIFIED,
torino/le-vallette,https://www.booking.com/searchresults.html?ss=Le%20Vallette%2C%20Turin%2C%20Italy,"Le Vallette, Turin, Italy","Le Vallette, Turin, Italy",PASS,PASS,MANUAL_VERIFICATION_REQUIRED,NOT_ATTRIBUTED_BY_CURRENT_CODE,UNVERIFIED,
torino/mirafiori-sud,https://www.booking.com/searchresults.html?ss=Mirafiori%20Sud%2C%20Turin%2C%20Italy,"Mirafiori Sud, Turin, Italy","Mirafiori Sud, Turin, Italy",PASS,PASS,MANUAL_VERIFICATION_REQUIRED,NOT_ATTRIBUTED_BY_CURRENT_CODE,UNVERIFIED,
torino/mercati-generali,https://www.booking.com/searchresults.html?ss=Mercati%20generali%2C%20Turin%2C%20Italy,"Mercati generali, Turin, Italy","Mercati generali, Turin, Italy",PASS,PASS,MANUAL_VERIFICATION_REQUIRED,NOT_ATTRIBUTED_BY_CURRENT_CODE,UNVERIFIED,
torino/parella,https://www.booking.com/searchresults.html?ss=Parella%2C%20Turin%2C%20Italy,"Parella, Turin, Italy","Parella, Turin, Italy",PASS,PASS,MANUAL_VERIFICATION_REQUIRED,NOT_ATTRIBUTED_BY_CURRENT_CODE,UNVERIFIED,
torino/san-paolo-borgo-san-paolo-cit-turin,https://www.booking.com/searchresults.html?ss=San%20Paolo%2C%20Turin%2C%20Italy,"San Paolo, Turin, Italy","San Paolo, Turin, Italy",PASS,PASS,MANUAL_VERIFICATION_REQUIRED,NOT_ATTRIBUTED_BY_CURRENT_CODE,UNVERIFIED,
torino/santa-rita,https://www.booking.com/searchresults.html?ss=Santa%20Rita%2C%20Turin%2C%20Italy,"Santa Rita, Turin, Italy","Santa Rita, Turin, Italy",PASS,PASS,MANUAL_VERIFICATION_REQUIRED,NOT_ATTRIBUTED_BY_CURRENT_CODE,UNVERIFIED,
torino/nizza-millefonti-lingotto,https://www.booking.com/searchresults.html?ss=Nizza%20Millefonti%20/%20Lingotto%2C%20Turin%2C%20Italy,"Nizza Millefonti / Lingotto, Turin, Italy","Nizza Millefonti / Lingotto, Turin, Italy",PASS,PASS,MANUAL_VERIFICATION_REQUIRED,NOT_ATTRIBUTED_BY_CURRENT_CODE,UNVERIFIED,
torino/mirafiori-nord,https://www.booking.com/searchresults.html?ss=Mirafiori%20Nord%2C%20Turin%2C%20Italy,"Mirafiori Nord, Turin, Italy","Mirafiori Nord, Turin, Italy",PASS,PASS,MANUAL_VERIFICATION_REQUIRED,NOT_ATTRIBUTED_BY_CURRENT_CODE,UNVERIFIED,
venezia/chirignago-zelarino,https://www.booking.com/searchresults.html?ss=Chirignago%2C%20Venice%2C%20Italy,"Chirignago, Venice, Italy","Chirignago, Venice, Italy",PASS,PASS,MANUAL_VERIFICATION_REQUIRED,NOT_ATTRIBUTED_BY_CURRENT_CODE,UNVERIFIED,
venezia/favaro-veneto,https://www.booking.com/searchresults.html?ss=Favaro%20Veneto%2C%20Venice%2C%20Italy,"Favaro Veneto, Venice, Italy","Favaro Veneto, Venice, Italy",PASS,PASS,MANUAL_VERIFICATION_REQUIRED,NOT_ATTRIBUTED_BY_CURRENT_CODE,UNVERIFIED,
venezia/lido-pellestrina,https://www.booking.com/searchresults.html?ss=Lido%20di%20Venezia%2C%20Venice%2C%20Italy,"Lido di Venezia, Venice, Italy","Lido di Venezia, Venice, Italy",PASS,PASS,MANUAL_VERIFICATION_REQUIRED,NOT_ATTRIBUTED_BY_CURRENT_CODE,UNVERIFIED,
venezia/marghera,https://www.booking.com/searchresults.html?ss=Marghera%2C%20Venice%2C%20Italy,"Marghera, Venice, Italy","Marghera, Venice, Italy",PASS,PASS,MANUAL_VERIFICATION_REQUIRED,NOT_ATTRIBUTED_BY_CURRENT_CODE,UNVERIFIED,
venezia/mestre-carpenedo,https://www.booking.com/searchresults.html?ss=Mestre%2C%20Venice%2C%20Italy,"Mestre, Venice, Italy","Mestre, Venice, Italy",PASS,PASS,MANUAL_VERIFICATION_REQUIRED,NOT_ATTRIBUTED_BY_CURRENT_CODE,UNVERIFIED,
venezia/venezia-murano-burano,https://www.booking.com/searchresults.html?ss=Venice%2C%20Italy,"Venice, Italy","Venice, Italy",PASS,PASS,MANUAL_VERIFICATION_REQUIRED,NOT_ATTRIBUTED_BY_CURRENT_CODE,UNVERIFIED,
vienna/innere-stadt,https://www.booking.com/searchresults.html?ss=Innere%20Stadt%2C%20Vienna%2C%20Austria,"Innere Stadt, Vienna, Austria","Innere Stadt, Vienna, Austria",PASS,PASS,MANUAL_VERIFICATION_REQUIRED,NOT_ATTRIBUTED_BY_CURRENT_CODE,UNVERIFIED,
vienna/leopoldstadt,https://www.booking.com/searchresults.html?ss=Leopoldstadt%2C%20Vienna%2C%20Austria,"Leopoldstadt, Vienna, Austria","Leopoldstadt, Vienna, Austria",PASS,PASS,MANUAL_VERIFICATION_REQUIRED,NOT_ATTRIBUTED_BY_CURRENT_CODE,UNVERIFIED,
vienna/landstrasse,https://www.booking.com/searchresults.html?ss=Landstra%C3%9Fe%2C%20Vienna%2C%20Austria,"Landstraße, Vienna, Austria","Landstraße, Vienna, Austria",PASS,PASS,MANUAL_VERIFICATION_REQUIRED,NOT_ATTRIBUTED_BY_CURRENT_CODE,UNVERIFIED,
vienna/wieden,https://www.booking.com/searchresults.html?ss=Wieden%2C%20Vienna%2C%20Austria,"Wieden, Vienna, Austria","Wieden, Vienna, Austria",PASS,PASS,MANUAL_VERIFICATION_REQUIRED,NOT_ATTRIBUTED_BY_CURRENT_CODE,UNVERIFIED,
vienna/margareten,https://www.booking.com/searchresults.html?ss=Margareten%2C%20Vienna%2C%20Austria,"Margareten, Vienna, Austria","Margareten, Vienna, Austria",PASS,PASS,MANUAL_VERIFICATION_REQUIRED,NOT_ATTRIBUTED_BY_CURRENT_CODE,UNVERIFIED,
vienna/mariahilf,https://www.booking.com/searchresults.html?ss=Mariahilf%2C%20Vienna%2C%20Austria,"Mariahilf, Vienna, Austria","Mariahilf, Vienna, Austria",PASS,PASS,MANUAL_VERIFICATION_REQUIRED,NOT_ATTRIBUTED_BY_CURRENT_CODE,UNVERIFIED,
vienna/neubau,https://www.booking.com/searchresults.html?ss=Neubau%2C%20Vienna%2C%20Austria,"Neubau, Vienna, Austria","Neubau, Vienna, Austria",PASS,PASS,MANUAL_VERIFICATION_REQUIRED,NOT_ATTRIBUTED_BY_CURRENT_CODE,UNVERIFIED,
vienna/josefstadt,https://www.booking.com/searchresults.html?ss=Josefstadt%2C%20Vienna%2C%20Austria,"Josefstadt, Vienna, Austria","Josefstadt, Vienna, Austria",PASS,PASS,MANUAL_VERIFICATION_REQUIRED,NOT_ATTRIBUTED_BY_CURRENT_CODE,UNVERIFIED,
vienna/alsergrund,https://www.booking.com/searchresults.html?ss=Alsergrund%2C%20Vienna%2C%20Austria,"Alsergrund, Vienna, Austria","Alsergrund, Vienna, Austria",PASS,PASS,MANUAL_VERIFICATION_REQUIRED,NOT_ATTRIBUTED_BY_CURRENT_CODE,UNVERIFIED,
vienna/favoriten,https://www.booking.com/searchresults.html?ss=Favoriten%2C%20Vienna%2C%20Austria,"Favoriten, Vienna, Austria","Favoriten, Vienna, Austria",PASS,PASS,MANUAL_VERIFICATION_REQUIRED,NOT_ATTRIBUTED_BY_CURRENT_CODE,UNVERIFIED,
vienna/simmering,https://www.booking.com/searchresults.html?ss=Simmering%2C%20Vienna%2C%20Austria,"Simmering, Vienna, Austria","Simmering, Vienna, Austria",PASS,PASS,MANUAL_VERIFICATION_REQUIRED,NOT_ATTRIBUTED_BY_CURRENT_CODE,UNVERIFIED,
vienna/meidling,https://www.booking.com/searchresults.html?ss=Meidling%2C%20Vienna%2C%20Austria,"Meidling, Vienna, Austria","Meidling, Vienna, Austria",PASS,PASS,MANUAL_VERIFICATION_REQUIRED,NOT_ATTRIBUTED_BY_CURRENT_CODE,UNVERIFIED,
vienna/hietzing,https://www.booking.com/searchresults.html?ss=Hietzing%2C%20Vienna%2C%20Austria,"Hietzing, Vienna, Austria","Hietzing, Vienna, Austria",PASS,PASS,MANUAL_VERIFICATION_REQUIRED,NOT_ATTRIBUTED_BY_CURRENT_CODE,UNVERIFIED,
vienna/penzing,https://www.booking.com/searchresults.html?ss=Penzing%2C%20Vienna%2C%20Austria,"Penzing, Vienna, Austria","Penzing, Vienna, Austria",PASS,PASS,MANUAL_VERIFICATION_REQUIRED,NOT_ATTRIBUTED_BY_CURRENT_CODE,UNVERIFIED,
vienna/rudolfsheim-fuenfhaus,https://www.booking.com/searchresults.html?ss=Rudolfsheim-F%C3%BCnfhaus%2C%20Vienna%2C%20Austria,"Rudolfsheim-Fünfhaus, Vienna, Austria","Rudolfsheim-Fünfhaus, Vienna, Austria",PASS,PASS,MANUAL_VERIFICATION_REQUIRED,NOT_ATTRIBUTED_BY_CURRENT_CODE,UNVERIFIED,
vienna/ottakring,https://www.booking.com/searchresults.html?ss=Ottakring%2C%20Vienna%2C%20Austria,"Ottakring, Vienna, Austria","Ottakring, Vienna, Austria",PASS,PASS,MANUAL_VERIFICATION_REQUIRED,NOT_ATTRIBUTED_BY_CURRENT_CODE,UNVERIFIED,
vienna/hernals,https://www.booking.com/searchresults.html?ss=Hernals%2C%20Vienna%2C%20Austria,"Hernals, Vienna, Austria","Hernals, Vienna, Austria",PASS,PASS,MANUAL_VERIFICATION_REQUIRED,NOT_ATTRIBUTED_BY_CURRENT_CODE,UNVERIFIED,
vienna/waehring,https://www.booking.com/searchresults.html?ss=W%C3%A4hring%2C%20Vienna%2C%20Austria,"Währing, Vienna, Austria","Währing, Vienna, Austria",PASS,PASS,MANUAL_VERIFICATION_REQUIRED,NOT_ATTRIBUTED_BY_CURRENT_CODE,UNVERIFIED,
vienna/doebling,https://www.booking.com/searchresults.html?ss=D%C3%B6bling%2C%20Vienna%2C%20Austria,"Döbling, Vienna, Austria","Döbling, Vienna, Austria",PASS,PASS,MANUAL_VERIFICATION_REQUIRED,NOT_ATTRIBUTED_BY_CURRENT_CODE,UNVERIFIED,
vienna/brigittenau,https://www.booking.com/searchresults.html?ss=Brigittenau%2C%20Vienna%2C%20Austria,"Brigittenau, Vienna, Austria","Brigittenau, Vienna, Austria",PASS,PASS,MANUAL_VERIFICATION_REQUIRED,NOT_ATTRIBUTED_BY_CURRENT_CODE,UNVERIFIED,
vienna/floridsdorf,https://www.booking.com/searchresults.html?ss=Floridsdorf%2C%20Vienna%2C%20Austria,"Floridsdorf, Vienna, Austria","Floridsdorf, Vienna, Austria",PASS,PASS,MANUAL_VERIFICATION_REQUIRED,NOT_ATTRIBUTED_BY_CURRENT_CODE,UNVERIFIED,
vienna/donaustadt,https://www.booking.com/searchresults.html?ss=Donaustadt%2C%20Vienna%2C%20Austria,"Donaustadt, Vienna, Austria","Donaustadt, Vienna, Austria",PASS,PASS,MANUAL_VERIFICATION_REQUIRED,NOT_ATTRIBUTED_BY_CURRENT_CODE,UNVERIFIED,
vienna/liesing,https://www.booking.com/searchresults.html?ss=Liesing%2C%20Vienna%2C%20Austria,"Liesing, Vienna, Austria","Liesing, Vienna, Austria",PASS,PASS,MANUAL_VERIFICATION_REQUIRED,NOT_ATTRIBUTED_BY_CURRENT_CODE,UNVERIFIED,
zurigo/alt-wiedikon,https://www.booking.com/searchresults.html?ss=Alt-Wiedikon%2C%20Zurich%2C%20Switzerland,"Alt-Wiedikon, Zurich, Switzerland","Alt-Wiedikon, Zurich, Switzerland",PASS,PASS,MANUAL_VERIFICATION_REQUIRED,NOT_ATTRIBUTED_BY_CURRENT_CODE,UNVERIFIED,
zurigo/witikon,https://www.booking.com/searchresults.html?ss=Witikon%2C%20Zurich%2C%20Switzerland,"Witikon, Zurich, Switzerland","Witikon, Zurich, Switzerland",PASS,PASS,MANUAL_VERIFICATION_REQUIRED,NOT_ATTRIBUTED_BY_CURRENT_CODE,UNVERIFIED,
zurigo/langstrasse,https://www.booking.com/searchresults.html?ss=Langstrasse%2C%20Zurich%2C%20Switzerland,"Langstrasse, Zurich, Switzerland","Langstrasse, Zurich, Switzerland",PASS,PASS,MANUAL_VERIFICATION_REQUIRED,NOT_ATTRIBUTED_BY_CURRENT_CODE,UNVERIFIED,
zurigo/escher-wyss,https://www.booking.com/searchresults.html?ss=Escher%20Wyss%2C%20Zurich%2C%20Switzerland,"Escher Wyss, Zurich, Switzerland","Escher Wyss, Zurich, Switzerland",PASS,PASS,MANUAL_VERIFICATION_REQUIRED,NOT_ATTRIBUTED_BY_CURRENT_CODE,UNVERIFIED,
zurigo/enge,https://www.booking.com/searchresults.html?ss=Enge%2C%20Zurich%2C%20Switzerland,"Enge, Zurich, Switzerland","Enge, Zurich, Switzerland",PASS,PASS,MANUAL_VERIFICATION_REQUIRED,NOT_ATTRIBUTED_BY_CURRENT_CODE,UNVERIFIED,
zurigo/weinegg,https://www.booking.com/searchresults.html?ss=Weinegg%2C%20Zurich%2C%20Switzerland,"Weinegg, Zurich, Switzerland","Weinegg, Zurich, Switzerland",PASS,PASS,MANUAL_VERIFICATION_REQUIRED,NOT_ATTRIBUTED_BY_CURRENT_CODE,UNVERIFIED,
zurigo/seefeld,https://www.booking.com/searchresults.html?ss=Seefeld%2C%20Zurich%2C%20Switzerland,"Seefeld, Zurich, Switzerland","Seefeld, Zurich, Switzerland",PASS,PASS,MANUAL_VERIFICATION_REQUIRED,NOT_ATTRIBUTED_BY_CURRENT_CODE,UNVERIFIED,
zurigo/leimbach,https://www.booking.com/searchresults.html?ss=Leimbach%2C%20Zurich%2C%20Switzerland,"Leimbach, Zurich, Switzerland","Leimbach, Zurich, Switzerland",PASS,PASS,MANUAL_VERIFICATION_REQUIRED,NOT_ATTRIBUTED_BY_CURRENT_CODE,UNVERIFIED,
zurigo/wollishofen,https://www.booking.com/searchresults.html?ss=Wollishofen%2C%20Zurich%2C%20Switzerland,"Wollishofen, Zurich, Switzerland","Wollishofen, Zurich, Switzerland",PASS,PASS,MANUAL_VERIFICATION_REQUIRED,NOT_ATTRIBUTED_BY_CURRENT_CODE,UNVERIFIED,
zurigo/muhlebach,https://www.booking.com/searchresults.html?ss=M%C3%BChlebach%2C%20Zurich%2C%20Switzerland,"Mühlebach, Zurich, Switzerland","Mühlebach, Zurich, Switzerland",PASS,PASS,MANUAL_VERIFICATION_REQUIRED,NOT_ATTRIBUTED_BY_CURRENT_CODE,UNVERIFIED,
zurigo/oberstrass,https://www.booking.com/searchresults.html?ss=Oberstrass%2C%20Zurich%2C%20Switzerland,"Oberstrass, Zurich, Switzerland","Oberstrass, Zurich, Switzerland",PASS,PASS,MANUAL_VERIFICATION_REQUIRED,NOT_ATTRIBUTED_BY_CURRENT_CODE,UNVERIFIED,
zurigo/schwamendingen-mitte,https://www.booking.com/searchresults.html?ss=Schwamendingen-Mitte%2C%20Zurich%2C%20Switzerland,"Schwamendingen-Mitte, Zurich, Switzerland","Schwamendingen-Mitte, Zurich, Switzerland",PASS,PASS,MANUAL_VERIFICATION_REQUIRED,NOT_ATTRIBUTED_BY_CURRENT_CODE,UNVERIFIED,
zurigo/fluntern,https://www.booking.com/searchresults.html?ss=Fluntern%2C%20Zurich%2C%20Switzerland,"Fluntern, Zurich, Switzerland","Fluntern, Zurich, Switzerland",PASS,PASS,MANUAL_VERIFICATION_REQUIRED,NOT_ATTRIBUTED_BY_CURRENT_CODE,UNVERIFIED,
zurigo/rathaus,https://www.booking.com/searchresults.html?ss=Rathaus%2C%20Zurich%2C%20Switzerland,"Rathaus, Zurich, Switzerland","Rathaus, Zurich, Switzerland",PASS,PASS,MANUAL_VERIFICATION_REQUIRED,NOT_ATTRIBUTED_BY_CURRENT_CODE,UNVERIFIED,
zurigo/hottingen,https://www.booking.com/searchresults.html?ss=Hottingen%2C%20Zurich%2C%20Switzerland,"Hottingen, Zurich, Switzerland","Hottingen, Zurich, Switzerland",PASS,PASS,MANUAL_VERIFICATION_REQUIRED,NOT_ATTRIBUTED_BY_CURRENT_CODE,UNVERIFIED,
zurigo/city,https://www.booking.com/searchresults.html?ss=City%2C%20Zurich%2C%20Switzerland,"City, Zurich, Switzerland","City, Zurich, Switzerland",PASS,PASS,MANUAL_VERIFICATION_REQUIRED,NOT_ATTRIBUTED_BY_CURRENT_CODE,UNVERIFIED,
zurigo/albisrieden,https://www.booking.com/searchresults.html?ss=Albisrieden%2C%20Zurich%2C%20Switzerland,"Albisrieden, Zurich, Switzerland","Albisrieden, Zurich, Switzerland",PASS,PASS,MANUAL_VERIFICATION_REQUIRED,NOT_ATTRIBUTED_BY_CURRENT_CODE,UNVERIFIED,
zurigo/sihlfeld,https://www.booking.com/searchresults.html?ss=Sihlfeld%2C%20Zurich%2C%20Switzerland,"Sihlfeld, Zurich, Switzerland","Sihlfeld, Zurich, Switzerland",PASS,PASS,MANUAL_VERIFICATION_REQUIRED,NOT_ATTRIBUTED_BY_CURRENT_CODE,UNVERIFIED,
zurigo/affoltern,https://www.booking.com/searchresults.html?ss=Affoltern%2C%20Zurich%2C%20Switzerland,"Affoltern, Zurich, Switzerland","Affoltern, Zurich, Switzerland",PASS,PASS,MANUAL_VERIFICATION_REQUIRED,NOT_ATTRIBUTED_BY_CURRENT_CODE,UNVERIFIED,
zurigo/oerlikon,https://www.booking.com/searchresults.html?ss=Oerlikon%2C%20Zurich%2C%20Switzerland,"Oerlikon, Zurich, Switzerland","Oerlikon, Zurich, Switzerland",PASS,PASS,MANUAL_VERIFICATION_REQUIRED,NOT_ATTRIBUTED_BY_CURRENT_CODE,UNVERIFIED,
zurigo/hongg,https://www.booking.com/searchresults.html?ss=H%C3%B6ngg%2C%20Zurich%2C%20Switzerland,"Höngg, Zurich, Switzerland","Höngg, Zurich, Switzerland",PASS,PASS,MANUAL_VERIFICATION_REQUIRED,NOT_ATTRIBUTED_BY_CURRENT_CODE,UNVERIFIED,
zurigo/wipkingen,https://www.booking.com/searchresults.html?ss=Wipkingen%2C%20Zurich%2C%20Switzerland,"Wipkingen, Zurich, Switzerland","Wipkingen, Zurich, Switzerland",PASS,PASS,MANUAL_VERIFICATION_REQUIRED,NOT_ATTRIBUTED_BY_CURRENT_CODE,UNVERIFIED,
zurigo/hirzenbach,https://www.booking.com/searchresults.html?ss=Hirzenbach%2C%20Zurich%2C%20Switzerland,"Hirzenbach, Zurich, Switzerland","Hirzenbach, Zurich, Switzerland",PASS,PASS,MANUAL_VERIFICATION_REQUIRED,NOT_ATTRIBUTED_BY_CURRENT_CODE,UNVERIFIED,
zurigo/unterstrass,https://www.booking.com/searchresults.html?ss=Unterstrass%2C%20Zurich%2C%20Switzerland,"Unterstrass, Zurich, Switzerland","Unterstrass, Zurich, Switzerland",PASS,PASS,MANUAL_VERIFICATION_REQUIRED,NOT_ATTRIBUTED_BY_CURRENT_CODE,UNVERIFIED,
zurigo/lindenhof,https://www.booking.com/searchresults.html?ss=Lindenhof%2C%20Zurich%2C%20Switzerland,"Lindenhof, Zurich, Switzerland","Lindenhof, Zurich, Switzerland",PASS,PASS,MANUAL_VERIFICATION_REQUIRED,NOT_ATTRIBUTED_BY_CURRENT_CODE,UNVERIFIED,
zurigo/hirslanden,https://www.booking.com/searchresults.html?ss=Hirslanden%2C%20Zurich%2C%20Switzerland,"Hirslanden, Zurich, Switzerland","Hirslanden, Zurich, Switzerland",PASS,PASS,MANUAL_VERIFICATION_REQUIRED,NOT_ATTRIBUTED_BY_CURRENT_CODE,UNVERIFIED,
zurigo/gewerbeschule,https://www.booking.com/searchresults.html?ss=Gewerbeschule%2C%20Zurich%2C%20Switzerland,"Gewerbeschule, Zurich, Switzerland","Gewerbeschule, Zurich, Switzerland",PASS,PASS,MANUAL_VERIFICATION_REQUIRED,NOT_ATTRIBUTED_BY_CURRENT_CODE,UNVERIFIED,
zurigo/werd,https://www.booking.com/searchresults.html?ss=Werd%2C%20Zurich%2C%20Switzerland,"Werd, Zurich, Switzerland","Werd, Zurich, Switzerland",PASS,PASS,MANUAL_VERIFICATION_REQUIRED,NOT_ATTRIBUTED_BY_CURRENT_CODE,UNVERIFIED,
zurigo/altstetten,https://www.booking.com/searchresults.html?ss=Altstetten%2C%20Zurich%2C%20Switzerland,"Altstetten, Zurich, Switzerland","Altstetten, Zurich, Switzerland",PASS,PASS,MANUAL_VERIFICATION_REQUIRED,NOT_ATTRIBUTED_BY_CURRENT_CODE,UNVERIFIED,
zurigo/hard,https://www.booking.com/searchresults.html?ss=Hard%2C%20Zurich%2C%20Switzerland,"Hard, Zurich, Switzerland","Hard, Zurich, Switzerland",PASS,PASS,MANUAL_VERIFICATION_REQUIRED,NOT_ATTRIBUTED_BY_CURRENT_CODE,UNVERIFIED,
zurigo/hochschulen,https://www.booking.com/searchresults.html?ss=Hochschulen%2C%20Zurich%2C%20Switzerland,"Hochschulen, Zurich, Switzerland","Hochschulen, Zurich, Switzerland",PASS,PASS,MANUAL_VERIFICATION_REQUIRED,NOT_ATTRIBUTED_BY_CURRENT_CODE,UNVERIFIED,
zurigo/friesenberg,https://www.booking.com/searchresults.html?ss=Friesenberg%2C%20Zurich%2C%20Switzerland,"Friesenberg, Zurich, Switzerland","Friesenberg, Zurich, Switzerland",PASS,PASS,MANUAL_VERIFICATION_REQUIRED,NOT_ATTRIBUTED_BY_CURRENT_CODE,UNVERIFIED,
zurigo/seebach,https://www.booking.com/searchresults.html?ss=Seebach%2C%20Zurich%2C%20Switzerland,"Seebach, Zurich, Switzerland","Seebach, Zurich, Switzerland",PASS,PASS,MANUAL_VERIFICATION_REQUIRED,NOT_ATTRIBUTED_BY_CURRENT_CODE,UNVERIFIED,
zurigo/saatlen,https://www.booking.com/searchresults.html?ss=Saatlen%2C%20Zurich%2C%20Switzerland,"Saatlen, Zurich, Switzerland","Saatlen, Zurich, Switzerland",PASS,PASS,MANUAL_VERIFICATION_REQUIRED,NOT_ATTRIBUTED_BY_CURRENT_CODE,UNVERIFIED,
